id,case_number,date,block,iucr_code,primary_type,description,location_desc,arrest,domestic,beat_num,district_code,ward_no,community_code,fbi_code,x_coordinate,y_coordinate,year,date_of_update,latitude,longitude,location,Year,Month,DayOfWeek
10000000,SS442871,2022-03-04 07:47:00,78XX N PULASKI RD,740,THEFT,THEFT OVER $500,RESTAURANT,False,False,212,8,15.0,18.0,15,1151489.0,1867491.0,2022,2022-03-13 07:47:00,41.71608165,-87.67342345,"(41.71608165, -87.67342345)",2022,3,Friday
10000001,WW348136,2015-06-27 19:34:00,99XX E HALSTED ST,5003,PUBLIC PEACE VIOLATION,DISORDERLY CONDUCT,RESIDENCE,False,False,711,14,6.0,71.0,07,1185228.0,1853665.0,2015,2015-07-01 19:34:00,41.94851207,-87.62679436,"(41.94851207, -87.62679436)",2015,6,Saturday
10000002,GG525832,2021-03-31 10:20:00,51XX W ASHLAND AVE,910,VANDALISM,CRIMINAL DAMAGE,BAR OR TAVERN,False,True,811,2,15.0,5.0,14,1185895.0,1867010.0,2021,2021-04-27 10:20:00,41.96394084,-87.62984598,"(41.96394084, -87.62984598)",2021,3,Wednesday
10000003,NC685131,2019-04-26 13:29:00,1XX E COTTAGE GROVE AVE,650,MOTOR VEHICLE THEFT,AUTOMOBILE,BAR OR TAVERN,False,False,221,9,36.0,2.0,13,1155577.0,1884781.0,2019,2019-05-13 13:29:00,41.77004756,-87.60771146,"(41.77004756, -87.60771146)",2019,4,Friday
10000004,YT673638,2017-09-07 05:56:00,78XX W PULASKI RD,560,ASSAULT,SIMPLE,"SCHOOL, PUBLIC, BUILDING",False,False,122,3,6.0,63.0,15,1197342.0,1863210.0,2017,2017-09-26 05:56:00,41.72772815,-87.60207475,"(41.72772815, -87.60207475)",2017,9,Thursday
10000005,CR348066,2017-07-26 06:02:00,61XX W PULASKI RD,560,ASSAULT,SIMPLE,GAS STATION,True,False,611,11,5.0,66.0,07,1194119.0,1896096.0,2017,2017-08-23 06:02:00,41.85177018,-87.58299423,"(41.85177018, -87.58299423)",2017,7,Wednesday
10000006,XE039726,2015-11-05 14:55:00,62XX S NORTH AVE,486,BATTERY,DOMESTIC BATTERY AGGRAVATED,HOSPITAL BUILDING/GROUNDS,False,True,1811,19,7.0,7.0,14,1192434.0,1863304.0,2015,2015-12-03 14:55:00,41.98069888,-87.52208991,"(41.98069888, -87.52208991)",2015,11,Thursday
10000007,QK559272,2018-07-08 05:37:00,73XX S STATE ST,1020,WEAPONS VIOLATION,UNLAWFUL POSS OF HANDGUN,RETAIL STORE,False,True,121,18,34.0,21.0,04A,1183760.0,1890235.0,2018,2018-07-24 05:37:00,41.74574749,-87.62148947,"(41.74574749, -87.62148947)",2018,7,Sunday
10000008,YD115267,2021-01-11 10:16:00,2XX E WESTERN AVE,650,MOTOR VEHICLE THEFT,AUTOMOBILE,RESTAURANT,False,False,912,12,5.0,32.0,15,1199192.0,1914567.0,2021,2021-01-16 10:16:00,41.85296539,-87.70924486,"(41.85296539, -87.70924486)",2021,1,Monday
10000009,DI878822,2018-09-28 19:40:00,48XX S DIVISION ST,910,VANDALISM,CRIMINAL DAMAGE,HOSPITAL BUILDING/GROUNDS,False,False,1911,6,48.0,57.0,02,1184550.0,1861924.0,2018,2018-10-07 19:40:00,41.72356216,-87.51648472,"(41.72356216, -87.51648472)",2018,9,Friday
10000010,VW263207,2016-12-26 21:01:00,59XX E BROADWAY,486,BATTERY,DOMESTIC BATTERY AGGRAVATED,BAR OR TAVERN,True,True,621,11,27.0,32.0,06,1151936.0,1887655.0,2016,2017-01-01 21:01:00,41.90038346,-87.68523748,"(41.90038346, -87.68523748)",2016,12,Monday
10000011,LY966195,2017-12-23 03:38:00,67XX S CHICAGO AVE,5003,PUBLIC PEACE VIOLATION,DISORDERLY CONDUCT,GAS STATION,False,False,1121,12,47.0,41.0,01A,1162736.0,1906702.0,2017,2018-01-06 03:38:00,41.80555863,-87.62702359,"(41.80555863, -87.62702359)",2017,12,Saturday
10000012,HR609238,2021-11-26 17:25:00,95XX S HALSTED ST,1200,NARCOTICS,POSS: CANNABIS 30GMS OR LESS,STREET,True,False,511,1,20.0,37.0,14,1172107.0,1867096.0,2021,2021-12-14 17:25:00,41.88641169,-87.66050354,"(41.88641169, -87.66050354)",2021,11,Friday
10000013,RZ598675,2022-10-23 13:25:00,59XX S GRAND AVE,510,ASSAULT,AGGRAVATED: HANDGUN,HOSPITAL BUILDING/GROUNDS,False,False,212,5,42.0,1.0,04A,1173227.0,1894592.0,2022,2022-10-31 13:25:00,41.93123296,-87.59122647,"(41.93123296, -87.59122647)",2022,10,Sunday
10000014,KI408379,2023-09-21 16:40:00,91XX S HALSTED ST,560,ASSAULT,SIMPLE,UNKNOWN,True,False,711,9,29.0,10.0,04B,1157541.0,1880642.0,2023,2023-09-29 16:40:00,41.95790805,-87.7758267,"(41.95790805, -87.7758267)",2023,9,Thursday
10000015,PR048123,2019-09-13 16:47:00,17XX N NORTH AVE,560,ASSAULT,SIMPLE,GAS STATION,True,False,521,22,15.0,63.0,13,1189907.0,1907934.0,2019,2019-10-01 16:47:00,41.80665716,-87.59933791,UNKNOWN,2019,9,Friday
10000016,TE671891,2021-01-18 04:22:00,28XX W CLARK ST,750,THEFT,THEFT $500 AND UNDER,UNKNOWN,False,False,112,24,5.0,6.0,17,1156311.0,1903556.0,2021,2021-01-26 04:22:00,41.69611401,-87.7542853,"(41.69611401, -87.7542853)",2021,1,Monday
10000017,VC968747,2022-01-13 10:44:00,44XX N DIVISION ST,620,BURGLARY,UNLAWFUL ENTRY,RESTAURANT,False,False,221,10,44.0,77.0,19,1183076.0,1855516.0,2022,2022-02-07 10:44:00,41.70232074,-87.64017643,"(41.70232074, -87.64017643)",2022,1,Thursday
10000018,ON124524,2017-10-02 20:05:00,44XX E CLARK ST,730,THEFT,SHOPLIFTING,CTA BUS,False,False,2011,16,16.0,60.0,08A,1159091.0,1866969.0,2017,2017-10-11 20:05:00,41.69861,-87.54471415,"(41.69861, -87.54471415)",2017,10,Monday
10000019,TH575982,2020-12-14 13:47:00,24XX S PULASKI RD,750,THEFT,THEFT $500 AND UNDER,RETAIL STORE,False,False,621,11,26.0,59.0,26,1187144.0,1926070.0,2020,2021-01-01 13:47:00,41.9063853,-87.70533562,"(41.9063853, -87.70533562)",2020,12,Monday
10000020,DV902545,2023-06-11 15:55:00,63XX N STATE ST,650,MOTOR VEHICLE THEFT,AUTOMOBILE,BAR OR TAVERN,False,False,1411,20,19.0,61.0,11,1173886.0,1915769.0,2023,2023-06-12 15:55:00,41.70541302,-87.51768092,"(41.70541302, -87.51768092)",2023,6,Sunday
10000021,SS469766,2023-04-20 07:48:00,5XX S BROADWAY,460,BATTERY,SIMPLE,CTA TRAIN,True,False,211,24,14.0,34.0,08B,1172525.0,1897504.0,2023,2023-04-27 07:48:00,41.71251946,-87.79919728,"(41.71251946, -87.79919728)",2023,4,Thursday
10000022,AF685078,2021-09-03 19:36:00,56XX E CLARK ST,750,THEFT,THEFT $500 AND UNDER,ALLEY,False,False,1221,10,29.0,16.0,02,1174689.0,1856435.0,2021,2021-10-03 19:36:00,41.97280287,-87.64985835,"(41.97280287, -87.64985835)",2021,9,Friday
10000023,IZ459654,2016-01-09 15:26:00,12XX E CLARK ST,740,THEFT,THEFT OVER $500,GROCERY FOOD STORE,False,False,321,11,43.0,14.0,13,1190678.0,1894007.0,2016,2016-01-20 15:26:00,41.77646534,-87.51644194,"(41.77646534, -87.51644194)",2016,1,Saturday
10000024,YH744441,2022-10-31 15:01:00,83XX S FULLERTON AVE,730,THEFT,SHOPLIFTING,OTHER,False,False,712,22,16.0,21.0,04A,1195646.0,1886915.0,2022,2022-11-21 15:01:00,41.71796276,-87.50232286,"(41.71796276, -87.50232286)",2022,10,Monday
10000025,GU077836,2020-09-10 11:00:00,25XX S NORTH AVE,1240,NARCOTICS,POSS: HEROIN(WHITE),PARKING LOT / GARAGE(NON.RESID.),False,False,1511,10,38.0,75.0,09,1188143.0,1880176.0,2020,2020-09-20 11:00:00,41.83530242,-87.70026801,"(41.83530242, -87.70026801)",2020,9,Thursday
10000026,QX456262,2020-11-24 21:00:00,69XX W MADISON ST,560,ASSAULT,SIMPLE,RESIDENCE,False,False,122,5,27.0,20.0,20,1182491.0,1918141.0,2020,2020-12-18 21:00:00,41.79156837,-87.59218862,"(41.79156837, -87.59218862)",2020,11,Tuesday
10000027,XD422089,2015-07-08 12:03:00,80XX S FULLERTON AVE,610,BURGLARY,FORCIBLE ENTRY,ALLEY,False,False,312,12,24.0,56.0,11,1158753.0,1898759.0,2015,2015-07-18 12:03:00,41.89454011,-87.74598293,"(41.89454011, -87.74598293)",2015,7,Wednesday
10000028,VX728212,2018-05-22 09:24:00,2XX N FULLERTON AVE,650,MOTOR VEHICLE THEFT,AUTOMOBILE,PARKING LOT / GARAGE(NON.RESID.),False,False,1011,17,7.0,31.0,08A,1198897.0,1902658.0,2018,2018-06-19 09:24:00,41.98780761,-87.71143077,"(41.98780761, -87.71143077)",2018,5,Tuesday
10000029,TI191987,2016-01-05 21:20:00,33XX W BROADWAY,486,BATTERY,DOMESTIC BATTERY AGGRAVATED,HOSPITAL BUILDING/GROUNDS,False,True,311,15,12.0,26.0,05,1174984.0,1871802.0,2016,2016-01-29 21:20:00,41.95293818,-87.69024274,"(41.95293818, -87.69024274)",2016,1,Tuesday
10000030,DB091253,2021-07-22 13:40:00,90XX E DIVISION ST,650,MOTOR VEHICLE THEFT,AUTOMOBILE,HOSPITAL BUILDING/GROUNDS,True,False,1411,4,44.0,30.0,13,1161068.0,1855057.0,2021,2021-08-03 13:40:00,41.85842221,-87.52542323,"(41.85842221, -87.52542323)",2021,7,Thursday
10000031,RQ507215,2018-02-19 03:23:00,16XX W HALSTED ST,560,ASSAULT,SIMPLE,HOSPITAL BUILDING/GROUNDS,True,False,912,16,29.0,31.0,06,1167933.0,1881851.0,2018,2018-02-26 03:23:00,41.85333976,-87.50664724,UNKNOWN,2018,2,Monday
10000032,TM751590,2016-08-15 23:34:00,17XX W WESTERN AVE,486,BATTERY,DOMESTIC BATTERY AGGRAVATED,BAR OR TAVERN,True,True,311,6,8.0,4.0,02,1166188.0,1863939.0,2016,2016-08-24 23:34:00,41.9269954,-87.72862052,"(41.9269954, -87.72862052)",2016,8,Monday
10000033,UC685848,2022-12-27 21:04:00,59XX W WESTERN AVE,5003,PUBLIC PEACE VIOLATION,DISORDERLY CONDUCT,CTA BUS,True,False,122,3,21.0,19.0,08B,1169045.0,1897791.0,2022,2023-01-25 21:04:00,41.86560941,-87.58635416,"(41.86560941, -87.58635416)",2022,12,Tuesday
10000034,ZP352621,2020-04-26 06:53:00,86XX W STATE ST,5003,PUBLIC PEACE VIOLATION,DISORDERLY CONDUCT,GROCERY FOOD STORE,False,False,912,3,28.0,13.0,10,1166482.0,1859778.0,2020,2020-04-29 06:53:00,41.86593952,-87.63152408,"(41.86593952, -87.63152408)",2020,4,Sunday
10000035,DQ072433,2022-07-27 18:01:00,85XX W HALSTED ST,1310,NARCOTICS,POSS: COCAINE,COMMERCIAL / BUSINESS OFFICE,True,False,112,25,45.0,35.0,17,1150305.0,1919589.0,2022,2022-08-16 18:01:00,41.78269541,-87.6980526,"(41.78269541, -87.6980526)",2022,7,Wednesday
10000036,FY772144,2019-10-03 15:28:00,51XX N MICHIGAN AVE,750,THEFT,THEFT $500 AND UNDER,HOSPITAL BUILDING/GROUNDS,False,True,221,9,14.0,66.0,07,1176346.0,1874673.0,2019,2019-10-17 15:28:00,41.89346537,-87.62205972,"(41.89346537, -87.62205972)",2019,10,Thursday
10000037,LC440872,2015-03-18 15:04:00,59XX E HALSTED ST,460,BATTERY,SIMPLE,RESIDENCE,False,False,2011,11,37.0,55.0,18,1198309.0,1863749.0,2015,2015-04-15 15:04:00,41.77685456,-87.67849031,"(41.77685456, -87.67849031)",2015,3,Wednesday
10000038,DB432053,2016-08-27 10:09:00,83XX E MADISON ST,320,ROBBERY,STRONGARM - NO WEAPON,STREET,True,False,122,7,12.0,20.0,17,1187993.0,1885912.0,2016,2016-09-05 10:09:00,41.83823511,-87.57366625,"(41.83823511, -87.57366625)",2016,8,Saturday
10000039,BS956393,2021-07-05 16:50:00,92XX N COTTAGE GROVE AVE,730,THEFT,SHOPLIFTING,OTHER,False,False,412,2,29.0,74.0,09,1155175.0,1921930.0,2021,2021-07-29 16:50:00,41.73525832,-87.78143789,"(41.73525832, -87.78143789)",2021,7,Monday
10000040,QI179990,2022-05-13 22:38:00,11XX E NORTH AVE,460,BATTERY,SIMPLE,BAR OR TAVERN,False,False,2211,5,22.0,11.0,26,1183106.0,1860316.0,2022,2022-06-10 22:38:00,41.78306952,-87.60318358,"(41.78306952, -87.60318358)",2022,5,Friday
10000041,BJ796772,2016-07-17 08:18:00,99XX S GRAND AVE,610,BURGLARY,FORCIBLE ENTRY,CONVENIENCE STORE,True,False,1711,4,33.0,70.0,26,1168835.0,1862979.0,2016,2016-08-14 08:18:00,41.91989228,-87.76068529,"(41.91989228, -87.76068529)",2016,7,Sunday
10000042,TH914924,2020-08-21 16:10:00,16XX E HALSTED ST,486,BATTERY,DOMESTIC BATTERY AGGRAVATED,APARTMENT,True,True,612,7,39.0,18.0,15,1196714.0,1906912.0,2020,2020-09-17 16:10:00,41.8341772,-87.68863637,"(41.8341772, -87.68863637)",2020,8,Friday
10000043,VO751230,2016-02-10 20:41:00,3XX E PULASKI RD,850,DECEPTIVE PRACTICE,FRAUD,OTHER,False,False,711,5,9.0,5.0,03,1173455.0,1899227.0,2016,2016-02-21 20:41:00,41.84061179,-87.57234765,"(41.93933315, -87.57234765)",2016,2,Wednesday
10000044,WB337302,2016-08-11 12:00:00,71XX N NORTH AVE,750,THEFT,THEFT $500 AND UNDER,SIDEWALK,False,False,1111,12,16.0,74.0,15,1197670.0,1893526.0,2016,2016-08-31 12:00:00,41.84704537,-87.69181887,"(41.84704537, -87.69181887)",2016,8,Thursday
10000045,GT137831,2023-09-27 18:44:00,40XX W FULLERTON AVE,320,ROBBERY,STRONGARM - NO WEAPON,PARK PROPERTY,False,False,122,24,12.0,18.0,09,1189555.0,1920863.0,2023,2023-10-13 18:44:00,41.70109514,-87.7395227,"(41.70109514, -87.7395227)",2023,9,Wednesday
10000046,RJ083929,2020-10-27 11:05:00,78XX W COTTAGE GROVE AVE,750,THEFT,THEFT $500 AND UNDER,RESIDENCE,False,False,2411,15,6.0,56.0,13,1166395.0,1873651.0,2020,2020-11-20 11:05:00,41.77812993,-87.76922063,"(41.77812993, -87.76922063)",2020,10,Tuesday
10000047,KQ217435,2022-08-09 20:02:00,74XX S CHICAGO AVE,610,BURGLARY,FORCIBLE ENTRY,RESTAURANT,False,False,912,3,16.0,47.0,03,1197441.0,1879761.0,2022,2022-08-14 20:02:00,41.87152845,-87.59628138,"(41.87152845, -87.59628138)",2022,8,Tuesday
10000048,ND217053,2015-10-31 15:57:00,82XX S CHICAGO AVE,620,BURGLARY,UNLAWFUL ENTRY,HOSPITAL BUILDING/GROUNDS,False,False,911,16,6.0,41.0,26,1157875.0,1906765.0,2015,2015-11-23 15:57:00,41.77710868,-87.710013,"(41.77710868, -87.710013)",2015,10,Saturday
10000049,NH192952,2019-08-05 20:04:00,56XX N WESTERN AVE,560,ASSAULT,SIMPLE,VEHICLE NON-COMMERCIAL,False,False,1211,11,42.0,10.0,04B,1177565.0,1897022.0,2019,2019-08-10 20:04:00,41.72850038,-87.55128388,"(41.72850038, -87.55128388)",2019,8,Monday
10000050,XO632844,2021-07-06 08:42:00,54XX N FULLERTON AVE,5003,PUBLIC PEACE VIOLATION,DISORDERLY CONDUCT,ALLEY,False,True,113,22,22.0,73.0,17,1178838.0,1902090.0,2021,2021-07-26 08:42:00,41.70363854,-87.60756388,"(41.70363854, -87.60756388)",2021,7,Tuesday
10000051,ZX897119,2018-11-15 23:08:00,79XX W CICERO AVE,1240,NARCOTICS,POSS: HEROIN(WHITE),RETAIL STORE,True,False,212,12,33.0,72.0,11,1154840.0,1873216.0,2018,2018-12-10 23:08:00,41.7702415,-87.72562434,"(41.7702415, -87.72562434)",2018,11,Thursday
10000052,OF505729,2018-02-26 15:56:00,6XX W STATE ST,5003,PUBLIC PEACE VIOLATION,DISORDERLY CONDUCT,SIDEWALK,False,False,711,24,44.0,61.0,10,1186375.0,1911108.0,2018,2018-03-25 15:56:00,41.81927833,-87.53526328,"(41.81927833, -87.53526328)",2018,2,Monday
10000053,PN545403,2021-10-03 16:32:00,21XX W BROADWAY,850,DECEPTIVE PRACTICE,FRAUD,CTA TRAIN,False,False,812,2,3.0,18.0,09,1156989.0,1924509.0,2021,2021-10-05 16:32:00,41.84061179,-87.53206049,"(41.7346822, -87.53206049)",2021,10,Sunday
10000054,AI164798,2023-10-12 23:37:00,5XX N PULASKI RD,650,MOTOR VEHICLE THEFT,AUTOMOBILE,STREET,False,False,2211,8,47.0,7.0,07,1169009.0,1915732.0,2023,2023-10-31 23:37:00,41.90635485,-87.56761816,"(41.90635485, -87.56761816)",2023,10,Thursday
10000055,IJ972163,2020-02-26 21:21:00,91XX S FULLERTON AVE,2830,CRIMINAL TRESPASS,TO RESIDENCE,GROCERY FOOD STORE,False,False,2511,12,44.0,34.0,08B,1197074.0,1928580.0,2020,2020-03-15 21:21:00,41.77370192,-87.71045025,"(41.77370192, -87.71045025)",2020,2,Wednesday
10000056,KS170594,2017-11-16 19:13:00,30XX N WESTERN AVE,460,BATTERY,SIMPLE,CONVENIENCE STORE,True,False,621,19,18.0,72.0,19,1183491.0,1892483.0,2017,2017-11-23 19:13:00,41.86604915,-87.72726259,"(41.86604915, -87.72726259)",2017,11,Thursday
10000057,OC929549,2021-06-09 10:47:00,5XX N BROADWAY,560,ASSAULT,SIMPLE,CTA BUS,False,True,411,2,12.0,54.0,08B,1159315.0,1909920.0,2021,2021-07-03 10:47:00,41.94086096,-87.56361181,UNKNOWN,2021,6,Wednesday
10000058,JL235523,2018-10-12 20:36:00,32XX N CLARK ST,486,BATTERY,DOMESTIC BATTERY AGGRAVATED,SIDEWALK,True,True,1121,7,12.0,52.0,09,1159239.0,1861248.0,2018,2018-11-03 20:36:00,41.71602133,-87.59922324,"(41.71602133, -87.59922324)",2018,10,Friday
10000059,RP755391,2022-03-01 22:18:00,86XX S CICERO AVE,750,THEFT,THEFT $500 AND UNDER,BAR OR TAVERN,False,False,311,22,15.0,29.0,16,1185097.0,1923023.0,2022,2022-03-13 22:18:00,41.98665139,-87.68791255,"(41.98665139, -87.68791255)",2022,3,Tuesday
10000060,BI099090,2020-06-25 07:32:00,1XX S HALSTED ST,740,THEFT,THEFT OVER $500,PARKING LOT / GARAGE(NON.RESID.),False,False,1611,2,30.0,17.0,08A,1165408.0,1851741.0,2020,2020-07-10 07:32:00,41.85763916,-87.59816969,"(41.85763916, -87.59816969)",2020,6,Thursday
10000061,NV232971,2019-03-27 13:43:00,39XX W DIVISION ST,750,THEFT,THEFT $500 AND UNDER,CTA TRAIN,False,False,221,19,9.0,45.0,01A,1161134.0,1850277.0,2019,2019-04-18 13:43:00,41.84865276,-87.58164256,"(41.84865276, -87.58164256)",2019,3,Wednesday
10000062,HD623098,2022-07-15 19:03:00,41XX E CICERO AVE,1200,NARCOTICS,POSS: CANNABIS 30GMS OR LESS,CTA TRAIN,True,False,521,2,26.0,57.0,17,1199674.0,1868732.0,2022,2022-07-23 19:03:00,41.92281909,-87.75795933,"(41.92281909, -87.75795933)",2022,7,Friday
10000063,GF698071,2019-07-31 08:24:00,68XX S NORTH AVE,740,THEFT,THEFT OVER $500,OTHER,False,False,521,19,31.0,31.0,16,1178119.0,1927422.0,2019,2019-08-06 08:24:00,41.93173285,-87.52557765,"(41.93173285, -87.52557765)",2019,7,Wednesday
10000064,IJ848773,2018-09-25 12:58:00,49XX W CHICAGO AVE,750,THEFT,THEFT $500 AND UNDER,GAS STATION,False,False,1411,7,13.0,16.0,08B,1161966.0,1875729.0,2018,2018-09-26 12:58:00,41.90113057,-87.68101038,"(41.90113057, -87.68101038)",2018,9,Tuesday
10000065,EU174956,2019-09-07 12:12:00,95XX W GRAND AVE,620,BURGLARY,UNLAWFUL ENTRY,STREET,False,False,611,8,25.0,73.0,19,1191079.0,1927320.0,2019,2019-09-18 12:12:00,41.84061179,-87.72280197,"(41.89545398, -87.72280197)",2019,9,Saturday
10000066,NH908689,2015-10-06 19:00:00,53XX N MICHIGAN AVE,460,BATTERY,SIMPLE,SIDEWALK,False,False,121,18,30.0,48.0,16,1174392.0,1850528.0,2015,2015-10-13 19:00:00,41.87495581,-87.65503875,"(41.87495581, -87.65503875)",2015,10,Tuesday
10000067,XX296529,2019-07-22 15:15:00,56XX E WESTERN AVE,1310,NARCOTICS,POSS: COCAINE,RESTAURANT,True,False,113,8,20.0,11.0,14,1150472.0,1863710.0,2019,2019-08-14 15:15:00,41.85581043,-87.78316552,"(41.85581043, -87.78316552)",2019,7,Monday
10000068,BL837937,2023-06-09 20:52:00,89XX N CHICAGO AVE,460,BATTERY,SIMPLE,UNKNOWN,True,False,2011,3,20.0,21.0,04B,1166586.0,1910448.0,2023,2023-06-22 20:52:00,41.80674698,-87.53104227,"(41.80674698, -87.53104227)",2023,6,Friday
10000069,JH114540,2022-05-30 13:49:00,1XX E GRAND AVE,800,ARSON,AGGRAVATED,RESIDENCE,True,False,211,10,16.0,10.0,03,1169481.0,1890235.0,2022,2022-06-19 13:49:00,41.92516708,-87.75371693,"(41.92516708, -87.75371693)",2022,5,Monday
10000070,YS464103,2021-04-10 21:15:00,10XX E CLARK ST,1240,NARCOTICS,POSS: HEROIN(WHITE),PARK PROPERTY,True,False,321,18,11.0,49.0,14,1171733.0,1883688.0,2021,2021-04-29 21:15:00,41.83793718,-87.78101985,"(41.83793718, -87.78101985)",2021,4,Saturday
10000071,CO556594,2018-08-06 17:44:00,36XX W CHICAGO AVE,560,ASSAULT,SIMPLE,CTA BUS,False,False,1022,17,21.0,23.0,11,1178793.0,1869393.0,2018,2018-08-13 17:44:00,41.89848733,-87.65269781,"(41.89848733, -87.65269781)",2018,8,Monday
10000072,SV591261,2018-05-25 10:42:00,54XX N CHICAGO AVE,486,BATTERY,DOMESTIC BATTERY AGGRAVATED,COMMERCIAL / BUSINESS OFFICE,False,True,1211,15,25.0,10.0,26,1175330.0,1923631.0,2018,2018-05-30 10:42:00,41.83377041,-87.67975847,UNKNOWN,2018,5,Friday
10000073,KZ191342,2017-11-25 10:47:00,62XX N BROADWAY,1200,NARCOTICS,POSS: CANNABIS 30GMS OR LESS,CONVENIENCE STORE,True,False,521,19,38.0,74.0,01A,1175023.0,1877597.0,2017,2017-12-12 10:47:00,41.92170267,-87.62342301,UNKNOWN,2017,11,Saturday
10000074,AP153727,2018-11-06 18:43:00,24XX W NORTH AVE,910,VANDALISM,CRIMINAL DAMAGE,RESIDENCE,True,False,1711,6,48.0,32.0,05,1161592.0,1882403.0,2018,2018-12-02 18:43:00,41.85795469,-87.51246121,"(41.85795469, -87.51246121)",2018,11,Tuesday
10000075,IG131355,2020-06-27 16:40:00,76XX N ASHLAND AVE,910,VANDALISM,CRIMINAL DAMAGE,CONVENIENCE STORE,True,False,2211,22,25.0,51.0,18,1183679.0,1914049.0,2020,2020-07-08 16:40:00,41.82735818,-87.74824175,"(41.82735818, -87.74824175)",2020,6,Saturday
10000076,CA722514,2018-07-12 20:39:00,57XX W COTTAGE GROVE AVE,1240,NARCOTICS,POSS: HEROIN(WHITE),CONVENIENCE STORE,True,False,311,12,1.0,63.0,26,1170456.0,1889338.0,2018,2018-07-14 20:39:00,41.85847462,-87.60407907,"(41.85847462, -87.60407907)",2018,7,Thursday
10000077,WP467885,2015-06-20 19:28:00,31XX S CHICAGO AVE,460,BATTERY,SIMPLE,OTHER,False,False,611,7,28.0,14.0,04A,1190836.0,1885125.0,2015,2015-07-08 19:28:00,41.8249197,-87.69542691,"(41.8249197, -87.69542691)",2015,6,Saturday
10000078,QJ077476,2022-08-14 20:08:00,63XX S CLARK ST,740,THEFT,THEFT OVER $500,CTA BUS,False,False,311,15,4.0,36.0,11,1174984.0,1917484.0,2022,2022-09-08 20:08:00,41.73387303,-87.70337099,"(41.73387303, -87.70337099)",2022,8,Sunday
10000079,CU418409,2022-06-13 18:54:00,44XX N STATE ST,460,BATTERY,SIMPLE,PARKING LOT / GARAGE(NON.RESID.),False,False,1121,19,26.0,28.0,14,1177365.0,1860447.0,2022,2022-06-16 18:54:00,41.78685954,-87.71492208,"(41.78685954, -87.71492208)",2022,6,Monday
10000080,AI186420,2022-06-14 21:10:00,88XX W MICHIGAN AVE,1020,WEAPONS VIOLATION,UNLAWFUL POSS OF HANDGUN,SIDEWALK,False,True,521,14,41.0,40.0,15,1153896.0,1897494.0,2022,2022-06-16 21:10:00,41.7185551,-87.73597365,"(41.7185551, -87.73597365)",2022,6,Tuesday
10000081,TP393120,2016-08-08 06:36:00,12XX N ASHLAND AVE,312,ROBBERY,ARMED: HANDGUN,OTHER,False,False,1211,22,42.0,22.0,06,1180803.0,1890235.0,2016,2016-08-09 06:36:00,41.91448065,-87.52403176,"(41.91448065, -87.52403176)",2016,8,Monday
10000082,WO367970,2021-10-21 16:47:00,41XX S NORTH AVE,750,THEFT,THEFT $500 AND UNDER,RESTAURANT,False,True,611,10,42.0,7.0,10,1176414.0,1928215.0,2021,2021-11-03 16:47:00,41.83987476,-87.62182107,"(41.83987476, -87.62182107)",2021,10,Thursday
10000083,SS800446,2019-10-01 18:05:00,51XX N BROADWAY,486,BATTERY,DOMESTIC BATTERY AGGRAVATED,ALLEY,True,True,621,19,35.0,20.0,09,1198715.0,1862430.0,2019,2019-10-22 18:05:00,41.71370647,-87.52372254,"(41.71370647, -87.52372254)",2019,10,Tuesday
10000084,MO321572,2023-01-31 11:23:00,59XX E STATE ST,750,THEFT,THEFT $500 AND UNDER,STREET,False,False,112,9,47.0,40.0,14,1198752.0,1900202.0,2023,2023-02-05 11:23:00,41.84715626,-87.7211151,"(41.84715626, -87.7211151)",2023,1,Tuesday
10000085,UZ904283,2015-05-25 16:58:00,7XX S CICERO AVE,750,THEFT,THEFT $500 AND UNDER,APARTMENT,False,False,811,24,27.0,29.0,20,1178576.0,1859552.0,2015,2015-06-17 16:58:00,41.78598054,-87.5522009,"(41.78598054, -87.5522009)",2015,5,Monday
10000086,CN240970,2023-08-31 19:46:00,1XX W BROADWAY,910,VANDALISM,CRIMINAL DAMAGE,BAR OR TAVERN,True,False,312,19,49.0,32.0,09,1191978.0,1920175.0,2023,2023-09-29 19:46:00,41.75989932,-87.69607289,"(41.75989932, -87.69607289)",2023,8,Thursday
10000087,YD711431,2019-06-04 06:36:00,35XX S HALSTED ST,312,ROBBERY,ARMED: HANDGUN,VEHICLE NON-COMMERCIAL,True,False,611,15,43.0,17.0,13,1191594.0,1876100.0,2019,2019-06-06 06:36:00,41.96781259,-87.6821142,"(41.96781259, -87.6821142)",2019,6,Tuesday
10000088,MU108918,2021-10-07 03:53:00,58XX S WESTERN AVE,850,DECEPTIVE PRACTICE,FRAUD,RESIDENCE,False,False,611,11,10.0,12.0,11,1191004.0,1890235.0,2021,2021-11-04 03:53:00,41.70468519,-87.71034779,"(41.70468519, -87.71034779)",2021,10,Thursday
10000089,XH416664,2016-06-11 07:54:00,23XX E PULASKI RD,730,THEFT,SHOPLIFTING,CONVENIENCE STORE,True,False,1221,11,8.0,6.0,12,1174806.0,1880618.0,2016,2016-07-08 07:54:00,41.81994691,-87.58267075,"(41.81994691, -87.58267075)",2016,6,Saturday
10000090,NT991628,2023-12-30 16:01:00,36XX N FULLERTON AVE,460,BATTERY,SIMPLE,STREET,False,False,1511,12,31.0,70.0,01A,1151303.0,1897769.0,2023,2024-01-12 16:01:00,41.78648133,-87.71886929,"(41.78648133, -87.71886929)",2023,12,Saturday
10000091,MC225092,2016-12-12 09:37:00,70XX E COTTAGE GROVE AVE,910,VANDALISM,CRIMINAL DAMAGE,ALLEY,False,False,911,12,38.0,4.0,14,1199400.0,1890235.0,2016,2016-12-23 09:37:00,41.85893267,-87.7435299,"(41.85893267, -87.7435299)",2016,12,Monday
10000092,SO863683,2020-11-25 21:04:00,84XX E COTTAGE GROVE AVE,1240,NARCOTICS,POSS: HEROIN(WHITE),RETAIL STORE,True,False,212,25,26.0,76.0,14,1171843.0,1901141.0,2020,2020-12-07 21:04:00,41.9827582,-87.58029439,"(41.9827582, -87.58029439)",2020,11,Wednesday
10000093,AF637704,2015-05-13 09:20:00,91XX E GRAND AVE,620,BURGLARY,UNLAWFUL ENTRY,ALLEY,False,False,212,22,15.0,73.0,03,1199118.0,1863430.0,2015,2015-06-12 09:20:00,41.913603,-87.72860122,"(41.913603, -87.72860122)",2015,5,Wednesday
10000094,PP409181,2022-04-20 19:14:00,71XX N MADISON ST,1240,NARCOTICS,POSS: HEROIN(WHITE),VEHICLE NON-COMMERCIAL,True,False,711,16,5.0,5.0,03,1194396.0,1862872.0,2022,2022-04-26 19:14:00,41.72141751,-87.69745754,"(41.72141751, -87.69745754)",2022,4,Wednesday
10000095,MD748263,2016-01-28 04:36:00,22XX E HALSTED ST,610,BURGLARY,FORCIBLE ENTRY,PARK PROPERTY,True,True,912,17,10.0,7.0,06,1174016.0,1857758.0,2016,2016-02-15 04:36:00,41.93716919,-87.61247271,"(41.93716919, -87.61247271)",2016,1,Thursday
10000096,MC975986,2023-06-09 18:06:00,88XX W CICERO AVE,610,BURGLARY,FORCIBLE ENTRY,SIDEWALK,False,False,1111,25,23.0,70.0,16,1190920.0,1883490.0,2023,2023-06-12 18:06:00,41.85608057,-87.54776085,"(41.85608057, -87.54776085)",2023,6,Friday
10000097,UQ544157,2015-11-17 23:27:00,67XX W MICHIGAN AVE,730,THEFT,SHOPLIFTING,SIDEWALK,False,False,612,24,10.0,77.0,08A,1177818.0,1894164.0,2015,2015-11-24 23:27:00,41.9322031,-87.77389177,"(41.9322031, -87.77389177)",2015,11,Tuesday
10000098,XX083246,2020-06-11 17:30:00,31XX N FULLERTON AVE,486,BATTERY,DOMESTIC BATTERY AGGRAVATED,"SCHOOL, PUBLIC, BUILDING",False,True,312,6,18.0,52.0,26,1169789.0,1920316.0,2020,2020-06-13 17:30:00,41.89424386,-87.67948403,"(41.89424386, -87.67948403)",2020,6,Thursday
10000099,FV824972,2017-02-08 14:58:00,68XX N COTTAGE GROVE AVE,460,BATTERY,SIMPLE,BAR OR TAVERN,False,False,1711,15,48.0,63.0,04B,1165556.0,1890543.0,2017,2017-03-07 14:58:00,41.84458091,-87.75230827,"(41.84458091, -87.75230827)",2017,2,Wednesday
10000100,GK077096,2020-04-27 17:22:00,83XX S PULASKI RD,486,BATTERY,DOMESTIC BATTERY AGGRAVATED,APARTMENT,True,True,711,6,17.0,12.0,07,1188991.0,1867145.0,2020,2020-05-09 17:22:00,41.70489531,-87.5438536,"(41.70489531, -87.5438536)",2020,4,Monday
10000101,RM323269,2018-11-29 15:13:00,77XX E BROADWAY,312,ROBBERY,ARMED: HANDGUN,VEHICLE NON-COMMERCIAL,False,True,2511,10,44.0,67.0,19,1192164.0,1879938.0,2018,2018-12-14 15:13:00,41.84345412,-87.60129336,"(41.84345412, -87.60129336)",2018,11,Thursday
10000102,NV881012,2022-08-20 08:01:00,29XX W CHICAGO AVE,750,THEFT,THEFT $500 AND UNDER,ALLEY,False,False,1111,17,19.0,34.0,26,1190800.0,1877453.0,2022,2022-09-10 08:01:00,41.86490711,-87.50157388,"(41.86490711, -87.50157388)",2022,8,Saturday
10000103,BW124594,2018-09-19 13:37:00,49XX E DIVISION ST,610,BURGLARY,FORCIBLE ENTRY,ALLEY,False,False,121,16,8.0,61.0,20,1194471.0,1890038.0,2018,2018-09-29 13:37:00,41.9732903,-87.651374465,"(41.9732903, -87.77863528)",2018,9,Wednesday
10000104,XT500728,2023-07-15 19:36:00,94XX E MICHIGAN AVE,850,DECEPTIVE PRACTICE,FRAUD,SIDEWALK,False,False,311,6,32.0,12.0,06,1169165.0,1853018.0,2023,2023-08-09 19:36:00,41.81101804,-87.51040165,"(41.81101804, -87.51040165)",2023,7,Saturday
10000105,DS736765,2021-09-08 16:27:00,28XX N COTTAGE GROVE AVE,750,THEFT,THEFT $500 AND UNDER,UNKNOWN,False,False,1511,25,9.0,44.0,04B,1170169.0,1868273.0,2021,2021-10-07 16:27:00,41.97442531,-87.52453838,"(41.97442531, -87.52453838)",2021,9,Wednesday
10000106,CC112527,2022-11-14 08:44:00,66XX N BROADWAY,740,THEFT,THEFT OVER $500,STREET,False,False,1111,24,1.0,39.0,04A,1156858.0,1916452.0,2022,2022-12-06 08:44:00,41.77099314,-87.651374465,"(41.77099314, -87.6183097)",2022,11,Monday
10000107,WW364188,2016-03-28 20:42:00,7XX N COTTAGE GROVE AVE,910,VANDALISM,CRIMINAL DAMAGE,UNKNOWN,False,True,122,5,6.0,66.0,13,1199433.0,1873681.0,2016,2016-04-13 20:42:00,41.76676763,-87.73065191,"(41.76676763, -87.73065191)",2016,3,Monday
10000108,CX454676,2019-03-07 20:11:00,90XX N COTTAGE GROVE AVE,510,ASSAULT,AGGRAVATED: HANDGUN,PARKING LOT / GARAGE(NON.RESID.),False,False,621,14,26.0,59.0,04B,1194306.0,1863342.0,2019,2019-03-11 20:11:00,41.8334735,-87.67347805,UNKNOWN,2019,3,Thursday
10000109,VO906188,2022-08-08 16:47:00,83XX W ASHLAND AVE,460,BATTERY,SIMPLE,RESIDENCE,False,False,1711,20,15.0,44.0,20,1162428.0,1877659.0,2022,2022-08-27 16:47:00,41.71857264,-87.60148602,"(41.71857264, -87.60148602)",2022,8,Monday
10000110,UZ685643,2017-08-20 06:28:00,71XX N HALSTED ST,750,THEFT,THEFT $500 AND UNDER,"SCHOOL, PUBLIC, BUILDING",False,True,1511,20,29.0,12.0,16,1155132.0,1882987.0,2017,2017-09-15 06:28:00,41.839212,-87.6039881,"(41.839212, -87.6039881)",2017,8,Sunday
10000111,EY347714,2016-02-04 19:14:00,14XX E PULASKI RD,560,ASSAULT,SIMPLE,COMMERCIAL / BUSINESS OFFICE,False,False,1911,11,23.0,38.0,12,1157022.0,1907348.0,2016,2016-02-05 19:14:00,41.70373343,-87.75075339,UNKNOWN,2016,2,Thursday
10000112,ZX729941,2023-04-04 04:59:00,65XX W DIVISION ST,2830,CRIMINAL TRESPASS,TO RESIDENCE,BAR OR TAVERN,False,False,411,20,31.0,66.0,09,1182876.0,1898492.0,2023,2023-04-18 04:59:00,41.93457325,-87.76893381,"(41.93457325, -87.76893381)",2023,4,Tuesday
10000113,WK013002,2021-12-31 19:43:00,91XX W BROADWAY,1310,NARCOTICS,POSS: COCAINE,RETAIL STORE,True,False,1611,25,9.0,23.0,20,1178114.0,1896624.0,2021,2022-01-12 19:43:00,41.90310582,-87.57176749,"(41.90310582, -87.57176749)",2021,12,Friday
10000114,AG678897,2020-01-28 07:55:00,54XX E STATE ST,312,ROBBERY,ARMED: HANDGUN,COMMERCIAL / BUSINESS OFFICE,True,False,1011,19,15.0,72.0,11,1183224.0,1924118.0,2020,2020-02-19 07:55:00,41.92964653,-87.7137084,"(41.92964653, -87.7137084)",2020,1,Tuesday
10000115,PU683750,2017-02-04 22:47:00,6XX S MADISON ST,1020,WEAPONS VIOLATION,UNLAWFUL POSS OF HANDGUN,BAR OR TAVERN,True,False,1121,4,25.0,6.0,04B,1150282.0,1887306.0,2017,2017-02-21 22:47:00,41.73827865,-87.54619574,"(41.73827865, -87.54619574)",2017,2,Saturday
10000116,GQ920837,2017-06-25 21:42:00,86XX E GRAND AVE,1310,NARCOTICS,POSS: COCAINE,RESTAURANT,False,False,511,11,24.0,38.0,04A,1187606.0,1901944.0,2017,2017-07-06 21:42:00,41.83245716,-87.6315996,"(41.83245716, -87.6315996)",2017,6,Sunday
10000117,FV874806,2015-06-29 12:41:00,88XX W WESTERN AVE,560,ASSAULT,SIMPLE,UNKNOWN,True,False,212,11,33.0,11.0,06,1153273.0,1903626.0,2015,2015-07-06 12:41:00,41.85139245,-87.79780082,"(41.85139245, -87.79780082)",2015,6,Monday
10000118,YC730743,2017-11-25 14:28:00,90XX N CHICAGO AVE,850,DECEPTIVE PRACTICE,FRAUD,CONVENIENCE STORE,False,True,112,14,28.0,41.0,02,1153161.0,1909676.0,2017,2017-12-16 14:28:00,41.69176968,-87.5839143,"(41.69176968, -87.5839143)",2017,11,Saturday
10000119,FX811621,2018-05-05 18:58:00,40XX S CHICAGO AVE,620,BURGLARY,UNLAWFUL ENTRY,COMMERCIAL / BUSINESS OFFICE,False,False,1911,24,24.0,2.0,03,1169704.0,1893802.0,2018,2018-05-31 18:58:00,41.70253194,-87.62818442,"(41.70253194, -87.62818442)",2018,5,Saturday
10000120,OJ340227,2015-10-03 11:12:00,43XX E ASHLAND AVE,1310,NARCOTICS,POSS: COCAINE,GROCERY FOOD STORE,True,False,911,20,32.0,43.0,13,1195005.0,1875422.0,2015,2015-10-27 11:12:00,41.72001352,-87.61414527,"(41.72001352, -87.61414527)",2015,10,Saturday
10000121,XO594732,2016-12-20 18:05:00,75XX W PULASKI RD,850,DECEPTIVE PRACTICE,FRAUD,RETAIL STORE,True,False,412,9,9.0,69.0,01A,1150931.0,1890574.0,2016,2017-01-16 18:05:00,41.84061179,-87.77738001,"(41.71293871, -87.77738001)",2016,12,Tuesday
10000122,BJ029344,2021-11-20 18:48:00,29XX W CICERO AVE,750,THEFT,THEFT $500 AND UNDER,UNKNOWN,False,False,411,5,29.0,21.0,02,1186600.0,1925134.0,2021,2021-12-07 18:48:00,41.95165855,-87.75614028,"(41.95165855, -87.75614028)",2021,11,Saturday
10000123,LF521168,2021-02-07 17:24:00,62XX N ASHLAND AVE,460,BATTERY,SIMPLE,CTA TRAIN,False,False,122,14,24.0,76.0,14,1167644.0,1919417.0,2021,2021-02-28 17:24:00,41.96217273,-87.64508847,"(41.96217273, -87.64508847)",2021,2,Sunday
10000124,YF644241,2015-04-02 10:08:00,73XX N BROADWAY,510,ASSAULT,AGGRAVATED: HANDGUN,ALLEY,True,False,1611,20,11.0,18.0,18,1159001.0,1926659.0,2015,2015-04-21 10:08:00,41.7067736,-87.72252211,"(41.7067736, -87.72252211)",2015,4,Thursday
10000125,MD688765,2019-03-30 13:06:00,65XX N HALSTED ST,730,THEFT,SHOPLIFTING,STREET,False,False,1111,7,34.0,65.0,16,1179990.0,1920220.0,2019,2019-03-31 13:06:00,41.74322666,-87.52951753,"(41.74322666, -87.52951753)",2019,3,Saturday
10000126,NJ284145,2023-07-17 20:36:00,91XX N WESTERN AVE,1200,NARCOTICS,POSS: CANNABIS 30GMS OR LESS,HOSPITAL BUILDING/GROUNDS,False,False,1411,15,9.0,33.0,01A,1177186.0,1870624.0,2023,2023-07-21 20:36:00,41.71514527,-87.6205123,"(41.71514527, -87.6205123)",2023,7,Monday
10000127,FK356719,2020-05-30 09:35:00,90XX S WESTERN AVE,1020,WEAPONS VIOLATION,UNLAWFUL POSS OF HANDGUN,UNKNOWN,False,False,2011,17,17.0,40.0,13,1182964.0,1909825.0,2020,2020-06-17 09:35:00,41.91073473,-87.54350032,"(41.91073473, -87.54350032)",2020,5,Saturday
10000128,FU566636,2015-06-04 19:59:00,2XX S BROADWAY,486,BATTERY,DOMESTIC BATTERY AGGRAVATED,RESIDENCE,False,True,711,22,42.0,67.0,13,1191011.0,1901223.0,2015,2015-06-17 19:59:00,41.86924177,-87.51628524,"(41.86924177, -87.51628524)",2015,6,Thursday
10000129,ON315257,2015-10-09 22:35:00,23XX W WESTERN AVE,610,BURGLARY,FORCIBLE ENTRY,CTA BUS,False,False,911,19,38.0,45.0,08A,1196485.0,1895992.0,2015,2015-10-19 22:35:00,41.87190902,-87.74164244,"(41.87190902, -87.74164244)",2015,10,Friday
10000130,KT351325,2021-07-31 21:30:00,32XX E HALSTED ST,740,THEFT,THEFT OVER $500,VEHICLE NON-COMMERCIAL,False,False,521,9,5.0,49.0,08A,1175825.0,1850777.0,2021,2021-08-04 21:30:00,41.78471921,-87.51336629,"(41.78471921, -87.51336629)",2021,7,Saturday
10000131,ZX225074,2021-12-08 13:49:00,36XX W COTTAGE GROVE AVE,510,ASSAULT,AGGRAVATED: HANDGUN,BAR OR TAVERN,True,False,2511,4,6.0,64.0,17,1168559.0,1875233.0,2021,2021-12-12 13:49:00,41.97739793,-87.54559682,"(41.97739793, -87.54559682)",2021,12,Wednesday
10000132,FS382115,2015-02-04 01:13:00,24XX W DIVISION ST,460,BATTERY,SIMPLE,SIDEWALK,False,False,912,20,7.0,42.0,10,1173567.0,1899046.0,2015,2015-02-17 01:13:00,41.85456902,-87.72885825,"(41.85456902, -87.72885825)",2015,2,Wednesday
10000133,VM643359,2020-04-21 20:11:00,21XX N PULASKI RD,750,THEFT,THEFT $500 AND UNDER,APARTMENT,False,False,1811,17,9.0,67.0,26,1178391.0,1881872.0,2020,2020-05-05 20:11:00,41.78001025,-87.63135846,"(41.78001025, -87.63135846)",2020,4,Tuesday
10000134,CI367638,2023-10-02 11:20:00,54XX W HALSTED ST,5003,PUBLIC PEACE VIOLATION,DISORDERLY CONDUCT,GROCERY FOOD STORE,False,False,211,18,32.0,58.0,09,1158378.0,1914617.0,2023,2023-10-24 11:20:00,41.87951366,-87.7565455,"(41.87951366, -87.7565455)",2023,10,Monday
10000135,CY327415,2017-10-27 22:44:00,14XX E ASHLAND AVE,750,THEFT,THEFT $500 AND UNDER,STREET,True,True,1022,3,14.0,22.0,03,1151318.0,1881761.0,2017,2017-11-20 22:44:00,41.95360729,-87.63546988,"(41.95360729, -87.63546988)",2017,10,Friday
10000136,LJ230883,2019-12-28 08:44:00,62XX S HALSTED ST,610,BURGLARY,FORCIBLE ENTRY,APARTMENT,False,False,1221,6,38.0,77.0,10,1181976.0,1874772.0,2019,2020-01-15 08:44:00,41.85919535,-87.64296206,"(41.85919535, -87.64296206)",2019,12,Saturday
10000137,QN210114,2023-12-08 00:23:00,31XX E BROADWAY,910,VANDALISM,CRIMINAL DAMAGE,OTHER,True,False,1022,15,36.0,56.0,19,1161029.0,1856336.0,2023,2023-12-15 00:23:00,41.84061179,-87.55147194,"(41.88379724, -87.55147194)",2023,12,Friday
10000138,BU041888,2016-05-27 19:46:00,43XX N ASHLAND AVE,740,THEFT,THEFT OVER $500,"SCHOOL, PUBLIC, BUILDING",False,False,111,8,6.0,20.0,02,1199898.0,1887094.0,2016,2016-05-28 19:46:00,41.78347301,-87.56016129,"(41.78347301, -87.56016129)",2016,5,Friday
10000139,ZG407532,2022-06-20 23:30:00,47XX N PULASKI RD,5003,PUBLIC PEACE VIOLATION,DISORDERLY CONDUCT,COMMERCIAL / BUSINESS OFFICE,False,True,321,25,20.0,42.0,06,1162665.0,1901081.0,2022,2022-07-03 23:30:00,41.97122628,-87.64372212,"(41.97122628, -87.64372212)",2022,6,Monday
10000140,RJ184426,2021-12-08 12:48:00,57XX S MICHIGAN AVE,5003,PUBLIC PEACE VIOLATION,DISORDERLY CONDUCT,ALLEY,False,False,312,2,4.0,46.0,10,1199083.0,1913084.0,2021,2021-12-29 12:48:00,41.72774824,-87.73019761,"(41.72774824, -87.73019761)",2021,12,Wednesday
10000141,RO354563,2020-12-15 08:18:00,31XX E HALSTED ST,750,THEFT,THEFT $500 AND UNDER,SIDEWALK,True,False,1221,9,35.0,47.0,18,1150935.0,1918546.0,2020,2021-01-11 08:18:00,41.80371307,-87.74433971,"(41.80371307, -87.74433971)",2020,12,Tuesday
10000142,MQ378870,2017-02-23 07:36:00,84XX W HALSTED ST,610,BURGLARY,FORCIBLE ENTRY,BAR OR TAVERN,False,False,1711,14,43.0,63.0,06,1185892.0,1851046.0,2017,2017-03-16 07:36:00,41.70472569,-87.73378316,"(41.70472569, -87.73378316)",2017,2,Thursday
10000143,EE431943,2020-12-17 13:12:00,86XX W WESTERN AVE,750,THEFT,THEFT $500 AND UNDER,GAS STATION,False,False,411,25,16.0,73.0,26,1178828.0,1903959.0,2020,2021-01-03 13:12:00,41.91383251,-87.57011497,"(41.91383251, -87.57011497)",2020,12,Thursday
10000144,FI798955,2019-03-17 19:59:00,1XX E CICERO AVE,750,THEFT,THEFT $500 AND UNDER,SIDEWALK,False,True,1211,9,24.0,58.0,08B,1150815.0,1860806.0,2019,2019-04-10 19:59:00,41.70039887,-87.71465535,"(41.70039887, -87.71465535)",2019,3,Sunday
10000145,TO007384,2016-01-12 17:36:00,77XX E STATE ST,486,BATTERY,DOMESTIC BATTERY AGGRAVATED,"SCHOOL, PUBLIC, BUILDING",False,True,811,7,47.0,10.0,04A,1184479.0,1896098.0,2016,2016-02-11 17:36:00,41.74187075,-87.55228843,"(41.74187075, -87.55228843)",2016,1,Tuesday
10000146,DI475234,2018-07-31 16:09:00,56XX E NORTH AVE,650,MOTOR VEHICLE THEFT,AUTOMOBILE,PARKING LOT / GARAGE(NON.RESID.),True,False,312,18,45.0,29.0,07,1179756.0,1890378.0,2018,2018-08-11 16:09:00,41.80786481,-87.66631513,"(41.80786481, -87.66631513)",2018,7,Tuesday
10000147,QL926170,2017-09-19 06:49:00,22XX E GRAND AVE,610,BURGLARY,FORCIBLE ENTRY,"SCHOOL, PUBLIC, BUILDING",True,False,211,11,44.0,74.0,08B,1167226.0,1902432.0,2017,2017-10-03 06:49:00,41.84061179,-87.74285308,"(41.79958029, -87.74285308)",2017,9,Tuesday
10000148,PR012760,2020-01-18 15:21:00,86XX N NORTH AVE,486,BATTERY,DOMESTIC BATTERY AGGRAVATED,APARTMENT,True,True,1811,19,14.0,27.0,26,1186496.0,1861307.0,2020,2020-01-25 15:21:00,41.7675974,-87.6550921,"(41.7675974, -87.6550921)",2020,1,Saturday
10000149,MT063399,2022-04-13 13:24:00,68XX E MADISON ST,750,THEFT,THEFT $500 AND UNDER,STREET,False,False,2411,4,21.0,63.0,07,1196317.0,1851719.0,2022,2022-04-30 13:24:00,41.84061179,-87.66260412,"(41.84019525, -87.66260412)",2022,4,Wednesday
10000150,OF158837,2016-09-13 13:25:00,78XX E GRAND AVE,850,DECEPTIVE PRACTICE,FRAUD,PARKING LOT / GARAGE(NON.RESID.),False,False,1711,5,6.0,49.0,08B,1162018.0,1862219.0,2016,2016-10-05 13:25:00,41.87765738,-87.73177161,"(41.87765738, -87.73177161)",2016,9,Tuesday
10000151,DA966652,2020-12-23 22:07:00,20XX S WESTERN AVE,510,ASSAULT,AGGRAVATED: HANDGUN,UNKNOWN,False,False,811,11,10.0,4.0,08A,1196688.0,1921530.0,2020,2020-12-29 22:07:00,41.81337553,-87.66709865,"(41.81337553, -87.66709865)",2020,12,Wednesday
10000152,WM342407,2019-05-07 15:08:00,9XX S GRAND AVE,460,BATTERY,SIMPLE,GAS STATION,False,True,1111,7,15.0,5.0,06,1187118.0,1929059.0,2019,2019-05-13 15:08:00,41.77095761,-87.67608679,"(41.77095761, -87.67608679)",2019,5,Tuesday
10000153,UH129694,2016-03-23 15:52:00,57XX W BROADWAY,610,BURGLARY,FORCIBLE ENTRY,RESIDENCE,False,False,1811,2,16.0,67.0,08B,1181532.0,1853943.0,2016,2016-04-21 15:52:00,41.85731028,-87.645162,"(41.85731028, -87.645162)",2016,3,Wednesday
10000154,NJ759337,2020-01-21 02:29:00,58XX E HALSTED ST,1110,SEX OFFENSE,CRIMINAL SEXUAL ABUSE,COMMERCIAL / BUSINESS OFFICE,False,False,612,7,30.0,12.0,26,1186663.0,1857295.0,2020,2020-02-09 02:29:00,41.90344092,-87.75080179,"(41.90344092, -87.75080179)",2020,1,Tuesday
10000155,FR446082,2023-03-10 19:28:00,78XX W CICERO AVE,510,ASSAULT,AGGRAVATED: HANDGUN,VEHICLE NON-COMMERCIAL,False,True,311,24,12.0,16.0,01A,1174881.0,1889891.0,2023,2023-03-20 19:28:00,41.91961874,-87.79633767,"(41.91961874, -87.79633767)",2023,3,Friday
10000156,CH330452,2018-05-07 12:05:00,96XX E STATE ST,320,ROBBERY,STRONGARM - NO WEAPON,RESTAURANT,False,False,321,4,27.0,23.0,13,1189365.0,1864193.0,2018,2018-05-09 12:05:00,41.89745409,-87.6215093,"(41.89745409, -87.6215093)",2018,5,Monday
10000157,VW221147,2020-12-06 23:30:00,64XX W FULLERTON AVE,1240,NARCOTICS,POSS: HEROIN(WHITE),VEHICLE NON-COMMERCIAL,False,False,1121,22,46.0,37.0,17,1167692.0,1860377.0,2020,2020-12-30 23:30:00,41.84761737,-87.5014927,UNKNOWN,2020,12,Sunday
10000158,VX440114,2017-04-04 18:16:00,23XX S MADISON ST,510,ASSAULT,AGGRAVATED: HANDGUN,GAS STATION,False,False,1611,3,20.0,39.0,01A,1169802.0,1895513.0,2017,2017-04-30 18:16:00,41.72415103,-87.70001513,"(41.72415103, -87.70001513)",2017,4,Tuesday
10000159,PW773044,2021-03-24 16:13:00,78XX W COTTAGE GROVE AVE,910,VANDALISM,CRIMINAL DAMAGE,CTA BUS,False,False,122,25,22.0,46.0,17,1181325.0,1917392.0,2021,2021-04-12 16:13:00,41.69935195,-87.50491437,"(41.69935195, -87.50491437)",2021,3,Wednesday
10000160,SL750965,2016-01-15 14:01:00,67XX S PULASKI RD,740,THEFT,THEFT OVER $500,CTA BUS,False,False,412,17,33.0,20.0,04A,1166366.0,1911558.0,2016,2016-02-10 14:01:00,41.84061179,-87.70689239,"(41.95216373, -87.70689239)",2016,1,Friday
10000161,HY851385,2017-05-09 12:12:00,27XX E MADISON ST,312,ROBBERY,ARMED: HANDGUN,APARTMENT,False,False,1211,9,35.0,41.0,04A,1197914.0,1894770.0,2017,2017-05-19 12:12:00,41.7372488,-87.76566188,"(41.7372488, -87.76566188)",2017,5,Tuesday
10000162,VX446742,2021-08-24 18:44:00,73XX S HALSTED ST,312,ROBBERY,ARMED: HANDGUN,OTHER,True,False,712,16,40.0,46.0,13,1153927.0,1923822.0,2021,2021-09-16 18:44:00,41.91752076,-87.55721005,"(41.91752076, -87.55721005)",2021,8,Tuesday
10000163,NK465933,2020-06-19 02:30:00,42XX N BROADWAY,620,BURGLARY,UNLAWFUL ENTRY,COMMERCIAL / BUSINESS OFFICE,False,False,321,12,31.0,60.0,04A,1170284.0,1907141.0,2020,2020-06-23 02:30:00,41.86240348,-87.6476151,"(41.86240348, -87.6476151)",2020,6,Friday
10000164,MR088960,2023-04-17 22:36:00,88XX W MADISON ST,460,BATTERY,SIMPLE,PARKING LOT / GARAGE(NON.RESID.),False,False,2411,17,8.0,76.0,04A,1197794.0,1855568.0,2023,2023-05-14 22:36:00,41.93660692,-87.7471478,"(41.93660692, -87.7471478)",2023,4,Monday
10000165,CH045674,2023-11-28 21:19:00,7XX N CHICAGO AVE,1200,NARCOTICS,POSS: CANNABIS 30GMS OR LESS,VEHICLE NON-COMMERCIAL,False,False,211,15,46.0,45.0,16,1192625.0,1854992.0,2023,2023-12-28 21:19:00,41.84312716,-87.54570898,"(41.84312716, -87.54570898)",2023,11,Tuesday
10000166,LL832404,2022-07-07 08:00:00,78XX W COTTAGE GROVE AVE,750,THEFT,THEFT $500 AND UNDER,BAR OR TAVERN,False,False,1511,24,2.0,19.0,26,1190297.0,1918812.0,2022,2022-07-10 08:00:00,41.73073272,-87.75883392,"(41.73073272, -87.75883392)",2022,7,Thursday
10000167,XN049533,2021-07-04 15:44:00,10XX E STATE ST,560,ASSAULT,SIMPLE,RETAIL STORE,False,True,621,5,47.0,68.0,20,1173622.0,1909334.0,2021,2021-07-07 15:44:00,41.95697464,-87.77346609,"(41.95697464, -87.77346609)",2021,7,Sunday
10000168,AC151482,2020-04-22 17:36:00,36XX E CLARK ST,486,BATTERY,DOMESTIC BATTERY AGGRAVATED,CONVENIENCE STORE,True,True,711,25,19.0,4.0,18,1189188.0,1870164.0,2020,2020-04-24 17:36:00,41.7280464,-87.77694132,"(41.7280464, -87.77694132)",2020,4,Wednesday
10000169,HT753741,2020-07-24 19:26:00,60XX W FULLERTON AVE,650,MOTOR VEHICLE THEFT,AUTOMOBILE,APARTMENT,False,False,321,14,16.0,57.0,05,1187774.0,1859279.0,2020,2020-08-18 19:26:00,41.79352272,-87.60732167,"(41.79352272, -87.60732167)",2020,7,Friday
10000170,RZ300045,2020-12-16 18:54:00,94XX S MADISON ST,320,ROBBERY,STRONGARM - NO WEAPON,GROCERY FOOD STORE,True,False,812,22,42.0,35.0,07,1173055.0,1890235.0,2020,2020-12-30 18:54:00,41.76660318,-87.62474695,"(41.76660318, -87.62474695)",2020,12,Wednesday
10000171,MY692497,2017-06-07 22:40:00,24XX E BROADWAY,486,BATTERY,DOMESTIC BATTERY AGGRAVATED,ALLEY,False,True,1011,4,6.0,17.0,26,1198358.0,1921680.0,2017,2017-06-11 22:40:00,41.95996916,-87.63017936,"(41.95996916, -87.63017936)",2017,6,Wednesday
10000172,AB770460,2016-12-29 14:31:00,92XX E WESTERN AVE,610,BURGLARY,FORCIBLE ENTRY,UNKNOWN,False,True,411,7,40.0,51.0,13,1180698.0,1858499.0,2016,2017-01-28 14:31:00,41.84061179,-87.67062393,"(41.85218965, -87.67062393)",2016,12,Thursday
10000173,BZ638387,2020-05-12 14:54:00,88XX E NORTH AVE,510,ASSAULT,AGGRAVATED: HANDGUN,VEHICLE NON-COMMERCIAL,False,False,111,3,35.0,29.0,09,1176765.0,1929328.0,2020,2020-06-05 14:54:00,41.92394897,-87.7636389,"(41.92394897, -87.7636389)",2020,5,Tuesday
10000174,ZA337426,2019-01-11 15:56:00,40XX W GRAND AVE,312,ROBBERY,ARMED: HANDGUN,HOSPITAL BUILDING/GROUNDS,True,True,311,16,48.0,25.0,19,1169438.0,1913419.0,2019,2019-02-01 15:56:00,41.98891507,-87.72845446,"(41.98891507, -87.72845446)",2019,1,Friday
10000175,BF387416,2021-12-07 04:44:00,15XX W CICERO AVE,560,ASSAULT,SIMPLE,GAS STATION,False,False,121,5,1.0,23.0,04A,1191767.0,1855116.0,2021,2021-12-28 04:44:00,41.71918767,-87.61663223,"(41.71918767, -87.61663223)",2021,12,Tuesday
10000176,EC684876,2019-08-28 09:23:00,11XX N MICHIGAN AVE,320,ROBBERY,STRONGARM - NO WEAPON,RESTAURANT,True,True,2211,6,29.0,32.0,14,1188883.0,1851250.0,2019,2019-09-15 09:23:00,41.94421001,-87.61626755,"(41.94421001, -87.61626755)",2019,8,Wednesday
10000177,UR217694,2015-12-27 17:50:00,65XX S GRAND AVE,740,THEFT,THEFT OVER $500,STREET,False,True,1911,12,27.0,1.0,16,1168095.0,1910890.0,2015,2016-01-06 17:50:00,41.84905971,-87.77129484,"(41.84905971, -87.77129484)",2015,12,Sunday
10000178,IC783244,2016-03-03 19:59:00,42XX S WESTERN AVE,2830,CRIMINAL TRESPASS,TO RESIDENCE,PARKING LOT / GARAGE(NON.RESID.),False,True,1511,6,11.0,4.0,20,1178988.0,1883525.0,2016,2016-03-21 19:59:00,41.76058995,-87.66655373,"(41.76058995, -87.66655373)",2016,3,Thursday
10000179,CW495827,2018-01-09 10:08:00,82XX S CICERO AVE,460,BATTERY,SIMPLE,"SCHOOL, PUBLIC, BUILDING",True,False,311,20,4.0,36.0,05,1160992.0,1873612.0,2018,2018-01-11 10:08:00,41.81546715,-87.57189813,"(41.81546715, -87.57189813)",2018,1,Tuesday
10000180,DH604378,2019-09-08 23:02:00,89XX W PULASKI RD,750,THEFT,THEFT $500 AND UNDER,APARTMENT,False,False,1711,18,3.0,55.0,01A,1174764.0,1856647.0,2019,2019-09-24 23:02:00,41.89899605,-87.77060024,"(41.89899605, -87.77060024)",2019,9,Sunday
10000181,NX303403,2022-11-23 18:55:00,11XX E STATE ST,460,BATTERY,SIMPLE,RESIDENCE,True,False,1711,3,25.0,43.0,20,1177121.0,1913558.0,2022,2022-12-14 18:55:00,41.77093681,-87.51617135,"(41.77093681, -87.51617135)",2022,11,Wednesday
10000182,QU989084,2023-06-09 17:44:00,61XX E GRAND AVE,2830,CRIMINAL TRESPASS,TO RESIDENCE,ALLEY,False,False,621,8,21.0,46.0,04A,1172620.0,1890116.0,2023,2023-06-16 17:44:00,41.706338,-87.68815587,"(41.706338, -87.68815587)",2023,6,Friday
10000183,PR746554,2020-11-02 22:01:00,67XX E DIVISION ST,850,DECEPTIVE PRACTICE,FRAUD,RETAIL STORE,False,False,311,15,44.0,70.0,07,1159453.0,1851762.0,2020,2020-11-12 22:01:00,41.91131277,-87.79355531,"(41.91131277, -87.79355531)",2020,11,Monday
10000184,LJ276914,2020-02-11 22:39:00,6XX E ASHLAND AVE,750,THEFT,THEFT $500 AND UNDER,HOSPITAL BUILDING/GROUNDS,False,False,711,6,46.0,69.0,04A,1189722.0,1862900.0,2020,2020-03-12 22:39:00,41.90243335,-87.52858666,"(41.90243335, -87.52858666)",2020,2,Tuesday
10000185,XD534840,2015-01-18 23:34:00,44XX N FULLERTON AVE,320,ROBBERY,STRONGARM - NO WEAPON,VEHICLE NON-COMMERCIAL,False,False,1411,11,42.0,38.0,13,1183344.0,1913966.0,2015,2015-02-04 23:34:00,41.84061179,-87.50178028,"(41.9162485, -87.50178028)",2015,1,Sunday
10000186,HJ980749,2022-07-13 22:32:00,50XX E MICHIGAN AVE,1200,NARCOTICS,POSS: CANNABIS 30GMS OR LESS,RETAIL STORE,False,False,2411,7,32.0,41.0,10,1157397.0,1918304.0,2022,2022-07-26 22:32:00,41.96253409,-87.69168054,"(41.96253409, -87.69168054)",2022,7,Wednesday
10000187,EJ508835,2016-08-11 10:30:00,73XX S PULASKI RD,620,BURGLARY,UNLAWFUL ENTRY,APARTMENT,False,True,2211,18,22.0,9.0,26,1170725.0,1894465.0,2016,2016-09-08 10:30:00,41.81283819,-87.52567685,"(41.81283819, -87.52567685)",2016,8,Thursday
10000188,JT025146,2018-03-24 14:31:00,34XX W WESTERN AVE,620,BURGLARY,UNLAWFUL ENTRY,STREET,False,False,221,24,16.0,4.0,12,1168087.0,1888438.0,2018,2018-04-23 14:31:00,41.9811876,-87.6203326,"(41.9811876, -87.6203326)",2018,3,Saturday
10000189,AN343911,2020-10-05 09:40:00,13XX E ASHLAND AVE,510,ASSAULT,AGGRAVATED: HANDGUN,VEHICLE NON-COMMERCIAL,False,False,1811,4,39.0,22.0,10,1163572.0,1905837.0,2020,2020-10-11 09:40:00,41.94349847,-87.56003684,"(41.94349847, -87.56003684)",2020,10,Monday
10000190,TD166329,2016-04-11 14:58:00,23XX E MICHIGAN AVE,460,BATTERY,SIMPLE,SIDEWALK,False,False,1411,4,9.0,3.0,09,1199379.0,1891849.0,2016,2016-04-14 14:58:00,41.73170419,-87.66741863,"(41.73170419, -87.66741863)",2016,4,Monday
10000191,VY931572,2015-08-31 15:58:00,4XX N ASHLAND AVE,850,DECEPTIVE PRACTICE,FRAUD,SIDEWALK,False,False,111,2,5.0,39.0,10,1195058.0,1864782.0,2015,2015-09-09 15:58:00,41.96602942,-87.73837964,"(41.96602942, -87.73837964)",2015,8,Monday
10000192,CZ111775,2015-01-18 23:06:00,28XX S DIVISION ST,850,DECEPTIVE PRACTICE,FRAUD,UNKNOWN,False,False,912,7,33.0,61.0,12,1191737.0,1928504.0,2015,2015-02-17 23:06:00,41.89205771,-87.76780265,"(41.89205771, -87.76780265)",2015,1,Sunday
10000193,KP199093,2021-03-18 14:54:00,16XX S NORTH AVE,312,ROBBERY,ARMED: HANDGUN,PARK PROPERTY,True,False,912,7,5.0,61.0,03,1171902.0,1902683.0,2021,2021-04-01 14:54:00,41.83749451,-87.76844843,"(41.83749451, -87.76844843)",2021,3,Thursday
10000194,VM016336,2023-11-08 20:25:00,4XX N STATE ST,750,THEFT,THEFT $500 AND UNDER,BAR OR TAVERN,False,False,1511,17,43.0,52.0,04B,1174467.0,1868465.0,2023,2023-11-20 20:25:00,41.82639042,-87.76334298,"(41.82639042, -87.76334298)",2023,11,Wednesday
10000195,LI375455,2021-01-23 16:48:00,91XX S FULLERTON AVE,750,THEFT,THEFT $500 AND UNDER,HOSPITAL BUILDING/GROUNDS,False,False,1211,15,8.0,50.0,08B,1177833.0,1918828.0,2021,2021-01-25 16:48:00,41.82789687,-87.79014206,"(41.82789687, -87.79014206)",2021,1,Saturday
10000196,RG659033,2018-03-11 12:01:00,53XX E STATE ST,910,VANDALISM,CRIMINAL DAMAGE,UNKNOWN,False,False,911,2,9.0,47.0,10,1169028.0,1884251.0,2018,2018-03-30 12:01:00,41.91955821,-87.6124541,"(41.91955821, -87.6124541)",2018,3,Sunday
10000197,JL487852,2021-08-05 02:20:00,44XX S BROADWAY,850,DECEPTIVE PRACTICE,FRAUD,UNKNOWN,True,False,2011,20,25.0,42.0,20,1174836.0,1914916.0,2021,2021-08-18 02:20:00,41.89725919,-87.73822751,"(41.89725919, -87.73822751)",2021,8,Thursday
10000198,GN658651,2018-10-11 11:36:00,26XX W NORTH AVE,850,DECEPTIVE PRACTICE,FRAUD,CTA BUS,False,True,511,18,31.0,55.0,09,1164995.0,1903076.0,2018,2018-11-06 11:36:00,41.93712168,-87.64860814,"(41.93712168, -87.64860814)",2018,10,Thursday
10000199,RG210734,2015-09-03 16:23:00,37XX S CLARK ST,1240,NARCOTICS,POSS: HEROIN(WHITE),CTA TRAIN,False,False,712,5,16.0,20.0,08A,1181696.0,1917677.0,2015,2015-09-18 16:23:00,41.94805578,-87.52665866,"(41.94805578, -87.52665866)",2015,9,Thursday
10000200,CT958992,2016-12-21 18:02:00,51XX S CICERO AVE,312,ROBBERY,ARMED: HANDGUN,"SCHOOL, PUBLIC, BUILDING",True,False,211,17,2.0,8.0,03,1194838.0,1903733.0,2016,2017-01-14 18:02:00,41.70907451,-87.51347346,"(41.70907451, -87.51347346)",2016,12,Wednesday
10000201,WY378096,2019-09-29 10:06:00,61XX S CLARK ST,460,BATTERY,SIMPLE,STREET,True,False,1111,7,18.0,57.0,12,1197435.0,1875319.0,2019,2019-10-05 10:06:00,41.83710757,-87.6875885,"(41.83710757, -87.6875885)",2019,9,Sunday
10000202,UH074793,2022-09-07 08:55:00,57XX E DIVISION ST,560,ASSAULT,SIMPLE,SIDEWALK,False,False,1022,16,25.0,2.0,05,1187833.0,1873793.0,2022,2022-09-15 08:55:00,41.78026645,-87.51910328,"(41.78026645, -87.51910328)",2022,9,Wednesday
10000203,UI472687,2020-01-31 18:48:00,32XX S DIVISION ST,850,DECEPTIVE PRACTICE,FRAUD,CTA TRAIN,False,False,1211,24,42.0,24.0,05,1165686.0,1856578.0,2020,2020-02-02 18:48:00,41.81019855,-87.651374465,UNKNOWN,2020,1,Friday
10000204,SL946171,2021-04-06 18:40:00,22XX N MICHIGAN AVE,650,MOTOR VEHICLE THEFT,AUTOMOBILE,RESTAURANT,False,False,612,3,30.0,26.0,10,1163007.0,1857124.0,2021,2021-04-14 18:40:00,41.81031047,-87.67132899,"(41.81031047, -87.67132899)",2021,4,Tuesday
10000205,WZ323450,2022-08-05 09:11:00,2XX W ASHLAND AVE,486,BATTERY,DOMESTIC BATTERY AGGRAVATED,STREET,True,True,612,5,2.0,38.0,03,1179145.0,1901778.0,2022,2022-08-19 09:11:00,41.82529301,-87.72550461,"(41.82529301, -87.72550461)",2022,8,Friday
10000206,WD351101,2023-05-23 20:00:00,65XX W MADISON ST,460,BATTERY,SIMPLE,RESTAURANT,False,False,712,18,40.0,49.0,05,1152056.0,1864349.0,2023,2023-06-01 20:00:00,41.72967148,-87.53233222,"(41.72967148, -87.53233222)",2023,5,Tuesday
10000207,SL990374,2018-07-06 14:10:00,61XX E COTTAGE GROVE AVE,320,ROBBERY,STRONGARM - NO WEAPON,PARKING LOT / GARAGE(NON.RESID.),False,False,1911,17,49.0,20.0,02,1157431.0,1868388.0,2018,2018-07-17 14:10:00,41.92946605,-87.78403334,"(41.92946605, -87.78403334)",2018,7,Friday
10000208,JY130474,2022-06-09 17:37:00,37XX N NORTH AVE,486,BATTERY,DOMESTIC BATTERY AGGRAVATED,RESTAURANT,True,True,411,18,50.0,40.0,01A,1183845.0,1920989.0,2022,2022-06-10 17:37:00,41.71305064,-87.56952397,"(41.71305064, -87.56952397)",2022,6,Thursday
10000209,AF346912,2023-03-27 21:51:00,31XX W HALSTED ST,560,ASSAULT,SIMPLE,RETAIL STORE,False,True,711,5,14.0,7.0,05,1169069.0,1881908.0,2023,2023-04-15 21:51:00,41.71121723,-87.51442994,"(41.71121723, -87.51442994)",2023,3,Monday
10000210,NQ040839,2019-05-09 15:36:00,83XX S FULLERTON AVE,620,BURGLARY,UNLAWFUL ENTRY,RETAIL STORE,False,False,912,15,6.0,55.0,07,1167087.0,1887081.0,2019,2019-05-29 15:36:00,41.81780513,-87.78786857,"(41.81780513, -87.78786857)",2019,5,Thursday
10000211,WH546629,2019-10-07 14:29:00,6XX N DIVISION ST,320,ROBBERY,STRONGARM - NO WEAPON,ALLEY,False,False,612,20,17.0,46.0,11,1173143.0,1912894.0,2019,2019-10-29 14:29:00,41.69488061,-87.57784515,UNKNOWN,2019,10,Monday
10000212,DA109826,2019-06-06 07:10:00,51XX E HALSTED ST,312,ROBBERY,ARMED: HANDGUN,CTA TRAIN,False,False,2411,17,30.0,52.0,20,1184533.0,1927051.0,2019,2019-06-27 07:10:00,41.93393974,-87.61497655,"(41.93393974, -87.61497655)",2019,6,Thursday
10000213,WT552445,2016-04-22 09:09:00,14XX W DIVISION ST,510,ASSAULT,AGGRAVATED: HANDGUN,CONVENIENCE STORE,False,False,112,16,32.0,61.0,01A,1174984.0,1854073.0,2016,2016-05-16 09:09:00,41.75040153,-87.62917086,"(41.75040153, -87.62917086)",2016,4,Friday
10000214,WS349634,2020-04-22 07:39:00,44XX W ASHLAND AVE,910,VANDALISM,CRIMINAL DAMAGE,ALLEY,True,False,112,12,29.0,56.0,20,1175381.0,1897012.0,2020,2020-05-13 07:39:00,41.83077213,-87.66856679,"(41.83077213, -87.66856679)",2020,4,Wednesday
10000215,LQ122330,2016-02-18 20:31:00,5XX N MADISON ST,510,ASSAULT,AGGRAVATED: HANDGUN,RESTAURANT,False,False,121,8,14.0,72.0,15,1158735.0,1918756.0,2016,2016-02-28 20:31:00,41.7682424,-87.59692164,"(41.7682424, -87.59692164)",2016,2,Thursday
10000216,TC631844,2023-12-17 15:53:00,91XX W FULLERTON AVE,750,THEFT,THEFT $500 AND UNDER,"SCHOOL, PUBLIC, BUILDING",True,True,1911,4,7.0,14.0,08B,1195549.0,1862562.0,2023,2024-01-11 15:53:00,41.87897783,-87.53873916,"(41.87897783, -87.53873916)",2023,12,Sunday
10000217,US503474,2022-01-22 18:09:00,4XX W ASHLAND AVE,910,VANDALISM,CRIMINAL DAMAGE,STREET,False,False,311,18,27.0,30.0,10,1192619.0,1913568.0,2022,2022-02-16 18:09:00,41.8127928,-87.66237408,"(41.8127928, -87.66237408)",2022,1,Saturday
10000218,QX664386,2020-10-30 23:26:00,90XX W GRAND AVE,312,ROBBERY,ARMED: HANDGUN,RETAIL STORE,False,False,712,25,45.0,71.0,04B,1195010.0,1898832.0,2020,2020-11-12 23:26:00,41.79324721,-87.55189893,"(41.79324721, -87.55189893)",2020,10,Friday
10000219,GN179450,2017-05-25 07:35:00,15XX N CHICAGO AVE,110,HOMICIDE,FIRST DEGREE MURDER,"SCHOOL, PUBLIC, BUILDING",True,False,112,18,22.0,21.0,15,1188707.0,1908120.0,2017,2017-06-04 07:35:00,41.86775108,-87.72759807,"(41.86775108, -87.72759807)",2017,5,Thursday
10000220,CB844355,2018-12-05 12:42:00,19XX W DIVISION ST,320,ROBBERY,STRONGARM - NO WEAPON,PARK PROPERTY,False,False,1011,20,44.0,18.0,04A,1191142.0,1878901.0,2018,2018-12-31 12:42:00,41.78835409,-87.62528929,"(41.78835409, -87.62528929)",2018,12,Wednesday
10000221,PK150139,2019-09-04 20:09:00,72XX E WESTERN AVE,650,MOTOR VEHICLE THEFT,AUTOMOBILE,CONVENIENCE STORE,False,False,311,5,32.0,59.0,05,1172771.0,1852608.0,2019,2019-09-21 20:09:00,41.84874233,-87.59165879,"(41.84874233, -87.59165879)",2019,9,Wednesday
10000222,NL448376,2017-01-19 20:31:00,93XX S ASHLAND AVE,460,BATTERY,SIMPLE,"SCHOOL, PUBLIC, BUILDING",False,False,122,4,36.0,45.0,14,1195014.0,1912507.0,2017,2017-01-20 20:31:00,41.86191773,-87.63027081,"(41.86191773, -87.63027081)",2017,1,Thursday
10000223,RN922885,2016-11-09 19:36:00,65XX N WESTERN AVE,740,THEFT,THEFT OVER $500,HOSPITAL BUILDING/GROUNDS,True,False,1911,10,36.0,16.0,14,1197864.0,1891740.0,2016,2016-11-30 19:36:00,41.84061179,-87.57271545,"(41.8525503, -87.57271545)",2016,11,Wednesday
10000224,AB334338,2020-12-02 12:16:00,79XX E COTTAGE GROVE AVE,750,THEFT,THEFT $500 AND UNDER,VEHICLE NON-COMMERCIAL,False,False,321,4,7.0,70.0,02,1197608.0,1904288.0,2020,2020-12-05 12:16:00,41.92049141,-87.75373179,"(41.92049141, -87.75373179)",2020,12,Wednesday
10000225,LW571512,2018-07-27 15:26:00,17XX E DIVISION ST,510,ASSAULT,AGGRAVATED: HANDGUN,HOSPITAL BUILDING/GROUNDS,False,True,521,17,2.0,40.0,19,1155075.0,1911038.0,2018,2018-07-30 15:26:00,41.85622258,-87.62414819,UNKNOWN,2018,7,Friday
10000226,SZ825889,2020-05-29 11:16:00,90XX N ASHLAND AVE,1110,SEX OFFENSE,CRIMINAL SEXUAL ABUSE,CTA BUS,False,False,511,25,25.0,45.0,11,1178154.0,1874051.0,2020,2020-06-25 11:16:00,41.70364542,-87.57824512,"(41.70364542, -87.57824512)",2020,5,Friday
10000227,XV419363,2016-07-01 18:00:00,84XX N MICHIGAN AVE,740,THEFT,THEFT OVER $500,APARTMENT,False,False,411,17,1.0,2.0,19,1176906.0,1890235.0,2016,2016-07-21 18:00:00,41.9009899,-87.57126043,"(41.9009899, -87.57126043)",2016,7,Friday
10000228,CH511766,2022-12-14 13:05:00,1XX S NORTH AVE,850,DECEPTIVE PRACTICE,FRAUD,COMMERCIAL / BUSINESS OFFICE,True,False,521,22,41.0,39.0,06,1195225.0,1906557.0,2022,2023-01-10 13:05:00,41.79889975,-87.71577309,"(41.79889975, -87.71577309)",2022,12,Wednesday
10000229,DN450709,2017-02-24 20:01:00,56XX W CLARK ST,312,ROBBERY,ARMED: HANDGUN,GAS STATION,False,True,1911,25,26.0,33.0,09,1182501.0,1918308.0,2017,2017-03-19 20:01:00,41.84061179,-87.59807006,"(41.81813434, -87.59807006)",2017,2,Friday
10000230,MY885205,2019-10-02 22:58:00,33XX S WESTERN AVE,1310,NARCOTICS,POSS: COCAINE,SIDEWALK,True,False,712,7,11.0,43.0,09,1151201.0,1913777.0,2019,2019-10-10 22:58:00,41.69836183,-87.67041532,"(41.69836183, -87.67041532)",2019,10,Wednesday
10000231,WU644461,2015-09-24 20:03:00,80XX W CICERO AVE,610,BURGLARY,FORCIBLE ENTRY,APARTMENT,False,True,2511,16,4.0,39.0,04A,1164745.0,1880516.0,2015,2015-10-24 20:03:00,41.89326934,-87.63222258,"(41.89326934, -87.63222258)",2015,9,Thursday
10000232,PO146295,2017-03-04 21:08:00,56XX E BROADWAY,650,MOTOR VEHICLE THEFT,AUTOMOBILE,PARKING LOT / GARAGE(NON.RESID.),False,False,1111,18,17.0,46.0,17,1152203.0,1860214.0,2017,2017-03-25 21:08:00,41.74577702,-87.75869819,"(41.74577702, -87.75869819)",2017,3,Saturday
10000233,FA226279,2017-04-04 20:21:00,59XX N FULLERTON AVE,610,BURGLARY,FORCIBLE ENTRY,PARK PROPERTY,False,False,2411,25,31.0,60.0,04A,1164981.0,1876289.0,2017,2017-04-11 20:21:00,41.85982907,-87.69930185,"(41.85982907, -87.69930185)",2017,4,Tuesday
10000234,VX063719,2018-04-05 14:40:00,26XX N COTTAGE GROVE AVE,560,ASSAULT,SIMPLE,"SCHOOL, PUBLIC, BUILDING",True,False,412,12,3.0,4.0,05,1166990.0,1894360.0,2018,2018-04-24 14:40:00,41.95561467,-87.584349,"(41.95561467, -87.584349)",2018,4,Thursday
10000235,UI078898,2022-12-22 06:09:00,76XX S BROADWAY,910,VANDALISM,CRIMINAL DAMAGE,RESIDENCE,False,False,1811,5,13.0,25.0,18,1162227.0,1853695.0,2022,2023-01-20 06:09:00,41.86986475,-87.50690554,"(41.86986475, -87.50690554)",2022,12,Thursday
10000236,FF833859,2019-03-13 15:29:00,84XX N PULASKI RD,750,THEFT,THEFT $500 AND UNDER,HOSPITAL BUILDING/GROUNDS,False,False,1711,11,46.0,48.0,17,1170047.0,1923694.0,2019,2019-03-19 15:29:00,41.83843761,-87.71949936,"(41.83843761, -87.71949936)",2019,3,Wednesday
10000237,YC002133,2018-10-09 14:29:00,38XX N CLARK ST,486,BATTERY,DOMESTIC BATTERY AGGRAVATED,RESTAURANT,True,True,811,15,24.0,64.0,03,1163281.0,1856071.0,2018,2018-10-23 14:29:00,41.69741546,-87.66749345,"(41.69741546, -87.66749345)",2018,10,Tuesday
10000238,SL731762,2023-08-21 12:52:00,61XX S GRAND AVE,312,ROBBERY,ARMED: HANDGUN,HOSPITAL BUILDING/GROUNDS,False,False,111,14,26.0,75.0,06,1169875.0,1868154.0,2023,2023-09-02 12:52:00,41.91834816,-87.75521566,"(41.91834816, -87.75521566)",2023,8,Monday
10000239,FK511548,2018-12-23 12:26:00,73XX W NORTH AVE,560,ASSAULT,SIMPLE,SIDEWALK,False,False,1811,25,49.0,52.0,09,1156956.0,1928179.0,2018,2019-01-06 12:26:00,41.84061179,-87.7903373,"(41.86027323, -87.7903373)",2018,12,Sunday
10000240,TK928386,2019-04-30 11:14:00,17XX W FULLERTON AVE,5003,PUBLIC PEACE VIOLATION,DISORDERLY CONDUCT,COMMERCIAL / BUSINESS OFFICE,True,False,1221,25,34.0,9.0,04A,1170543.0,1862562.0,2019,2019-05-10 11:14:00,41.74154772,-87.651374465,"(41.74154772, -87.5420878)",2019,4,Tuesday
10000241,PV128749,2015-09-20 20:38:00,45XX E NORTH AVE,5003,PUBLIC PEACE VIOLATION,DISORDERLY CONDUCT,COMMERCIAL / BUSINESS OFFICE,False,False,2011,8,34.0,43.0,13,1164395.0,1920479.0,2015,2015-10-16 20:38:00,41.86283983,-87.57881279,"(41.86283983, -87.57881279)",2015,9,Sunday
10000242,MB673783,2022-06-23 22:44:00,33XX S STATE ST,2830,CRIMINAL TRESPASS,TO RESIDENCE,UNKNOWN,True,False,1911,7,32.0,53.0,05,1188975.0,1882807.0,2022,2022-07-17 22:44:00,41.91661906,-87.64868155,"(41.91661906, -87.64868155)",2022,6,Thursday
10000243,DJ206268,2017-09-19 19:28:00,98XX N CLARK ST,740,THEFT,THEFT OVER $500,SIDEWALK,False,False,321,17,18.0,21.0,20,1187072.0,1890235.0,2017,2017-09-24 19:28:00,41.74317098,-87.76275459,"(41.74317098, -87.76275459)",2017,9,Tuesday
10000244,KC351259,2019-03-15 21:12:00,22XX S STATE ST,486,BATTERY,DOMESTIC BATTERY AGGRAVATED,VEHICLE NON-COMMERCIAL,True,True,111,1,27.0,4.0,20,1174984.0,1920582.0,2019,2019-03-18 21:12:00,41.84061179,-87.59931516,"(41.74764555, -87.59931516)",2019,3,Friday
10000245,PZ669636,2022-05-19 20:41:00,22XX E WESTERN AVE,2830,CRIMINAL TRESPASS,TO RESIDENCE,GAS STATION,False,False,511,12,3.0,9.0,17,1185626.0,1890235.0,2022,2022-06-08 20:41:00,41.83987281,-87.50285771,"(41.83987281, -87.50285771)",2022,5,Thursday
10000246,FJ627948,2023-04-27 10:37:00,48XX W BROADWAY,730,THEFT,SHOPLIFTING,GAS STATION,False,False,2511,1,15.0,3.0,04B,1162177.0,1856351.0,2023,2023-05-20 10:37:00,41.7609189,-87.67145064,UNKNOWN,2023,4,Thursday
10000247,YD157254,2023-03-21 12:15:00,25XX N ASHLAND AVE,5003,PUBLIC PEACE VIOLATION,DISORDERLY CONDUCT,ALLEY,False,False,521,19,4.0,32.0,03,1150302.0,1919589.0,2023,2023-03-28 12:15:00,41.7864911,-87.66729173,"(41.7864911, -87.66729173)",2023,3,Tuesday
10000248,WT951724,2018-01-18 21:30:00,3XX W DIVISION ST,5003,PUBLIC PEACE VIOLATION,DISORDERLY CONDUCT,PARK PROPERTY,False,False,321,12,26.0,49.0,14,1157793.0,1926300.0,2018,2018-01-21 21:30:00,41.87281827,-87.66997085,UNKNOWN,2018,1,Thursday
10000249,TY773763,2020-08-12 19:23:00,50XX S PULASKI RD,110,HOMICIDE,FIRST DEGREE MURDER,PARK PROPERTY,False,False,912,14,27.0,51.0,04A,1194249.0,1929397.0,2020,2020-08-28 19:23:00,41.98625662,-87.77862969,"(41.98625662, -87.77862969)",2020,8,Wednesday
10000250,NE482396,2022-10-27 18:09:00,50XX W HALSTED ST,750,THEFT,THEFT $500 AND UNDER,RETAIL STORE,False,False,612,22,30.0,19.0,26,1155836.0,1857384.0,2022,2022-11-05 18:09:00,41.8887814,-87.75157178,"(41.8887814, -87.75157178)",2022,10,Thursday
10000251,EE145152,2016-08-07 11:13:00,37XX W COTTAGE GROVE AVE,740,THEFT,THEFT OVER $500,ALLEY,False,False,111,14,45.0,40.0,19,1184815.0,1891996.0,2016,2016-09-06 11:13:00,41.69047357,-87.77904755,"(41.69047357, -87.77904755)",2016,8,Sunday
10000252,FU359247,2022-02-19 09:18:00,86XX N WESTERN AVE,110,HOMICIDE,FIRST DEGREE MURDER,GAS STATION,True,False,122,14,8.0,36.0,01A,1155040.0,1854884.0,2022,2022-02-22 09:18:00,41.83336914,-87.59815862,"(41.83336914, -87.59815862)",2022,2,Saturday
10000253,LR856069,2015-08-23 23:55:00,97XX S CHICAGO AVE,750,THEFT,THEFT $500 AND UNDER,GROCERY FOOD STORE,False,False,1022,4,1.0,59.0,26,1193450.0,1872357.0,2015,2015-09-03 23:55:00,41.73165891,-87.61942725,"(41.73165891, -87.61942725)",2015,8,Sunday
10000254,UH658141,2023-11-27 06:27:00,5XX S FULLERTON AVE,560,ASSAULT,SIMPLE,"SCHOOL, PUBLIC, BUILDING",False,False,1011,17,43.0,13.0,15,1178594.0,1918544.0,2023,2023-12-27 06:27:00,41.73294843,-87.64398367,UNKNOWN,2023,11,Monday
10000255,QJ773658,2018-08-30 21:49:00,43XX S HALSTED ST,620,BURGLARY,UNLAWFUL ENTRY,"SCHOOL, PUBLIC, BUILDING",False,False,1411,8,47.0,33.0,26,1181677.0,1889356.0,2018,2018-09-08 21:49:00,41.88964291,-87.52317914,"(41.88964291, -87.52317914)",2018,8,Thursday
10000256,KN419844,2021-06-04 13:54:00,17XX S WESTERN AVE,2830,CRIMINAL TRESPASS,TO RESIDENCE,PARKING LOT / GARAGE(NON.RESID.),True,False,712,14,37.0,1.0,20,1165982.0,1879201.0,2021,2021-06-15 13:54:00,41.94413558,-87.50604515,"(41.94413558, -87.50604515)",2021,6,Friday
10000257,WS289103,2018-01-25 23:45:00,90XX N COTTAGE GROVE AVE,320,ROBBERY,STRONGARM - NO WEAPON,CONVENIENCE STORE,True,False,1511,17,41.0,28.0,07,1157635.0,1907341.0,2018,2018-02-13 23:45:00,41.70764378,-87.55693695,"(41.70764378, -87.55693695)",2018,1,Thursday
10000258,SO691948,2021-02-22 14:08:00,95XX N CHICAGO AVE,650,MOTOR VEHICLE THEFT,AUTOMOBILE,SIDEWALK,False,False,1221,20,4.0,39.0,06,1194860.0,1866781.0,2021,2021-03-05 14:08:00,41.82256512,-87.65526748,"(41.82256512, -87.65526748)",2021,2,Monday
10000259,WQ263104,2016-08-31 17:25:00,85XX N GRAND AVE,460,BATTERY,SIMPLE,BAR OR TAVERN,False,False,1022,2,8.0,31.0,20,1168768.0,1905343.0,2016,2016-09-08 17:25:00,41.97636661,-87.60416091,"(41.97636661, -87.60416091)",2016,8,Wednesday
10000260,NP771798,2019-04-22 15:41:00,51XX W HALSTED ST,650,MOTOR VEHICLE THEFT,AUTOMOBILE,OTHER,True,True,311,15,20.0,40.0,01A,1159244.0,1915029.0,2019,2019-05-15 15:41:00,41.96266416,-87.56143255,"(41.96266416, -87.56143255)",2019,4,Monday
10000261,DM399656,2015-12-26 16:54:00,67XX E GRAND AVE,800,ARSON,AGGRAVATED,STREET,False,False,1611,2,6.0,16.0,02,1182907.0,1869866.0,2015,2016-01-20 16:54:00,41.74148096,-87.50686907,"(41.74148096, -87.50686907)",2015,12,Saturday
10000262,QH667565,2019-01-10 11:46:00,19XX S HALSTED ST,460,BATTERY,SIMPLE,PARKING LOT / GARAGE(NON.RESID.),True,False,612,15,5.0,71.0,26,1197237.0,1904122.0,2019,2019-01-30 11:46:00,41.73899581,-87.66317968,"(41.73899581, -87.66317968)",2019,1,Thursday
10000263,ES384578,2022-09-02 16:04:00,49XX N WESTERN AVE,610,BURGLARY,FORCIBLE ENTRY,OTHER,False,False,812,24,6.0,47.0,07,1154897.0,1928358.0,2022,2022-09-13 16:04:00,41.92942921,-87.71790596,"(41.92942921, -87.71790596)",2022,9,Friday
10000264,RK443429,2023-11-05 16:38:00,7XX E CICERO AVE,850,DECEPTIVE PRACTICE,FRAUD,"SCHOOL, PUBLIC, BUILDING",True,False,311,14,31.0,76.0,08A,1157133.0,1895404.0,2023,2023-12-04 16:38:00,41.9039668,-87.60273112,"(41.9039668, -87.60273112)",2023,11,Sunday
10000265,KQ977772,2023-03-09 10:05:00,62XX W WESTERN AVE,910,VANDALISM,CRIMINAL DAMAGE,BAR OR TAVERN,False,False,711,20,4.0,11.0,04B,1171199.0,1890694.0,2023,2023-03-15 10:05:00,41.95230589,-87.5113501,"(41.95230589, -87.5113501)",2023,3,Thursday
10000266,HF752396,2016-12-17 06:53:00,38XX E FULLERTON AVE,910,VANDALISM,CRIMINAL DAMAGE,STREET,False,False,1121,18,23.0,7.0,04A,1183953.0,1916538.0,2016,2016-12-22 06:53:00,41.84061179,-87.69861242,"(41.98091852, -87.69861242)",2016,12,Saturday
10000267,FK241814,2016-03-14 00:56:00,1XX S CLARK ST,910,VANDALISM,CRIMINAL DAMAGE,ALLEY,True,False,111,6,26.0,46.0,14,1174984.0,1859907.0,2016,2016-04-07 00:56:00,41.71542313,-87.64570442,"(41.71542313, -87.64570442)",2016,3,Monday
10000268,DY713060,2016-07-01 14:47:00,42XX W NORTH AVE,740,THEFT,THEFT OVER $500,CTA TRAIN,False,False,1411,2,11.0,26.0,04B,1174778.0,1904538.0,2016,2016-07-12 14:47:00,41.72563769,-87.65327965,"(41.72563769, -87.65327965)",2016,7,Friday
10000269,ZP621099,2016-09-16 19:11:00,94XX S PULASKI RD,750,THEFT,THEFT $500 AND UNDER,OTHER,False,False,612,9,50.0,15.0,26,1185323.0,1914796.0,2016,2016-09-24 19:11:00,41.93618282,-87.74047626,"(41.93618282, -87.74047626)",2016,9,Friday
10000270,FM911933,2019-10-12 15:32:00,1XX N MADISON ST,1310,NARCOTICS,POSS: COCAINE,APARTMENT,True,False,221,24,4.0,39.0,02,1165992.0,1853804.0,2019,2019-10-26 15:32:00,41.79530735,-87.67457774,"(41.79530735, -87.67457774)",2019,10,Saturday
10000271,YB537927,2021-10-12 13:41:00,25XX S GRAND AVE,1310,NARCOTICS,POSS: COCAINE,UNKNOWN,False,False,211,7,38.0,50.0,19,1179328.0,1922974.0,2021,2021-10-21 13:41:00,41.91277623,-87.7638937,"(41.91277623, -87.7638937)",2021,10,Tuesday
10000272,TK689173,2019-02-08 15:45:00,6XX N PULASKI RD,1020,WEAPONS VIOLATION,UNLAWFUL POSS OF HANDGUN,PARK PROPERTY,False,False,1111,15,5.0,62.0,08B,1174984.0,1927398.0,2019,2019-02-12 15:45:00,41.92726555,-87.651374465,"(41.92726555, -87.74991946)",2019,2,Friday
10000273,HU628503,2020-10-01 15:45:00,19XX E ASHLAND AVE,2830,CRIMINAL TRESPASS,TO RESIDENCE,GROCERY FOOD STORE,False,False,521,18,17.0,39.0,19,1176678.0,1873347.0,2020,2020-10-25 15:45:00,41.72573102,-87.73282116,"(41.72573102, -87.73282116)",2020,10,Thursday
10000274,VF258712,2015-08-23 17:00:00,49XX E PULASKI RD,610,BURGLARY,FORCIBLE ENTRY,GROCERY FOOD STORE,False,True,411,12,15.0,36.0,26,1196950.0,1896660.0,2015,2015-09-19 17:00:00,41.88719528,-87.53960542,"(41.88719528, -87.53960542)",2015,8,Sunday
10000275,PJ087602,2023-03-07 09:18:00,13XX S MICHIGAN AVE,610,BURGLARY,FORCIBLE ENTRY,PARKING LOT / GARAGE(NON.RESID.),False,False,1022,10,11.0,23.0,11,1172751.0,1890235.0,2023,2023-03-08 09:18:00,41.73305671,-87.67208149,"(41.73305671, -87.67208149)",2023,3,Tuesday
10000276,NV190416,2022-12-07 06:08:00,14XX E WESTERN AVE,1310,NARCOTICS,POSS: COCAINE,PARK PROPERTY,True,False,712,20,29.0,21.0,02,1181374.0,1859846.0,2022,2022-12-23 06:08:00,41.70676265,-87.59238764,"(41.70676265, -87.59238764)",2022,12,Wednesday
10000277,JC969870,2018-02-28 13:39:00,88XX E BROADWAY,312,ROBBERY,ARMED: HANDGUN,UNKNOWN,False,False,113,4,24.0,11.0,20,1183971.0,1862017.0,2018,2018-03-11 13:39:00,41.84914419,-87.62011655,"(41.84914419, -87.62011655)",2018,2,Wednesday
10000278,UR244558,2020-05-13 20:07:00,53XX E ASHLAND AVE,910,VANDALISM,CRIMINAL DAMAGE,COMMERCIAL / BUSINESS OFFICE,True,False,312,15,47.0,36.0,26,1165965.0,1883906.0,2020,2020-06-01 20:07:00,41.7445617,-87.68449478,"(41.7445617, -87.68449478)",2020,5,Wednesday
10000279,FF716176,2017-04-12 23:01:00,71XX W CICERO AVE,1310,NARCOTICS,POSS: COCAINE,STREET,True,False,221,19,31.0,18.0,04B,1190950.0,1873575.0,2017,2017-04-24 23:01:00,41.94462545,-87.53996825,"(41.94462545, -87.53996825)",2017,4,Wednesday
10000280,CB661134,2015-11-20 11:00:00,89XX N BROADWAY,850,DECEPTIVE PRACTICE,FRAUD,CTA BUS,False,False,1411,15,10.0,24.0,19,1170576.0,1876986.0,2015,2015-12-09 11:00:00,41.89956918,-87.71014769,"(41.89956918, -87.71014769)",2015,11,Friday
10000281,EU611068,2016-01-12 16:08:00,41XX W NORTH AVE,750,THEFT,THEFT $500 AND UNDER,UNKNOWN,False,False,521,7,26.0,8.0,14,1153860.0,1905394.0,2016,2016-02-05 16:08:00,41.98279622,-87.61847498,"(41.98279622, -87.61847498)",2016,1,Tuesday
10000282,NI331638,2022-02-27 22:15:00,97XX E NORTH AVE,740,THEFT,THEFT OVER $500,BAR OR TAVERN,False,False,113,3,37.0,73.0,10,1197175.0,1850678.0,2022,2022-03-08 22:15:00,41.70370418,-87.70562591,"(41.70370418, -87.70562591)",2022,2,Sunday
10000283,UI384873,2016-09-12 18:05:00,84XX E GRAND AVE,460,BATTERY,SIMPLE,OTHER,False,False,511,24,6.0,30.0,18,1198183.0,1891304.0,2016,2016-10-11 18:05:00,41.92064771,-87.651374465,"(41.92064771, -87.75168589)",2016,9,Monday
10000284,ZZ749994,2018-06-21 16:51:00,91XX W CLARK ST,650,MOTOR VEHICLE THEFT,AUTOMOBILE,RETAIL STORE,False,False,1221,3,32.0,13.0,05,1168166.0,1857138.0,2018,2018-07-17 16:51:00,41.73844175,-87.7159648,"(41.73844175, -87.7159648)",2018,6,Thursday
10000285,EK034046,2019-03-11 06:26:00,14XX E NORTH AVE,486,BATTERY,DOMESTIC BATTERY AGGRAVATED,CTA BUS,False,True,2511,16,17.0,6.0,04B,1184987.0,1894864.0,2019,2019-03-28 06:26:00,41.7071176,-87.56282281,"(41.7071176, -87.56282281)",2019,3,Monday
10000286,YJ440896,2015-09-22 12:38:00,77XX W STATE ST,730,THEFT,SHOPLIFTING,ALLEY,False,True,221,7,45.0,61.0,02,1182010.0,1875614.0,2015,2015-10-08 12:38:00,41.73672234,-87.65900974,"(41.73672234, -87.65900974)",2015,9,Tuesday
10000287,XO858175,2022-07-05 21:11:00,90XX W CHICAGO AVE,620,BURGLARY,UNLAWFUL ENTRY,GAS STATION,False,False,812,2,26.0,55.0,05,1174081.0,1892840.0,2022,2022-08-01 21:11:00,41.74958159,-87.51741751,"(41.74958159, -87.51741751)",2022,7,Tuesday
10000288,YZ508085,2017-12-12 16:00:00,28XX E PULASKI RD,750,THEFT,THEFT $500 AND UNDER,CONVENIENCE STORE,True,False,2211,5,41.0,58.0,11,1177304.0,1863288.0,2017,2017-12-27 16:00:00,41.9837096,-87.67394717,"(41.9837096, -87.67394717)",2017,12,Tuesday
10000289,UC664479,2016-04-09 22:29:00,80XX N HALSTED ST,650,MOTOR VEHICLE THEFT,AUTOMOBILE,CTA BUS,False,False,2411,12,12.0,71.0,26,1184014.0,1900728.0,2016,2016-04-23 22:29:00,41.77550838,-87.60211832,"(41.77550838, -87.60211832)",2016,4,Saturday
10000290,AX007857,2016-04-13 09:30:00,40XX W CICERO AVE,486,BATTERY,DOMESTIC BATTERY AGGRAVATED,ALLEY,True,True,1022,12,30.0,53.0,08A,1164180.0,1920368.0,2016,2016-04-17 09:30:00,41.80239314,-87.73281902,"(41.80239314, -87.73281902)",2016,4,Wednesday
10000291,VE300071,2023-12-27 22:27:00,16XX W CLARK ST,486,BATTERY,DOMESTIC BATTERY AGGRAVATED,HOSPITAL BUILDING/GROUNDS,False,True,1022,24,25.0,23.0,15,1154978.0,1914093.0,2023,2024-01-01 22:27:00,41.84518312,-87.66877952,"(41.84518312, -87.66877952)",2023,12,Wednesday
10000292,CY112108,2019-01-06 09:41:00,19XX N WESTERN AVE,1200,NARCOTICS,POSS: CANNABIS 30GMS OR LESS,VEHICLE NON-COMMERCIAL,False,False,1811,8,20.0,25.0,03,1174984.0,1854139.0,2019,2019-02-04 09:41:00,41.93212922,-87.68656791,"(41.93212922, -87.68656791)",2019,1,Sunday
10000293,NG165572,2019-03-18 21:40:00,62XX N COTTAGE GROVE AVE,740,THEFT,THEFT OVER $500,VEHICLE NON-COMMERCIAL,True,False,712,16,11.0,24.0,10,1151572.0,1928073.0,2019,2019-04-17 21:40:00,41.86018815,-87.61800354,"(41.86018815, -87.61800354)",2019,3,Monday
10000294,EF744523,2016-01-12 13:35:00,51XX N BROADWAY,460,BATTERY,SIMPLE,PARK PROPERTY,False,False,1121,10,30.0,64.0,08A,1184352.0,1920985.0,2016,2016-02-02 13:35:00,41.74791627,-87.74811215,"(41.74791627, -87.74811215)",2016,1,Tuesday
10000295,DI067253,2020-09-25 11:26:00,85XX E CHICAGO AVE,610,BURGLARY,FORCIBLE ENTRY,RESIDENCE,False,True,911,22,42.0,68.0,06,1159295.0,1869625.0,2020,2020-10-05 11:26:00,41.93271214,-87.67118396,"(41.93271214, -87.67118396)",2020,9,Friday
10000296,PP200750,2022-07-12 06:57:00,16XX W COTTAGE GROVE AVE,1240,NARCOTICS,POSS: HEROIN(WHITE),PARKING LOT / GARAGE(NON.RESID.),False,False,811,15,44.0,56.0,04A,1152339.0,1871953.0,2022,2022-08-02 06:57:00,41.70489792,-87.65181972,"(41.70489792, -87.65181972)",2022,7,Tuesday
10000297,YC281987,2016-01-25 20:26:00,64XX N CHICAGO AVE,510,ASSAULT,AGGRAVATED: HANDGUN,RESIDENCE,False,False,911,10,18.0,41.0,13,1169666.0,1905716.0,2016,2016-02-18 20:26:00,41.7839524,-87.61630381,"(41.7839524, -87.61630381)",2016,1,Monday
10000298,WT894415,2017-11-29 21:02:00,16XX S MADISON ST,312,ROBBERY,ARMED: HANDGUN,CONVENIENCE STORE,True,False,612,2,20.0,10.0,13,1158516.0,1861021.0,2017,2017-12-03 21:02:00,41.93374566,-87.71902638,"(41.93374566, -87.71902638)",2017,11,Wednesday
10000299,VT539768,2021-04-06 20:15:00,14XX E PULASKI RD,460,BATTERY,SIMPLE,PARKING LOT / GARAGE(NON.RESID.),True,False,122,24,48.0,27.0,14,1173407.0,1880804.0,2021,2021-04-28 20:15:00,41.75374264,-87.59885031,"(41.75374264, -87.59885031)",2021,4,Tuesday
10000300,JD532343,2018-02-12 14:43:00,4XX W GRAND AVE,486,BATTERY,DOMESTIC BATTERY AGGRAVATED,GROCERY FOOD STORE,True,True,312,20,42.0,14.0,08A,1150829.0,1886867.0,2018,2018-02-22 14:43:00,41.72215202,-87.76694025,"(41.72215202, -87.76694025)",2018,2,Monday
10000301,KC782273,2020-12-09 17:33:00,36XX S NORTH AVE,620,BURGLARY,UNLAWFUL ENTRY,OTHER,False,False,611,4,44.0,40.0,04A,1163308.0,1855267.0,2020,2020-12-23 17:33:00,41.70594133,-87.78929361,"(41.70594133, -87.78929361)",2020,12,Wednesday
10000302,PZ542185,2022-09-18 10:20:00,10XX S MICHIGAN AVE,620,BURGLARY,UNLAWFUL ENTRY,"SCHOOL, PUBLIC, BUILDING",False,False,812,3,11.0,24.0,08A,1166702.0,1864201.0,2022,2022-10-10 10:20:00,41.69382045,-87.65761979,"(41.69382045, -87.65761979)",2022,9,Sunday
10000303,RS098614,2023-03-29 13:34:00,62XX N CLARK ST,312,ROBBERY,ARMED: HANDGUN,CTA TRAIN,False,False,912,25,32.0,33.0,18,1175891.0,1903114.0,2023,2023-04-07 13:34:00,41.78034021,-87.69987834,"(41.78034021, -87.69987834)",2023,3,Wednesday
10000304,LL972946,2022-08-12 16:58:00,90XX E WESTERN AVE,910,VANDALISM,CRIMINAL DAMAGE,PARKING LOT / GARAGE(NON.RESID.),False,False,911,18,12.0,34.0,15,1165466.0,1853287.0,2022,2022-08-27 16:58:00,41.81518829,-87.50181689,"(41.81518829, -87.50181689)",2022,8,Friday
10000305,SD749209,2020-02-03 03:18:00,65XX S HALSTED ST,1110,SEX OFFENSE,CRIMINAL SEXUAL ABUSE,PARK PROPERTY,False,False,1511,20,8.0,7.0,08B,1162571.0,1878017.0,2020,2020-03-01 03:18:00,41.88807599,-87.79980749,"(41.88807599, -87.79980749)",2020,2,Monday
10000306,CN656334,2022-08-12 21:51:00,24XX W DIVISION ST,610,BURGLARY,FORCIBLE ENTRY,CTA BUS,True,False,612,5,44.0,26.0,16,1178333.0,1900265.0,2022,2022-08-31 21:51:00,41.78031868,-87.77432062,"(41.78031868, -87.77432062)",2022,8,Friday
10000307,BV630243,2017-09-20 17:23:00,59XX N HALSTED ST,750,THEFT,THEFT $500 AND UNDER,COMMERCIAL / BUSINESS OFFICE,True,False,711,22,35.0,73.0,15,1173140.0,1911039.0,2017,2017-09-25 17:23:00,41.72778075,-87.59897623,"(41.72778075, -87.59897623)",2017,9,Wednesday
10000308,CA539241,2017-07-04 21:40:00,13XX S PULASKI RD,1310,NARCOTICS,POSS: COCAINE,HOSPITAL BUILDING/GROUNDS,False,False,111,5,20.0,40.0,15,1157651.0,1920391.0,2017,2017-08-01 21:40:00,41.75020996,-87.77985738,UNKNOWN,2017,7,Tuesday
10000309,KL045036,2016-08-03 20:42:00,50XX N GRAND AVE,750,THEFT,THEFT $500 AND UNDER,OTHER,False,False,412,6,33.0,70.0,11,1174648.0,1903415.0,2016,2016-08-11 20:42:00,41.89026066,-87.51227258,UNKNOWN,2016,8,Wednesday
10000310,YB849617,2016-10-10 13:54:00,18XX E BROADWAY,730,THEFT,SHOPLIFTING,BAR OR TAVERN,False,True,1711,18,14.0,45.0,26,1185960.0,1877143.0,2016,2016-11-07 13:54:00,41.88677577,-87.6944399,"(41.88677577, -87.6944399)",2016,10,Monday
10000311,TK061807,2015-05-01 21:10:00,14XX S NORTH AVE,460,BATTERY,SIMPLE,APARTMENT,False,False,1511,4,43.0,14.0,07,1190427.0,1908611.0,2015,2015-05-09 21:10:00,41.91797278,-87.50560148,"(41.91797278, -87.50560148)",2015,5,Friday
10000312,VX345017,2017-10-31 15:43:00,13XX S STATE ST,486,BATTERY,DOMESTIC BATTERY AGGRAVATED,BAR OR TAVERN,False,True,1121,8,13.0,21.0,20,1179105.0,1900329.0,2017,2017-11-10 15:43:00,41.93260167,-87.74231126,"(41.93260167, -87.74231126)",2017,10,Tuesday
10000313,XG708905,2016-07-18 20:28:00,3XX S BROADWAY,5003,PUBLIC PEACE VIOLATION,DISORDERLY CONDUCT,OTHER,True,False,2011,24,25.0,10.0,09,1161528.0,1898119.0,2016,2016-08-01 20:28:00,41.77946809,-87.76462175,"(41.77946809, -87.76462175)",2016,7,Monday
10000314,UO688304,2017-12-13 18:02:00,31XX W HALSTED ST,1200,NARCOTICS,POSS: CANNABIS 30GMS OR LESS,RESIDENCE,False,True,812,15,17.0,26.0,02,1166480.0,1910587.0,2017,2017-12-24 18:02:00,41.75126999,-87.55497129,"(41.75126999, -87.55497129)",2017,12,Wednesday
10000315,TS441489,2018-12-05 14:19:00,62XX N NORTH AVE,320,ROBBERY,STRONGARM - NO WEAPON,VEHICLE NON-COMMERCIAL,False,False,112,8,2.0,8.0,16,1184097.0,1909033.0,2018,2018-12-31 14:19:00,41.84061179,-87.54191166,"(41.85025576, -87.54191166)",2018,12,Wednesday
10000316,MD025473,2023-11-23 16:02:00,38XX S NORTH AVE,740,THEFT,THEFT OVER $500,"SCHOOL, PUBLIC, BUILDING",True,False,121,1,47.0,32.0,07,1167483.0,1902416.0,2023,2023-12-19 16:02:00,41.74417804,-87.78688417,"(41.74417804, -87.78688417)",2023,11,Thursday
10000317,SU024790,2018-07-30 18:32:00,27XX N CHICAGO AVE,560,ASSAULT,SIMPLE,RESTAURANT,False,True,2511,2,23.0,53.0,16,1176049.0,1874395.0,2018,2018-08-03 18:32:00,41.96361476,-87.54757239,"(41.96361476, -87.54757239)",2018,7,Monday
10000318,IV447701,2019-04-17 13:02:00,34XX S MICHIGAN AVE,560,ASSAULT,SIMPLE,RETAIL STORE,False,False,1121,7,25.0,24.0,09,1196861.0,1922804.0,2019,2019-04-25 13:02:00,41.69939183,-87.57110111,"(41.69939183, -87.57110111)",2019,4,Wednesday
10000319,DO321444,2019-04-11 15:59:00,35XX E MICHIGAN AVE,750,THEFT,THEFT $500 AND UNDER,CONVENIENCE STORE,True,False,621,5,1.0,36.0,10,1169730.0,1899243.0,2019,2019-04-19 15:59:00,41.85284137,-87.69874029,"(41.85284137, -87.69874029)",2019,4,Thursday
10000320,BS072268,2015-09-20 14:16:00,88XX W MADISON ST,620,BURGLARY,UNLAWFUL ENTRY,STREET,False,False,311,9,17.0,64.0,05,1161633.0,1902368.0,2015,2015-10-15 14:16:00,41.95137175,-87.60320655,"(41.95137175, -87.60320655)",2015,9,Sunday
10000321,JH151237,2019-03-02 20:43:00,38XX N COTTAGE GROVE AVE,910,VANDALISM,CRIMINAL DAMAGE,COMMERCIAL / BUSINESS OFFICE,True,False,711,3,42.0,55.0,14,1170406.0,1902158.0,2019,2019-03-16 20:43:00,41.92644934,-87.69950426,"(41.92644934, -87.69950426)",2019,3,Saturday
10000322,GV222734,2022-04-13 06:04:00,61XX W MADISON ST,320,ROBBERY,STRONGARM - NO WEAPON,SIDEWALK,False,False,2011,8,37.0,65.0,18,1193923.0,1913856.0,2022,2022-05-13 06:04:00,41.85169022,-87.76362729,"(41.85169022, -87.76362729)",2022,4,Wednesday
10000323,ID451481,2019-01-23 18:38:00,18XX E BROADWAY,750,THEFT,THEFT $500 AND UNDER,CTA BUS,False,False,2011,16,26.0,30.0,20,1195463.0,1903928.0,2019,2019-01-31 18:38:00,41.96771508,-87.72651682,"(41.96771508, -87.72651682)",2019,1,Wednesday
10000324,XX569073,2015-05-20 20:01:00,38XX N MADISON ST,5003,PUBLIC PEACE VIOLATION,DISORDERLY CONDUCT,CTA TRAIN,False,False,1611,6,5.0,17.0,26,1170115.0,1894555.0,2015,2015-06-12 20:01:00,41.96127812,-87.69368967,"(41.96127812, -87.69368967)",2015,5,Wednesday
10000325,HI585843,2021-08-11 22:59:00,99XX N CICERO AVE,910,VANDALISM,CRIMINAL DAMAGE,ALLEY,False,False,2211,3,10.0,1.0,08A,1158836.0,1907802.0,2021,2021-08-28 22:59:00,41.82605815,-87.70386894,"(41.82605815, -87.70386894)",2021,8,Wednesday
10000326,CO515085,2021-11-25 12:22:00,30XX E ASHLAND AVE,620,BURGLARY,UNLAWFUL ENTRY,CONVENIENCE STORE,False,False,621,6,8.0,37.0,04A,1162971.0,1898493.0,2021,2021-12-05 12:22:00,41.74079623,-87.51823854,"(41.74079623, -87.51823854)",2021,11,Thursday
10000327,IN265773,2020-02-02 12:07:00,96XX S HALSTED ST,650,MOTOR VEHICLE THEFT,AUTOMOBILE,CTA TRAIN,False,False,1511,4,29.0,56.0,03,1155823.0,1878297.0,2020,2020-02-25 12:07:00,41.98792318,-87.58050988,"(41.98792318, -87.58050988)",2020,2,Sunday
10000328,LM670666,2022-02-11 17:15:00,67XX S MICHIGAN AVE,740,THEFT,THEFT OVER $500,GROCERY FOOD STORE,False,False,412,20,25.0,29.0,03,1164129.0,1865885.0,2022,2022-02-16 17:15:00,41.93416066,-87.57993179,"(41.93416066, -87.57993179)",2022,2,Friday
10000329,EY633188,2023-12-08 18:38:00,85XX W WESTERN AVE,510,ASSAULT,AGGRAVATED: HANDGUN,OTHER,True,False,212,19,31.0,38.0,07,1170979.0,1885773.0,2023,2023-12-20 18:38:00,41.95904552,-87.57081901,"(41.95904552, -87.57081901)",2023,12,Friday
10000330,OE269636,2023-08-28 12:43:00,58XX W CICERO AVE,740,THEFT,THEFT OVER $500,UNKNOWN,False,False,1121,15,26.0,57.0,08B,1166992.0,1915481.0,2023,2023-09-08 12:43:00,41.77049517,-87.58154395,"(41.77049517, -87.58154395)",2023,8,Monday
10000331,AA913413,2022-05-06 04:13:00,94XX S MICHIGAN AVE,910,VANDALISM,CRIMINAL DAMAGE,"SCHOOL, PUBLIC, BUILDING",False,False,1811,19,13.0,21.0,16,1168693.0,1883071.0,2022,2022-05-18 04:13:00,41.77705625,-87.75157875,"(41.77705625, -87.75157875)",2022,5,Friday
10000332,NA222642,2015-12-14 06:32:00,40XX E DIVISION ST,486,BATTERY,DOMESTIC BATTERY AGGRAVATED,CTA TRAIN,False,True,1811,15,2.0,2.0,18,1189631.0,1865542.0,2015,2016-01-07 06:32:00,41.73555427,-87.651374465,"(41.73555427, -87.57923798)",2015,12,Monday
10000333,OF950485,2019-06-01 22:48:00,19XX N WESTERN AVE,460,BATTERY,SIMPLE,"SCHOOL, PUBLIC, BUILDING",False,False,2011,4,29.0,29.0,09,1178157.0,1901425.0,2019,2019-06-19 22:48:00,41.75963466,-87.68905351,"(41.75963466, -87.68905351)",2019,6,Saturday
10000334,LC105118,2021-09-18 14:00:00,72XX N WESTERN AVE,486,BATTERY,DOMESTIC BATTERY AGGRAVATED,CTA TRAIN,True,True,1511,7,49.0,72.0,15,1166091.0,1906709.0,2021,2021-09-27 14:00:00,41.78390485,-87.60439741,UNKNOWN,2021,9,Saturday
10000335,MF379917,2016-04-26 14:18:00,79XX E CLARK ST,486,BATTERY,DOMESTIC BATTERY AGGRAVATED,GAS STATION,False,True,811,25,18.0,67.0,06,1157075.0,1891860.0,2016,2016-05-20 14:18:00,41.80148954,-87.60493379,"(41.80148954, -87.60493379)",2016,4,Tuesday
10000336,QK256017,2021-01-11 15:06:00,55XX E CHICAGO AVE,1020,WEAPONS VIOLATION,UNLAWFUL POSS OF HANDGUN,RESTAURANT,True,False,321,22,30.0,77.0,08B,1150706.0,1865411.0,2021,2021-01-13 15:06:00,41.95500296,-87.69651277,"(41.95500296, -87.69651277)",2021,1,Monday
10000337,CZ184437,2021-10-13 11:51:00,61XX N MADISON ST,910,VANDALISM,CRIMINAL DAMAGE,PARK PROPERTY,True,False,511,22,43.0,61.0,05,1190167.0,1861719.0,2021,2021-11-06 11:51:00,41.98672617,-87.77259852,"(41.98672617, -87.77259852)",2021,10,Wednesday
10000338,WU346891,2017-05-26 22:40:00,23XX N CHICAGO AVE,730,THEFT,SHOPLIFTING,APARTMENT,False,False,1121,9,46.0,19.0,10,1177895.0,1884833.0,2017,2017-06-22 22:40:00,41.92668952,-87.59438972,"(41.92668952, -87.59438972)",2017,5,Friday
10000339,MM878008,2020-08-21 22:38:00,92XX W GRAND AVE,460,BATTERY,SIMPLE,ALLEY,False,False,1411,2,42.0,36.0,01A,1152861.0,1895774.0,2020,2020-08-30 22:38:00,41.90127935,-87.71774785,"(41.90127935, -87.71774785)",2020,8,Friday
10000340,KR017121,2016-02-04 21:17:00,67XX N NORTH AVE,610,BURGLARY,FORCIBLE ENTRY,UNKNOWN,False,False,812,7,42.0,3.0,10,1195286.0,1896947.0,2016,2016-03-03 21:17:00,41.78494409,-87.58720731,"(41.78494409, -87.58720731)",2016,2,Thursday
10000341,FJ072869,2021-04-15 13:21:00,3XX S MICHIGAN AVE,730,THEFT,SHOPLIFTING,PARKING LOT / GARAGE(NON.RESID.),False,True,2011,20,45.0,12.0,19,1154320.0,1875400.0,2021,2021-04-30 13:21:00,41.96540333,-87.74524971,"(41.96540333, -87.74524971)",2021,4,Thursday
10000342,EO946623,2018-01-22 21:11:00,22XX N NORTH AVE,560,ASSAULT,SIMPLE,HOSPITAL BUILDING/GROUNDS,True,False,612,9,45.0,57.0,20,1176152.0,1916360.0,2018,2018-02-01 21:11:00,41.79908396,-87.56828884,"(41.79908396, -87.56828884)",2018,1,Monday
10000343,MI913157,2016-04-17 16:40:00,2XX S DIVISION ST,730,THEFT,SHOPLIFTING,OTHER,False,False,2211,17,9.0,60.0,10,1166118.0,1858369.0,2016,2016-04-23 16:40:00,41.88749144,-87.52961753,"(41.88749144, -87.52961753)",2016,4,Sunday
10000344,DI993784,2018-10-15 15:25:00,77XX S ASHLAND AVE,740,THEFT,THEFT OVER $500,APARTMENT,False,False,212,2,15.0,65.0,08B,1151427.0,1890976.0,2018,2018-10-25 15:25:00,41.97619458,-87.67977496,"(41.97619458, -87.67977496)",2018,10,Monday
10000345,KI933268,2023-02-14 11:43:00,91XX S WESTERN AVE,650,MOTOR VEHICLE THEFT,AUTOMOBILE,HOSPITAL BUILDING/GROUNDS,False,False,321,12,1.0,62.0,13,1195641.0,1903474.0,2023,2023-03-04 11:43:00,41.89603593,-87.59036608,"(41.89603593, -87.59036608)",2023,2,Tuesday
10000346,DI642913,2019-02-20 13:32:00,50XX S DIVISION ST,312,ROBBERY,ARMED: HANDGUN,SIDEWALK,False,False,1022,1,40.0,77.0,09,1160561.0,1884832.0,2019,2019-03-19 13:32:00,41.73142397,-87.74360884,UNKNOWN,2019,2,Wednesday
10000347,US891147,2018-07-30 08:32:00,15XX W CHICAGO AVE,486,BATTERY,DOMESTIC BATTERY AGGRAVATED,RESIDENCE,False,True,1511,25,30.0,2.0,19,1152725.0,1883998.0,2018,2018-08-12 08:32:00,41.89105848,-87.67326288,"(41.89105848, -87.67326288)",2018,7,Monday
10000348,HK420175,2020-02-07 14:29:00,70XX E COTTAGE GROVE AVE,740,THEFT,THEFT OVER $500,ALLEY,False,False,1221,2,8.0,63.0,01A,1166873.0,1873691.0,2020,2020-02-17 14:29:00,41.89591629,-87.72430196,"(41.89591629, -87.72430196)",2020,2,Friday
10000349,YT409268,2022-09-23 17:58:00,66XX N MADISON ST,312,ROBBERY,ARMED: HANDGUN,CTA TRAIN,True,False,113,18,37.0,59.0,11,1181890.0,1920562.0,2022,2022-10-20 17:58:00,41.73402513,-87.506947,"(41.73402513, -87.506947)",2022,9,Friday
10000350,KA412593,2022-10-14 20:23:00,37XX E MICHIGAN AVE,610,BURGLARY,FORCIBLE ENTRY,APARTMENT,False,False,621,17,14.0,56.0,20,1180231.0,1922779.0,2022,2022-11-02 20:23:00,41.77305614,-87.59856811,"(41.77305614, -87.59856811)",2022,10,Friday
10000351,KR504907,2021-09-04 12:24:00,87XX W CLARK ST,1020,WEAPONS VIOLATION,UNLAWFUL POSS OF HANDGUN,RETAIL STORE,False,False,812,19,1.0,44.0,05,1174948.0,1890235.0,2021,2021-09-20 12:24:00,41.73553359,-87.5436932,"(41.73553359, -87.5436932)",2021,9,Saturday
10000352,WT995329,2019-11-03 14:48:00,15XX E COTTAGE GROVE AVE,320,ROBBERY,STRONGARM - NO WEAPON,GROCERY FOOD STORE,False,False,611,10,36.0,63.0,06,1156174.0,1881659.0,2019,2019-11-04 14:48:00,41.80352865,-87.51535427,"(41.80352865, -87.51535427)",2019,11,Sunday
10000353,PK410265,2017-07-11 21:31:00,88XX N NORTH AVE,560,ASSAULT,SIMPLE,COMMERCIAL / BUSINESS OFFICE,False,False,321,16,19.0,58.0,05,1166702.0,1887121.0,2017,2017-08-05 21:31:00,41.77652234,-87.64020029,"(41.77652234, -87.64020029)",2017,7,Tuesday
10000354,HX242697,2019-02-25 02:38:00,26XX E ASHLAND AVE,460,BATTERY,SIMPLE,BAR OR TAVERN,False,False,1611,24,25.0,71.0,26,1193732.0,1864016.0,2019,2019-03-26 02:38:00,41.73841378,-87.6892807,"(41.73841378, -87.6892807)",2019,2,Monday
10000355,MS238737,2015-10-14 00:02:00,83XX N GRAND AVE,312,ROBBERY,ARMED: HANDGUN,CTA BUS,False,True,1411,25,27.0,67.0,18,1185798.0,1859678.0,2015,2015-11-05 00:02:00,41.81512688,-87.72199123,"(41.81512688, -87.72199123)",2015,10,Wednesday
10000356,HL765571,2016-11-23 13:42:00,97XX E MADISON ST,486,BATTERY,DOMESTIC BATTERY AGGRAVATED,"SCHOOL, PUBLIC, BUILDING",True,True,511,5,16.0,62.0,07,1172912.0,1906726.0,2016,2016-12-04 13:42:00,41.78900771,-87.59188518,"(41.78900771, -87.59188518)",2016,11,Wednesday
10000357,QE318338,2022-12-30 14:18:00,93XX W FULLERTON AVE,650,MOTOR VEHICLE THEFT,AUTOMOBILE,ALLEY,False,False,1011,5,10.0,38.0,10,1157418.0,1850965.0,2022,2023-01-04 14:18:00,41.94527575,-87.62503089,"(41.94527575, -87.62503089)",2022,12,Friday
10000358,RK030557,2017-04-25 10:17:00,30XX S CHICAGO AVE,5003,PUBLIC PEACE VIOLATION,DISORDERLY CONDUCT,STREET,False,False,911,4,42.0,26.0,15,1187312.0,1915511.0,2017,2017-05-15 10:17:00,41.88159097,-87.79633976,"(41.88159097, -87.79633976)",2017,4,Tuesday
10000359,GT408070,2017-07-24 18:29:00,8XX S CICERO AVE,650,MOTOR VEHICLE THEFT,AUTOMOBILE,CTA BUS,False,False,1911,2,39.0,35.0,08B,1195307.0,1860603.0,2017,2017-07-30 18:29:00,41.91000118,-87.52475995,"(41.91000118, -87.52475995)",2017,7,Monday
10000360,YH822534,2016-04-01 19:28:00,65XX W BROADWAY,740,THEFT,THEFT OVER $500,ALLEY,False,False,2511,24,13.0,76.0,09,1163537.0,1900490.0,2016,2016-04-26 19:28:00,41.76552433,-87.67784934,"(41.76552433, -87.67784934)",2016,4,Friday
10000361,OE177861,2018-06-01 07:55:00,14XX E PULASKI RD,312,ROBBERY,ARMED: HANDGUN,CONVENIENCE STORE,True,True,411,11,41.0,69.0,14,1165269.0,1911313.0,2018,2018-06-16 07:55:00,41.75954084,-87.7078399,"(41.75954084, -87.7078399)",2018,6,Friday
10000362,TA727233,2018-05-28 13:19:00,46XX S GRAND AVE,730,THEFT,SHOPLIFTING,GAS STATION,False,False,1211,12,48.0,41.0,12,1196999.0,1854424.0,2018,2018-06-08 13:19:00,41.91880857,-87.79829824,"(41.91880857, -87.79829824)",2018,5,Monday
10000363,NL248097,2016-10-19 12:30:00,8XX E CLARK ST,620,BURGLARY,UNLAWFUL ENTRY,PARKING LOT / GARAGE(NON.RESID.),False,False,1011,20,31.0,6.0,04A,1180335.0,1880001.0,2016,2016-11-12 12:30:00,41.8361124,-87.71595722,"(41.8361124, -87.71595722)",2016,10,Wednesday
10000364,FZ269164,2021-03-30 16:18:00,59XX E MADISON ST,5003,PUBLIC PEACE VIOLATION,DISORDERLY CONDUCT,STREET,False,False,811,1,9.0,9.0,07,1160740.0,1875701.0,2021,2021-04-22 16:18:00,41.9218109,-87.57581804,"(41.9218109, -87.57581804)",2021,3,Tuesday
10000365,TT424876,2023-12-14 12:34:00,74XX W PULASKI RD,740,THEFT,THEFT OVER $500,COMMERCIAL / BUSINESS OFFICE,False,False,122,10,37.0,43.0,03,1176588.0,1913887.0,2023,2023-12-30 12:34:00,41.98226826,-87.651374465,"(41.98226826, -87.56582354)",2023,12,Thursday
10000366,ED315901,2015-01-27 17:24:00,99XX E ASHLAND AVE,5003,PUBLIC PEACE VIOLATION,DISORDERLY CONDUCT,RESIDENCE,True,False,1121,1,15.0,42.0,06,1176618.0,1902289.0,2015,2015-01-28 17:24:00,41.86531294,-87.56966635,"(41.86531294, -87.56966635)",2015,1,Tuesday
10000367,CE971714,2017-06-08 19:01:00,99XX W WESTERN AVE,850,DECEPTIVE PRACTICE,FRAUD,GAS STATION,False,False,112,16,8.0,49.0,06,1172340.0,1881934.0,2017,2017-06-13 19:01:00,41.91197383,-87.68587503,"(41.91197383, -87.68587503)",2017,6,Thursday
10000368,AZ780810,2015-03-08 00:51:00,84XX W FULLERTON AVE,560,ASSAULT,SIMPLE,PARKING LOT / GARAGE(NON.RESID.),False,False,912,14,7.0,46.0,03,1165034.0,1929976.0,2015,2015-03-22 00:51:00,41.82024467,-87.54565755,"(41.82024467, -87.54565755)",2015,3,Sunday
10000369,UI808903,2019-08-27 20:26:00,34XX E MICHIGAN AVE,460,BATTERY,SIMPLE,BAR OR TAVERN,False,False,411,6,34.0,20.0,10,1160203.0,1882292.0,2019,2019-09-02 20:26:00,41.92596703,-87.79100596,"(41.92596703, -87.79100596)",2019,8,Tuesday
10000370,MV515816,2020-03-17 23:54:00,47XX N FULLERTON AVE,460,BATTERY,SIMPLE,PARK PROPERTY,False,True,2411,19,29.0,18.0,16,1162843.0,1875830.0,2020,2020-04-15 23:54:00,41.83287304,-87.5301353,"(41.83287304, -87.5301353)",2020,3,Tuesday
10000371,ZA682304,2020-03-07 18:33:00,81XX N PULASKI RD,486,BATTERY,DOMESTIC BATTERY AGGRAVATED,VEHICLE NON-COMMERCIAL,True,True,811,20,18.0,17.0,11,1196731.0,1852738.0,2020,2020-03-24 18:33:00,41.88836055,-87.62618943,"(41.88836055, -87.62618943)",2020,3,Saturday
10000372,UL050981,2016-04-27 19:41:00,98XX E HALSTED ST,460,BATTERY,SIMPLE,PARKING LOT / GARAGE(NON.RESID.),True,False,411,18,22.0,44.0,09,1183162.0,1903441.0,2016,2016-05-22 19:41:00,41.83620654,-87.63532976,"(41.83620654, -87.63532976)",2016,4,Wednesday
10000373,SZ116682,2019-06-17 20:56:00,69XX E CICERO AVE,320,ROBBERY,STRONGARM - NO WEAPON,PARKING LOT / GARAGE(NON.RESID.),True,False,112,7,10.0,29.0,02,1178144.0,1892444.0,2019,2019-07-04 20:56:00,41.84767241,-87.56601869,"(41.84767241, -87.56601869)",2019,6,Monday
10000374,TD419993,2019-05-16 21:26:00,77XX N STATE ST,460,BATTERY,SIMPLE,CTA TRAIN,False,False,311,17,30.0,42.0,18,1183406.0,1866700.0,2019,2019-06-14 21:26:00,41.71246115,-87.58749768,"(41.71246115, -87.58749768)",2019,5,Thursday
10000375,RH174099,2016-05-20 19:37:00,77XX W CICERO AVE,750,THEFT,THEFT $500 AND UNDER,RESTAURANT,False,False,312,5,14.0,57.0,19,1165558.0,1858208.0,2016,2016-06-11 19:37:00,41.69323071,-87.7648124,"(41.69323071, -87.7648124)",2016,5,Friday
10000376,BC787963,2022-12-17 18:50:00,90XX W DIVISION ST,1200,NARCOTICS,POSS: CANNABIS 30GMS OR LESS,RESTAURANT,True,False,212,10,15.0,67.0,14,1162064.0,1917997.0,2022,2023-01-02 18:50:00,41.97792033,-87.54047448,"(41.97792033, -87.54047448)",2022,12,Saturday
10000377,ZG576870,2022-06-19 11:49:00,13XX N WESTERN AVE,486,BATTERY,DOMESTIC BATTERY AGGRAVATED,CTA BUS,False,True,1011,17,36.0,73.0,19,1152105.0,1858623.0,2022,2022-07-16 11:49:00,41.95111804,-87.59973289,"(41.95111804, -87.59973289)",2022,6,Sunday
10000378,HU366715,2022-07-03 21:13:00,45XX E CICERO AVE,1200,NARCOTICS,POSS: CANNABIS 30GMS OR LESS,GAS STATION,True,False,212,6,2.0,43.0,20,1194547.0,1878687.0,2022,2022-07-22 21:13:00,41.69851237,-87.66301305,"(41.69851237, -87.66301305)",2022,7,Sunday
10000379,UX793159,2021-01-13 19:53:00,63XX E MADISON ST,750,THEFT,THEFT $500 AND UNDER,HOSPITAL BUILDING/GROUNDS,False,False,211,11,20.0,13.0,26,1169134.0,1871174.0,2021,2021-01-21 19:53:00,41.83915781,-87.74414236,"(41.83915781, -87.74414236)",2021,1,Wednesday
10000380,ZL056248,2022-06-09 14:16:00,73XX N MADISON ST,460,BATTERY,SIMPLE,"SCHOOL, PUBLIC, BUILDING",True,False,1022,11,35.0,46.0,18,1193823.0,1913878.0,2022,2022-06-14 14:16:00,41.94350285,-87.57911529,"(41.94350285, -87.57911529)",2022,6,Thursday
10000381,LJ925063,2020-06-02 20:26:00,91XX E CLARK ST,910,VANDALISM,CRIMINAL DAMAGE,"SCHOOL, PUBLIC, BUILDING",True,False,1111,19,37.0,25.0,08A,1195117.0,1880968.0,2020,2020-06-20 20:26:00,41.80988505,-87.62736294,"(41.80988505, -87.62736294)",2020,6,Tuesday
10000382,XM703922,2016-03-05 20:38:00,3XX W STATE ST,312,ROBBERY,ARMED: HANDGUN,APARTMENT,False,False,521,12,46.0,71.0,05,1174856.0,1884894.0,2016,2016-03-13 20:38:00,41.70596044,-87.61435822,"(41.70596044, -87.61435822)",2016,3,Saturday
10000383,UB041197,2021-01-14 18:19:00,97XX E WESTERN AVE,850,DECEPTIVE PRACTICE,FRAUD,ALLEY,True,False,1111,8,37.0,66.0,26,1150338.0,1898767.0,2021,2021-01-25 18:19:00,41.89439652,-87.70566242,"(41.89439652, -87.70566242)",2021,1,Thursday
10000384,ZQ375069,2022-09-08 13:26:00,26XX S CHICAGO AVE,910,VANDALISM,CRIMINAL DAMAGE,GROCERY FOOD STORE,True,False,411,17,9.0,40.0,11,1174984.0,1890235.0,2022,2022-09-21 13:26:00,41.90217889,-87.53628064,"(41.90217889, -87.53628064)",2022,9,Thursday
10000385,VL698719,2021-05-15 16:54:00,57XX S ASHLAND AVE,1310,NARCOTICS,POSS: COCAINE,SIDEWALK,True,False,411,6,13.0,64.0,05,1157733.0,1879933.0,2021,2021-05-18 16:54:00,41.71908973,-87.59504567,"(41.71908973, -87.59504567)",2021,5,Saturday
10000386,XX897805,2018-10-13 22:59:00,6XX E STATE ST,750,THEFT,THEFT $500 AND UNDER,GAS STATION,False,True,221,19,25.0,58.0,11,1198019.0,1889261.0,2018,2018-11-04 22:59:00,41.76386665,-87.75758559,"(41.76386665, -87.75758559)",2018,10,Saturday
10000387,NB935956,2016-07-08 15:12:00,99XX E STATE ST,560,ASSAULT,SIMPLE,HOSPITAL BUILDING/GROUNDS,False,False,1121,24,28.0,52.0,14,1174205.0,1881104.0,2016,2016-07-18 15:12:00,41.83737182,-87.70354565,"(41.83737182, -87.70354565)",2016,7,Friday
10000388,BJ912969,2019-11-12 19:33:00,64XX S MICHIGAN AVE,910,VANDALISM,CRIMINAL DAMAGE,ALLEY,False,True,113,6,33.0,48.0,06,1185620.0,1855837.0,2019,2019-12-10 19:33:00,41.97498929,-87.53229318,"(41.97498929, -87.53229318)",2019,11,Tuesday
10000389,GA607160,2022-07-01 11:59:00,36XX S FULLERTON AVE,1310,NARCOTICS,POSS: COCAINE,ALLEY,False,False,511,25,37.0,40.0,11,1150511.0,1915884.0,2022,2022-07-15 11:59:00,41.96412085,-87.67723898,"(41.96412085, -87.67723898)",2022,7,Friday
10000390,MC030604,2022-10-17 14:34:00,17XX N FULLERTON AVE,800,ARSON,AGGRAVATED,PARKING LOT / GARAGE(NON.RESID.),False,False,212,10,37.0,34.0,06,1154325.0,1917716.0,2022,2022-10-27 14:34:00,41.95567989,-87.73936217,"(41.95567989, -87.73936217)",2022,10,Monday
10000391,RL802551,2015-06-29 17:09:00,81XX S MADISON ST,740,THEFT,THEFT OVER $500,STREET,False,False,1221,9,12.0,45.0,05,1164590.0,1890235.0,2015,2015-07-10 17:09:00,41.80739356,-87.75407074,"(41.80739356, -87.75407074)",2015,6,Monday
10000392,QX962647,2015-06-07 08:06:00,70XX N MICHIGAN AVE,740,THEFT,THEFT OVER $500,OTHER,False,False,111,8,1.0,49.0,17,1161225.0,1900262.0,2015,2015-06-29 08:06:00,41.92060863,-87.76410737,"(41.92060863, -87.76410737)",2015,6,Sunday
10000393,VJ944743,2017-07-05 08:40:00,30XX W ASHLAND AVE,1240,NARCOTICS,POSS: HEROIN(WHITE),GAS STATION,True,True,321,6,25.0,33.0,16,1172996.0,1906854.0,2017,2017-07-29 08:40:00,41.93163514,-87.75680487,"(41.93163514, -87.75680487)",2017,7,Wednesday
10000394,FO135146,2023-03-07 18:39:00,53XX N PULASKI RD,750,THEFT,THEFT $500 AND UNDER,ALLEY,False,False,912,16,36.0,53.0,18,1182611.0,1874025.0,2023,2023-03-19 18:39:00,41.73239945,-87.76740495,"(41.73239945, -87.76740495)",2023,3,Tuesday
10000395,XW309379,2019-08-12 12:15:00,11XX N MICHIGAN AVE,2830,CRIMINAL TRESPASS,TO RESIDENCE,RESIDENCE,False,False,811,5,49.0,63.0,03,1151765.0,1857765.0,2019,2019-09-09 12:15:00,41.84917643,-87.61157431,"(41.84917643, -87.61157431)",2019,8,Monday
10000396,XC084475,2016-02-20 20:10:00,32XX N ASHLAND AVE,1020,WEAPONS VIOLATION,UNLAWFUL POSS OF HANDGUN,GROCERY FOOD STORE,False,False,221,5,11.0,54.0,26,1173478.0,1928664.0,2016,2016-03-20 20:10:00,41.73748413,-87.63430364,"(41.73748413, -87.63430364)",2016,2,Saturday
10000397,JZ465932,2018-10-23 23:56:00,42XX E HALSTED ST,730,THEFT,SHOPLIFTING,BAR OR TAVERN,False,False,2511,3,12.0,18.0,19,1189548.0,1903512.0,2018,2018-11-04 23:56:00,41.7348458,-87.50213096,"(41.7348458, -87.50213096)",2018,10,Tuesday
10000398,KS233594,2019-11-09 12:17:00,26XX W NORTH AVE,910,VANDALISM,CRIMINAL DAMAGE,PARKING LOT / GARAGE(NON.RESID.),False,False,812,25,30.0,11.0,11,1186732.0,1851536.0,2019,2019-12-03 12:17:00,41.9834746,-87.6127491,"(41.9834746, -87.6127491)",2019,11,Saturday
10000399,TI905996,2015-12-14 20:58:00,10XX N MICHIGAN AVE,910,VANDALISM,CRIMINAL DAMAGE,SIDEWALK,False,True,311,18,8.0,3.0,03,1157700.0,1914116.0,2015,2015-12-25 20:58:00,41.71232439,-87.68798351,"(41.71232439, -87.68798351)",2015,12,Monday
10000400,TP845092,2016-01-11 00:50:00,24XX W BROADWAY,460,BATTERY,SIMPLE,COMMERCIAL / BUSINESS OFFICE,False,False,211,8,14.0,7.0,26,1185411.0,1889624.0,2016,2016-02-02 00:50:00,41.74779158,-87.55473472,"(41.74779158, -87.55473472)",2016,1,Monday
10000401,BB376807,2016-10-27 14:53:00,33XX E COTTAGE GROVE AVE,850,DECEPTIVE PRACTICE,FRAUD,APARTMENT,False,False,1611,10,39.0,53.0,20,1162038.0,1850558.0,2016,2016-11-15 14:53:00,41.76528494,-87.69657229,"(41.76528494, -87.69657229)",2016,10,Thursday
10000402,MM989484,2015-09-27 17:46:00,6XX E DIVISION ST,610,BURGLARY,FORCIBLE ENTRY,PARK PROPERTY,False,False,1411,11,29.0,46.0,05,1187248.0,1868248.0,2015,2015-10-24 17:46:00,41.83672624,-87.63622493,"(41.83672624, -87.63622493)",2015,9,Sunday
10000403,EP448463,2015-02-27 14:52:00,39XX E CICERO AVE,1200,NARCOTICS,POSS: CANNABIS 30GMS OR LESS,GAS STATION,True,True,411,6,10.0,76.0,05,1159887.0,1889785.0,2015,2015-03-21 14:52:00,41.83168647,-87.71873298,"(41.83168647, -87.71873298)",2015,2,Friday
10000404,AJ296996,2018-06-15 18:21:00,73XX W HALSTED ST,750,THEFT,THEFT $500 AND UNDER,CONVENIENCE STORE,True,False,2511,10,44.0,55.0,10,1190356.0,1919127.0,2018,2018-07-06 18:21:00,41.77456914,-87.58257297,"(41.77456914, -87.58257297)",2018,6,Friday
10000405,MX970317,2022-02-04 17:58:00,42XX N FULLERTON AVE,850,DECEPTIVE PRACTICE,FRAUD,GROCERY FOOD STORE,False,False,611,20,40.0,31.0,18,1154779.0,1910015.0,2022,2022-02-12 17:58:00,41.69581919,-87.64671186,"(41.69581919, -87.64671186)",2022,2,Friday
10000406,UK802106,2016-08-21 20:20:00,68XX E CICERO AVE,740,THEFT,THEFT OVER $500,RESIDENCE,False,False,412,11,39.0,69.0,06,1156018.0,1908673.0,2016,2016-09-06 20:20:00,41.97731771,-87.62072384,"(41.97731771, -87.62072384)",2016,8,Sunday
10000407,IS566338,2018-07-10 07:17:00,62XX E ASHLAND AVE,486,BATTERY,DOMESTIC BATTERY AGGRAVATED,UNKNOWN,True,True,711,9,13.0,59.0,16,1156195.0,1919419.0,2018,2018-07-25 07:17:00,41.7285607,-87.51316833,"(41.7285607, -87.51316833)",2018,7,Tuesday
10000408,QK188419,2015-09-19 22:08:00,70XX N DIVISION ST,850,DECEPTIVE PRACTICE,FRAUD,"SCHOOL, PUBLIC, BUILDING",True,False,611,4,34.0,21.0,11,1174984.0,1855566.0,2015,2015-09-24 22:08:00,41.79712431,-87.77565238,"(41.79712431, -87.77565238)",2015,9,Saturday
10000409,BP250753,2023-07-04 10:09:00,90XX W HALSTED ST,460,BATTERY,SIMPLE,ALLEY,False,False,811,5,33.0,41.0,26,1174984.0,1851881.0,2023,2023-08-01 10:09:00,41.80874263,-87.64692592,"(41.80874263, -87.64692592)",2023,7,Tuesday
10000410,EB878257,2019-05-10 09:12:00,86XX W PULASKI RD,750,THEFT,THEFT $500 AND UNDER,VEHICLE NON-COMMERCIAL,False,False,412,22,17.0,43.0,19,1151440.0,1898269.0,2019,2019-06-04 09:12:00,41.7257503,-87.71438548,"(41.7257503, -87.71438548)",2019,5,Friday
10000411,UR901000,2017-10-30 10:01:00,63XX W BROADWAY,5003,PUBLIC PEACE VIOLATION,DISORDERLY CONDUCT,UNKNOWN,True,False,812,1,14.0,40.0,05,1199211.0,1898145.0,2017,2017-11-09 10:01:00,41.80657152,-87.70179236,"(41.80657152, -87.70179236)",2017,10,Monday
10000412,EC748620,2022-03-30 09:27:00,16XX N FULLERTON AVE,5003,PUBLIC PEACE VIOLATION,DISORDERLY CONDUCT,RESIDENCE,False,False,1111,12,5.0,36.0,06,1157091.0,1886554.0,2022,2022-04-23 09:27:00,41.84061179,-87.76397704,"(41.70049783, -87.76397704)",2022,3,Wednesday
10000413,ZB585777,2019-08-17 09:00:00,31XX W MICHIGAN AVE,650,MOTOR VEHICLE THEFT,AUTOMOBILE,RETAIL STORE,False,False,621,2,43.0,9.0,06,1183562.0,1927055.0,2019,2019-09-05 09:00:00,41.75080959,-87.71981467,"(41.75080959, -87.71981467)",2019,8,Saturday
10000414,YC219645,2021-03-06 16:20:00,87XX W CHICAGO AVE,312,ROBBERY,ARMED: HANDGUN,STREET,False,False,411,24,23.0,53.0,14,1157381.0,1903812.0,2021,2021-03-30 16:20:00,41.98505384,-87.56980601,"(41.98505384, -87.56980601)",2021,3,Saturday
10000415,RU438395,2023-12-16 17:52:00,71XX S CICERO AVE,730,THEFT,SHOPLIFTING,"SCHOOL, PUBLIC, BUILDING",False,False,211,7,45.0,51.0,08A,1175978.0,1896037.0,2023,2024-01-11 17:52:00,41.98715118,-87.63680098,"(41.98715118, -87.63680098)",2023,12,Saturday
10000416,AA117029,2022-10-13 21:12:00,82XX N PULASKI RD,750,THEFT,THEFT $500 AND UNDER,GROCERY FOOD STORE,True,True,1511,1,33.0,40.0,16,1170305.0,1916018.0,2022,2022-11-05 21:12:00,41.97503318,-87.72745,"(41.97503318, -87.72745)",2022,10,Thursday
10000417,ZJ970202,2020-05-13 18:37:00,55XX E FULLERTON AVE,750,THEFT,THEFT $500 AND UNDER,SIDEWALK,False,True,1511,25,32.0,5.0,04A,1169187.0,1893121.0,2020,2020-05-15 18:37:00,41.90018945,-87.54164754,"(41.90018945, -87.54164754)",2020,5,Wednesday
10000418,GD514806,2020-01-23 10:26:00,73XX W STATE ST,320,ROBBERY,STRONGARM - NO WEAPON,PARKING LOT / GARAGE(NON.RESID.),False,False,2211,1,44.0,17.0,26,1175103.0,1887054.0,2020,2020-01-27 10:26:00,41.97066146,-87.66667101,"(41.97066146, -87.66667101)",2020,1,Thursday
10000419,MU478354,2016-12-24 19:02:00,17XX N GRAND AVE,910,VANDALISM,CRIMINAL DAMAGE,UNKNOWN,False,False,2211,6,15.0,44.0,04B,1195582.0,1858123.0,2016,2017-01-03 19:02:00,41.82339992,-87.58976599,"(41.82339992, -87.58976599)",2016,12,Saturday
10000420,DB237335,2020-09-08 22:58:00,9XX S DIVISION ST,1310,NARCOTICS,POSS: COCAINE,UNKNOWN,True,False,321,5,8.0,4.0,14,1177295.0,1894589.0,2020,2020-10-08 22:58:00,41.74895511,-87.60204141,"(41.74895511, -87.60204141)",2020,9,Tuesday
10000421,MZ016469,2020-05-21 20:12:00,66XX S HALSTED ST,1310,NARCOTICS,POSS: COCAINE,CTA TRAIN,True,False,511,17,31.0,62.0,04B,1190193.0,1861688.0,2020,2020-06-12 20:12:00,41.84061179,-87.63757915,"(41.88001897, -87.63757915)",2020,5,Thursday
10000422,UL000816,2019-05-20 15:53:00,67XX E FULLERTON AVE,460,BATTERY,SIMPLE,PARK PROPERTY,False,False,1411,8,48.0,17.0,18,1187771.0,1862582.0,2019,2019-06-17 15:53:00,41.95662324,-87.60618771,"(41.95662324, -87.60618771)",2019,5,Monday
10000423,QY852932,2020-04-08 16:24:00,67XX N CLARK ST,610,BURGLARY,FORCIBLE ENTRY,RETAIL STORE,False,False,2411,20,45.0,72.0,16,1184571.0,1928018.0,2020,2020-05-03 16:24:00,41.7311802,-87.69887742,"(41.7311802, -87.69887742)",2020,4,Wednesday
10000424,PQ388337,2021-11-16 21:08:00,82XX S PULASKI RD,486,BATTERY,DOMESTIC BATTERY AGGRAVATED,CTA BUS,False,True,1811,10,13.0,47.0,08B,1176005.0,1859376.0,2021,2021-12-12 21:08:00,41.75133935,-87.66119287,"(41.75133935, -87.66119287)",2021,11,Tuesday
10000425,LI117900,2015-01-14 06:51:00,77XX N FULLERTON AVE,620,BURGLARY,UNLAWFUL ENTRY,HOSPITAL BUILDING/GROUNDS,False,False,1911,9,32.0,59.0,14,1152549.0,1884216.0,2015,2015-02-13 06:51:00,41.86023609,-87.740243,"(41.86023609, -87.740243)",2015,1,Wednesday
10000426,EZ350156,2015-02-10 07:39:00,3XX E CICERO AVE,730,THEFT,SHOPLIFTING,CONVENIENCE STORE,False,False,611,9,19.0,56.0,04B,1177630.0,1917261.0,2015,2015-03-06 07:39:00,41.86118513,-87.71997927,"(41.86118513, -87.71997927)",2015,2,Tuesday
10000427,AT264830,2018-02-18 07:15:00,95XX W NORTH AVE,850,DECEPTIVE PRACTICE,FRAUD,PARK PROPERTY,False,False,2411,10,28.0,75.0,04B,1170426.0,1885530.0,2018,2018-03-12 07:15:00,41.75965422,-87.54581534,"(41.75965422, -87.54581534)",2018,2,Sunday
10000428,SA530444,2023-11-02 14:13:00,32XX N GRAND AVE,750,THEFT,THEFT $500 AND UNDER,GROCERY FOOD STORE,False,False,611,12,26.0,36.0,17,1198032.0,1904919.0,2023,2023-11-13 14:13:00,41.80383322,-87.53668083,"(41.80383322, -87.53668083)",2023,11,Thursday
10000429,DD481410,2021-09-19 16:12:00,68XX E GRAND AVE,460,BATTERY,SIMPLE,OTHER,False,True,121,2,25.0,47.0,03,1184765.0,1854005.0,2021,2021-10-17 16:12:00,41.96475498,-87.77228697,"(41.96475498, -87.77228697)",2021,9,Sunday
10000430,NE731285,2019-09-30 21:15:00,93XX S ASHLAND AVE,460,BATTERY,SIMPLE,PARK PROPERTY,False,False,122,7,39.0,10.0,10,1188952.0,1894275.0,2019,2019-10-01 21:15:00,41.92494308,-87.639814,"(41.92494308, -87.639814)",2019,9,Monday
10000431,XM657584,2018-02-17 15:29:00,87XX W NORTH AVE,1240,NARCOTICS,POSS: HEROIN(WHITE),CTA TRAIN,False,False,321,4,46.0,32.0,14,1150028.0,1886861.0,2018,2018-02-23 15:29:00,41.71012221,-87.68677247,"(41.71012221, -87.68677247)",2018,2,Saturday
10000432,KD992373,2016-04-18 17:26:00,98XX S BROADWAY,650,MOTOR VEHICLE THEFT,AUTOMOBILE,PARKING LOT / GARAGE(NON.RESID.),False,False,112,14,20.0,48.0,17,1181922.0,1861773.0,2016,2016-05-01 17:26:00,41.69481246,-87.66933874,"(41.69481246, -87.66933874)",2016,4,Monday
10000433,XE917202,2020-03-20 21:56:00,43XX S BROADWAY,460,BATTERY,SIMPLE,APARTMENT,False,False,711,15,5.0,77.0,10,1193431.0,1888356.0,2020,2020-04-10 21:56:00,41.83313243,-87.51980685,"(41.83313243, -87.51980685)",2020,3,Friday
10000434,DT162200,2021-07-26 08:28:00,43XX W CLARK ST,460,BATTERY,SIMPLE,CTA TRAIN,False,False,113,17,28.0,66.0,11,1199932.0,1862266.0,2021,2021-08-20 08:28:00,41.9146812,-87.64821568,"(41.9146812, -87.64821568)",2021,7,Monday
10000435,YG588365,2015-01-03 23:10:00,79XX E FULLERTON AVE,910,VANDALISM,CRIMINAL DAMAGE,COMMERCIAL / BUSINESS OFFICE,True,False,122,2,17.0,62.0,09,1155711.0,1903553.0,2015,2015-01-31 23:10:00,41.73968118,-87.651374465,"(41.73968118, -87.59821646)",2015,1,Saturday
10000436,SN435226,2018-09-06 22:19:00,60XX S WESTERN AVE,460,BATTERY,SIMPLE,RESIDENCE,False,False,712,14,4.0,76.0,07,1192224.0,1867516.0,2018,2018-09-22 22:19:00,41.9372207,-87.63349578,"(41.9372207, -87.63349578)",2018,9,Thursday
10000437,WC071489,2018-09-29 22:07:00,77XX E NORTH AVE,1200,NARCOTICS,POSS: CANNABIS 30GMS OR LESS,PARKING LOT / GARAGE(NON.RESID.),False,False,1022,8,32.0,40.0,05,1180528.0,1863191.0,2018,2018-10-09 22:07:00,41.94483502,-87.71405972,"(41.94483502, -87.71405972)",2018,9,Saturday
10000438,GH806148,2022-11-07 13:36:00,51XX W WESTERN AVE,910,VANDALISM,CRIMINAL DAMAGE,BAR OR TAVERN,True,False,812,2,11.0,40.0,05,1150010.0,1923804.0,2022,2022-11-10 13:36:00,41.71470374,-87.78814588,"(41.71470374, -87.78814588)",2022,11,Monday
10000439,CP114107,2020-01-28 13:32:00,91XX S STATE ST,460,BATTERY,SIMPLE,COMMERCIAL / BUSINESS OFFICE,False,False,1111,10,42.0,52.0,04B,1166330.0,1869254.0,2020,2020-02-07 13:32:00,41.9853796,-87.70720217,"(41.9853796, -87.70720217)",2020,1,Tuesday
10000440,UW487769,2018-05-24 22:13:00,64XX W NORTH AVE,460,BATTERY,SIMPLE,ALLEY,True,False,912,17,26.0,5.0,05,1192653.0,1870174.0,2018,2018-06-22 22:13:00,41.70981661,-87.79058615,"(41.70981661, -87.79058615)",2018,5,Thursday
10000441,DR872355,2016-07-28 10:38:00,62XX S PULASKI RD,800,ARSON,AGGRAVATED,VEHICLE NON-COMMERCIAL,True,True,1111,9,13.0,24.0,04A,1180743.0,1876974.0,2016,2016-08-13 10:38:00,41.79821826,-87.6971111,"(41.79821826, -87.6971111)",2016,7,Thursday
10000442,GX886530,2023-06-23 15:18:00,76XX S GRAND AVE,740,THEFT,THEFT OVER $500,"SCHOOL, PUBLIC, BUILDING",False,False,122,1,27.0,76.0,09,1180438.0,1868475.0,2023,2023-07-04 15:18:00,41.96871452,-87.52576844,"(41.96871452, -87.52576844)",2023,6,Friday
10000443,OF606901,2021-02-16 22:01:00,72XX E COTTAGE GROVE AVE,740,THEFT,THEFT OVER $500,RESTAURANT,False,False,121,24,20.0,77.0,11,1188983.0,1918418.0,2021,2021-03-05 22:01:00,41.850227,-87.63429222,"(41.850227, -87.63429222)",2021,2,Tuesday
10000444,IN855467,2023-07-31 22:19:00,23XX N GRAND AVE,1310,NARCOTICS,POSS: COCAINE,RESIDENCE,False,False,122,19,41.0,9.0,08A,1161977.0,1912293.0,2023,2023-08-18 22:19:00,41.94590909,-87.79900153,"(41.94590909, -87.79900153)",2023,7,Monday
10000445,UU416456,2023-11-24 19:04:00,97XX W WESTERN AVE,5003,PUBLIC PEACE VIOLATION,DISORDERLY CONDUCT,"SCHOOL, PUBLIC, BUILDING",False,False,1711,5,22.0,21.0,11,1181578.0,1852383.0,2023,2023-11-30 19:04:00,41.83360711,-87.52258583,"(41.83360711, -87.52258583)",2023,11,Friday
10000446,MO571876,2015-06-21 03:12:00,77XX N ASHLAND AVE,1110,SEX OFFENSE,CRIMINAL SEXUAL ABUSE,HOSPITAL BUILDING/GROUNDS,False,False,912,20,23.0,3.0,04A,1193100.0,1856818.0,2015,2015-06-22 03:12:00,41.94125574,-87.50912488,"(41.94125574, -87.50912488)",2015,6,Sunday
10000447,YP830238,2017-11-23 20:09:00,92XX N ASHLAND AVE,910,VANDALISM,CRIMINAL DAMAGE,VEHICLE NON-COMMERCIAL,False,False,1711,11,27.0,10.0,05,1151307.0,1872812.0,2017,2017-12-02 20:09:00,41.91158852,-87.67793874,"(41.91158852, -87.67793874)",2017,11,Thursday
10000448,TD090808,2015-11-23 20:35:00,12XX E CLARK ST,740,THEFT,THEFT OVER $500,SIDEWALK,False,False,712,20,45.0,70.0,12,1196539.0,1874951.0,2015,2015-12-23 20:35:00,41.72013072,-87.67890507,"(41.72013072, -87.67890507)",2015,11,Monday
10000449,OB261534,2021-05-19 18:06:00,35XX S FULLERTON AVE,460,BATTERY,SIMPLE,COMMERCIAL / BUSINESS OFFICE,True,False,311,1,31.0,28.0,15,1199482.0,1850422.0,2021,2021-06-09 18:06:00,41.94914759,-87.64709466,"(41.94914759, -87.64709466)",2021,5,Wednesday
10000450,RD295678,2016-04-14 14:12:00,96XX N HALSTED ST,1240,NARCOTICS,POSS: HEROIN(WHITE),UNKNOWN,True,False,2011,9,45.0,17.0,07,1156622.0,1853216.0,2016,2016-05-08 14:12:00,41.72599317,-87.59869287,"(41.72599317, -87.59869287)",2016,4,Thursday
10000451,AM080424,2019-08-11 13:33:00,56XX N CLARK ST,620,BURGLARY,UNLAWFUL ENTRY,PARKING LOT / GARAGE(NON.RESID.),False,False,312,9,29.0,26.0,08A,1183115.0,1889193.0,2019,2019-09-02 13:33:00,41.95098532,-87.54256592,"(41.95098532, -87.54256592)",2019,8,Sunday
10000452,GJ208534,2018-05-26 18:28:00,71XX S WESTERN AVE,730,THEFT,SHOPLIFTING,SIDEWALK,False,False,621,9,31.0,50.0,07,1161721.0,1888872.0,2018,2018-06-02 18:28:00,41.96144196,-87.79485627,"(41.96144196, -87.79485627)",2018,5,Saturday
10000453,TS462148,2023-12-17 22:58:00,25XX S WESTERN AVE,850,DECEPTIVE PRACTICE,FRAUD,COMMERCIAL / BUSINESS OFFICE,True,True,111,24,32.0,68.0,14,1170986.0,1877303.0,2023,2023-12-23 22:58:00,41.92054794,-87.56909404,"(41.92054794, -87.56909404)",2023,12,Sunday
10000454,RZ417202,2023-07-06 10:21:00,69XX N WESTERN AVE,460,BATTERY,SIMPLE,CTA TRAIN,False,True,112,8,28.0,72.0,12,1193327.0,1866396.0,2023,2023-07-22 10:21:00,41.95877759,-87.73060867,"(41.95877759, -87.73060867)",2023,7,Thursday
10000455,CN250697,2016-05-01 07:16:00,28XX W MADISON ST,610,BURGLARY,FORCIBLE ENTRY,ALLEY,False,False,113,22,35.0,31.0,14,1186433.0,1890235.0,2016,2016-05-27 07:16:00,41.74011132,-87.57280208,"(41.74011132, -87.57280208)",2016,5,Sunday
10000456,EB940356,2023-04-09 04:11:00,47XX E DIVISION ST,486,BATTERY,DOMESTIC BATTERY AGGRAVATED,SIDEWALK,True,True,711,7,13.0,17.0,06,1156725.0,1859430.0,2023,2023-04-16 04:11:00,41.88849838,-87.73231245,"(41.88849838, -87.73231245)",2023,4,Sunday
10000457,HG277043,2023-01-02 16:35:00,55XX S GRAND AVE,730,THEFT,SHOPLIFTING,RESIDENCE,False,False,2211,25,34.0,76.0,13,1176642.0,1895383.0,2023,2023-01-31 16:35:00,41.73721915,-87.5008347,"(41.73721915, -87.5008347)",2023,1,Monday
10000458,OC502580,2016-04-08 16:25:00,78XX N CICERO AVE,486,BATTERY,DOMESTIC BATTERY AGGRAVATED,VEHICLE NON-COMMERCIAL,True,True,121,24,38.0,18.0,15,1156321.0,1922640.0,2016,2016-05-08 16:25:00,41.85170761,-87.73045987,"(41.85170761, -87.73045987)",2016,4,Friday
10000459,IT850190,2022-02-09 16:47:00,93XX N HALSTED ST,460,BATTERY,SIMPLE,HOSPITAL BUILDING/GROUNDS,False,False,621,11,30.0,22.0,01A,1151366.0,1903190.0,2022,2022-03-06 16:47:00,41.84061179,-87.79654112,"(41.69993184, -87.79654112)",2022,2,Wednesday
10000460,ET573454,2019-04-02 18:50:00,67XX N ASHLAND AVE,460,BATTERY,SIMPLE,UNKNOWN,True,True,711,18,42.0,38.0,14,1178819.0,1888142.0,2019,2019-05-02 18:50:00,41.93382976,-87.61989551,"(41.93382976, -87.61989551)",2019,4,Tuesday
10000461,OB442664,2018-01-31 16:25:00,74XX W STATE ST,312,ROBBERY,ARMED: HANDGUN,APARTMENT,True,False,1111,20,8.0,31.0,05,1183066.0,1879296.0,2018,2018-02-13 16:25:00,41.75835343,-87.70350787,"(41.75835343, -87.70350787)",2018,1,Wednesday
10000462,WG171632,2023-12-29 04:07:00,23XX W FULLERTON AVE,910,VANDALISM,CRIMINAL DAMAGE,PARKING LOT / GARAGE(NON.RESID.),False,False,221,14,17.0,68.0,19,1186664.0,1926972.0,2023,2024-01-26 04:07:00,41.91155186,-87.72151765,"(41.91155186, -87.72151765)",2023,12,Friday
10000463,YQ193281,2019-07-28 12:01:00,6XX W BROADWAY,650,MOTOR VEHICLE THEFT,AUTOMOBILE,GROCERY FOOD STORE,False,False,912,15,49.0,17.0,13,1198038.0,1870147.0,2019,2019-08-05 12:01:00,41.81926671,-87.651374465,"(41.81926671, -87.76877213)",2019,7,Sunday
10000464,IZ480606,2019-03-26 12:50:00,67XX S CLARK ST,5003,PUBLIC PEACE VIOLATION,DISORDERLY CONDUCT,RETAIL STORE,False,False,1711,10,33.0,74.0,15,1168418.0,1894487.0,2019,2019-04-04 12:50:00,41.92161107,-87.58076598,"(41.92161107, -87.58076598)",2019,3,Tuesday
10000465,QF243288,2018-07-14 21:07:00,26XX S HALSTED ST,740,THEFT,THEFT OVER $500,RESIDENCE,True,False,211,8,10.0,14.0,18,1189368.0,1893550.0,2018,2018-07-27 21:07:00,41.84786342,-87.58362448,"(41.84786342, -87.58362448)",2018,7,Saturday
10000466,RI647859,2020-08-12 21:49:00,17XX N CICERO AVE,750,THEFT,THEFT $500 AND UNDER,APARTMENT,False,True,411,18,1.0,2.0,16,1166729.0,1883201.0,2020,2020-08-30 21:49:00,41.93320616,-87.62417292,"(41.93320616, -87.62417292)",2020,8,Wednesday
10000467,ES965043,2021-10-08 06:07:00,97XX W PULASKI RD,1020,WEAPONS VIOLATION,UNLAWFUL POSS OF HANDGUN,RESIDENCE,True,False,711,18,41.0,74.0,04B,1167147.0,1852110.0,2021,2021-11-05 06:07:00,41.75940485,-87.64103344,"(41.75940485, -87.64103344)",2021,10,Friday
10000468,WB833687,2015-06-25 20:40:00,3XX N PULASKI RD,510,ASSAULT,AGGRAVATED: HANDGUN,CTA BUS,False,False,1022,11,16.0,64.0,12,1154799.0,1909707.0,2015,2015-06-26 20:40:00,41.91312714,-87.64419822,"(41.91312714, -87.64419822)",2015,6,Thursday
10000469,DH579732,2015-08-02 20:32:00,34XX E STATE ST,5003,PUBLIC PEACE VIOLATION,DISORDERLY CONDUCT,HOSPITAL BUILDING/GROUNDS,False,False,212,6,28.0,74.0,15,1195120.0,1899694.0,2015,2015-08-20 20:32:00,41.81734207,-87.63158874,"(41.81734207, -87.63158874)",2015,8,Sunday
10000470,PE776675,2016-02-24 18:28:00,3XX W CLARK ST,486,BATTERY,DOMESTIC BATTERY AGGRAVATED,RETAIL STORE,True,True,1611,1,39.0,7.0,05,1190164.0,1872861.0,2016,2016-03-18 18:28:00,41.85933853,-87.58773583,"(41.85933853, -87.58773583)",2016,2,Wednesday
10000471,XC882774,2016-01-03 21:18:00,73XX S COTTAGE GROVE AVE,5003,PUBLIC PEACE VIOLATION,DISORDERLY CONDUCT,STREET,False,False,1011,19,24.0,75.0,08B,1164720.0,1911783.0,2016,2016-01-08 21:18:00,41.73407956,-87.63039804,"(41.73407956, -87.63039804)",2016,1,Sunday
10000472,VZ889811,2015-05-06 18:11:00,67XX S MICHIGAN AVE,486,BATTERY,DOMESTIC BATTERY AGGRAVATED,OTHER,True,True,521,7,20.0,72.0,07,1180120.0,1878944.0,2015,2015-05-30 18:11:00,41.7561192,-87.59895603,"(41.7561192, -87.59895603)",2015,5,Wednesday
10000473,UI391873,2016-08-23 14:17:00,87XX S PULASKI RD,850,DECEPTIVE PRACTICE,FRAUD,COMMERCIAL / BUSINESS OFFICE,False,False,1011,19,25.0,74.0,04A,1178089.0,1914699.0,2016,2016-08-26 14:17:00,41.96703843,-87.651374465,"(41.96703843, -87.73501037)",2016,8,Tuesday
10000474,RV398005,2020-05-13 19:00:00,26XX N HALSTED ST,620,BURGLARY,UNLAWFUL ENTRY,RESTAURANT,False,False,2411,25,33.0,56.0,15,1191685.0,1911060.0,2020,2020-05-14 19:00:00,41.70878149,-87.78345473,"(41.70878149, -87.78345473)",2020,5,Wednesday
10000475,BY877411,2022-01-22 16:55:00,37XX W COTTAGE GROVE AVE,800,ARSON,AGGRAVATED,UNKNOWN,True,False,312,16,42.0,53.0,18,1194785.0,1885251.0,2022,2022-02-10 16:55:00,41.88125086,-87.71896355,"(41.88125086, -87.71896355)",2022,1,Saturday
10000476,JY294494,2016-10-21 17:59:00,12XX S MADISON ST,460,BATTERY,SIMPLE,ALLEY,False,False,112,3,50.0,34.0,07,1159763.0,1866213.0,2016,2016-11-10 17:59:00,41.85006081,-87.77985257,"(41.85006081, -87.77985257)",2016,10,Friday
10000477,BW208420,2022-07-05 12:29:00,93XX S MADISON ST,620,BURGLARY,UNLAWFUL ENTRY,RESTAURANT,True,False,1011,19,37.0,45.0,02,1164836.0,1871167.0,2022,2022-07-21 12:29:00,41.71230081,-87.59963716,"(41.71230081, -87.59963716)",2022,7,Tuesday
10000478,UR478282,2020-10-03 09:11:00,22XX E FULLERTON AVE,5003,PUBLIC PEACE VIOLATION,DISORDERLY CONDUCT,BAR OR TAVERN,False,False,1511,1,11.0,12.0,12,1159669.0,1890235.0,2020,2020-10-06 09:11:00,41.93819683,-87.76929861,"(41.93819683, -87.76929861)",2020,10,Saturday
10000479,JA508163,2015-04-04 15:44:00,52XX S MICHIGAN AVE,610,BURGLARY,FORCIBLE ENTRY,PARK PROPERTY,False,False,1022,19,47.0,55.0,07,1174984.0,1925055.0,2015,2015-04-23 15:44:00,41.82607212,-87.58996654,"(41.82607212, -87.58996654)",2015,4,Saturday
10000480,LP250180,2019-07-17 17:46:00,76XX E CICERO AVE,312,ROBBERY,ARMED: HANDGUN,STREET,False,False,122,18,42.0,23.0,16,1187748.0,1926391.0,2019,2019-07-20 17:46:00,41.86036011,-87.50932504,"(41.86036011, -87.50932504)",2019,7,Wednesday
10000481,CY254459,2017-10-24 16:18:00,97XX N GRAND AVE,320,ROBBERY,STRONGARM - NO WEAPON,OTHER,False,False,2511,5,20.0,44.0,13,1172593.0,1893655.0,2017,2017-11-14 16:18:00,41.88418123,-87.71493022,"(41.88418123, -87.71493022)",2017,10,Tuesday
10000482,RA667368,2021-11-05 16:24:00,96XX N MADISON ST,730,THEFT,SHOPLIFTING,GROCERY FOOD STORE,False,False,1121,5,40.0,74.0,14,1166005.0,1896144.0,2021,2021-11-23 16:24:00,41.7361746,-87.54977357,"(41.7361746, -87.54977357)",2021,11,Friday
10000483,QD552388,2016-11-18 11:34:00,38XX S CICERO AVE,312,ROBBERY,ARMED: HANDGUN,COMMERCIAL / BUSINESS OFFICE,True,False,612,11,24.0,35.0,18,1157017.0,1916117.0,2016,2016-11-24 11:34:00,41.82820574,-87.6817799,"(41.82820574, -87.6817799)",2016,11,Friday
10000484,FZ553394,2018-10-15 19:59:00,88XX E WESTERN AVE,650,MOTOR VEHICLE THEFT,AUTOMOBILE,PARK PROPERTY,False,False,321,6,22.0,50.0,18,1174984.0,1877466.0,2018,2018-10-31 19:59:00,41.97381942,-87.73350436,"(41.97381942, -87.73350436)",2018,10,Monday
10000485,UC330218,2017-07-07 00:19:00,43XX S CLARK ST,850,DECEPTIVE PRACTICE,FRAUD,VEHICLE NON-COMMERCIAL,True,False,2011,22,8.0,66.0,26,1158240.0,1865931.0,2017,2017-07-28 00:19:00,41.96416412,-87.62029969,"(41.96416412, -87.62029969)",2017,7,Friday
10000486,LQ915407,2017-09-02 20:28:00,5XX E COTTAGE GROVE AVE,486,BATTERY,DOMESTIC BATTERY AGGRAVATED,CONVENIENCE STORE,True,True,2511,11,26.0,3.0,03,1182165.0,1858728.0,2017,2017-09-30 20:28:00,41.94398152,-87.59086222,"(41.94398152, -87.59086222)",2017,9,Saturday
10000487,NZ826743,2016-07-14 22:35:00,18XX W MADISON ST,750,THEFT,THEFT $500 AND UNDER,OTHER,False,False,811,15,27.0,8.0,05,1176945.0,1872363.0,2016,2016-08-09 22:35:00,41.8146538,-87.573713,"(41.8146538, -87.573713)",2016,7,Thursday
10000488,WB030265,2018-09-23 02:59:00,83XX N MADISON ST,5003,PUBLIC PEACE VIOLATION,DISORDERLY CONDUCT,SIDEWALK,False,False,312,1,3.0,6.0,04B,1161604.0,1926676.0,2018,2018-10-21 02:59:00,41.75887202,-87.60579798,"(41.75887202, -87.60579798)",2018,9,Sunday
10000489,FY581587,2016-08-13 15:54:00,22XX E BROADWAY,850,DECEPTIVE PRACTICE,FRAUD,RESIDENCE,False,False,1211,8,28.0,58.0,26,1156486.0,1917677.0,2016,2016-09-05 15:54:00,41.81398384,-87.57592997,"(41.81398384, -87.57592997)",2016,8,Saturday
10000490,EE342952,2023-04-13 00:05:00,91XX N GRAND AVE,730,THEFT,SHOPLIFTING,PARKING LOT / GARAGE(NON.RESID.),False,False,1511,8,27.0,34.0,15,1158252.0,1887732.0,2023,2023-04-30 00:05:00,41.82895583,-87.79273238,"(41.82895583, -87.79273238)",2023,4,Thursday
10000491,LS255180,2020-02-01 13:42:00,88XX S PULASKI RD,650,MOTOR VEHICLE THEFT,AUTOMOBILE,PARKING LOT / GARAGE(NON.RESID.),True,False,1022,8,47.0,14.0,13,1182271.0,1864043.0,2020,2020-02-19 13:42:00,41.90548673,-87.51189483,"(41.90548673, -87.51189483)",2020,2,Saturday
10000492,OI446782,2023-12-19 12:54:00,70XX S MADISON ST,750,THEFT,THEFT $500 AND UNDER,RETAIL STORE,False,False,611,3,41.0,40.0,17,1168184.0,1927132.0,2023,2024-01-07 12:54:00,41.95901197,-87.70246925,"(41.95901197, -87.70246925)",2023,12,Tuesday
10000493,FS819951,2023-01-09 19:11:00,60XX W WESTERN AVE,560,ASSAULT,SIMPLE,UNKNOWN,True,False,1211,16,39.0,75.0,18,1166555.0,1903337.0,2023,2023-02-07 19:11:00,41.82204251,-87.75137313,"(41.82204251, -87.75137313)",2023,1,Monday
10000494,RJ259797,2017-02-10 09:56:00,88XX S CHICAGO AVE,730,THEFT,SHOPLIFTING,STREET,False,False,1511,9,49.0,71.0,10,1175295.0,1895513.0,2017,2017-02-12 09:56:00,41.95544763,-87.6444128,"(41.95544763, -87.6444128)",2017,2,Friday
10000495,CF285089,2021-06-08 12:29:00,96XX E MICHIGAN AVE,740,THEFT,THEFT OVER $500,CONVENIENCE STORE,False,False,2011,12,11.0,27.0,17,1178859.0,1912337.0,2021,2021-06-11 12:29:00,41.69685217,-87.75523539,"(41.69685217, -87.75523539)",2021,6,Tuesday
10000496,DE174769,2023-03-17 08:13:00,49XX W WESTERN AVE,650,MOTOR VEHICLE THEFT,AUTOMOBILE,"SCHOOL, PUBLIC, BUILDING",False,False,1111,4,44.0,59.0,04A,1187301.0,1857138.0,2023,2023-03-23 08:13:00,41.70605104,-87.61824881,"(41.70605104, -87.61824881)",2023,3,Friday
10000497,WO315308,2021-01-05 01:11:00,51XX S MADISON ST,460,BATTERY,SIMPLE,GROCERY FOOD STORE,True,False,1711,24,43.0,39.0,20,1164222.0,1913186.0,2021,2021-01-20 01:11:00,41.7746135,-87.7698624,UNKNOWN,2021,1,Tuesday
10000498,KT182071,2017-05-29 19:36:00,71XX E CHICAGO AVE,1110,SEX OFFENSE,CRIMINAL SEXUAL ABUSE,CONVENIENCE STORE,False,False,1511,12,9.0,75.0,10,1157093.0,1865260.0,2017,2017-06-18 19:36:00,41.75865897,-87.6638797,"(41.75865897, -87.6638797)",2017,5,Monday
10000499,VR627221,2021-09-19 17:28:00,41XX E COTTAGE GROVE AVE,800,ARSON,AGGRAVATED,PARK PROPERTY,True,False,2211,3,28.0,55.0,09,1182504.0,1922089.0,2021,2021-10-13 17:28:00,41.72794483,-87.71558036,"(41.72794483, -87.71558036)",2021,9,Sunday
10000500,BB171287,2019-02-28 14:43:00,56XX N WESTERN AVE,910,VANDALISM,CRIMINAL DAMAGE,"SCHOOL, PUBLIC, BUILDING",False,False,1121,12,24.0,37.0,13,1156842.0,1914807.0,2019,2019-03-25 14:43:00,41.76538437,-87.54752638,"(41.76538437, -87.54752638)",2019,2,Thursday
10000501,CB739829,2020-10-18 07:46:00,6XX W GRAND AVE,620,BURGLARY,UNLAWFUL ENTRY,CONVENIENCE STORE,False,False,312,12,29.0,14.0,15,1153040.0,1856754.0,2020,2020-11-09 07:46:00,41.84061179,-87.6971843,"(41.72245449, -87.6971843)",2020,10,Sunday
10000502,VX424380,2020-12-17 21:43:00,78XX W COTTAGE GROVE AVE,750,THEFT,THEFT $500 AND UNDER,BAR OR TAVERN,False,True,2411,16,28.0,55.0,06,1159948.0,1890235.0,2020,2020-12-29 21:43:00,41.72614891,-87.79836,"(41.72614891, -87.79836)",2020,12,Thursday
10000503,VO676536,2016-02-15 12:21:00,34XX S HALSTED ST,1200,NARCOTICS,POSS: CANNABIS 30GMS OR LESS,GAS STATION,True,False,221,20,2.0,9.0,19,1162615.0,1851571.0,2016,2016-03-07 12:21:00,41.88996096,-87.76270297,"(41.88996096, -87.76270297)",2016,2,Monday
10000504,KJ022042,2020-07-28 22:25:00,96XX E WESTERN AVE,320,ROBBERY,STRONGARM - NO WEAPON,ALLEY,False,False,521,22,34.0,64.0,16,1190683.0,1880577.0,2020,2020-08-23 22:25:00,41.86709515,-87.59445329,"(41.86709515, -87.59445329)",2020,7,Tuesday
10000505,CB160860,2021-05-17 21:39:00,70XX S WESTERN AVE,560,ASSAULT,SIMPLE,HOSPITAL BUILDING/GROUNDS,False,False,321,1,5.0,34.0,13,1160717.0,1854078.0,2021,2021-06-01 21:39:00,41.97672632,-87.75813002,"(41.97672632, -87.75813002)",2021,5,Monday
10000506,HD748359,2023-10-01 17:57:00,70XX W CLARK ST,2830,CRIMINAL TRESPASS,TO RESIDENCE,CTA BUS,False,False,112,4,6.0,57.0,03,1196390.0,1890657.0,2023,2023-10-06 17:57:00,41.8777882,-87.651374465,"(41.8777882, -87.51062534)",2023,10,Sunday
10000507,PL917396,2019-09-12 15:30:00,64XX E COTTAGE GROVE AVE,1200,NARCOTICS,POSS: CANNABIS 30GMS OR LESS,STREET,False,False,1011,3,12.0,25.0,15,1183399.0,1924731.0,2019,2019-10-04 15:30:00,41.81096885,-87.57061713,"(41.81096885, -87.57061713)",2019,9,Thursday
10000508,EQ897263,2016-04-05 13:02:00,14XX W NORTH AVE,5003,PUBLIC PEACE VIOLATION,DISORDERLY CONDUCT,RESTAURANT,False,False,411,19,42.0,32.0,10,1161206.0,1907829.0,2016,2016-04-21 13:02:00,41.93254398,-87.63403659,"(41.93254398, -87.63403659)",2016,4,Tuesday
10000509,PW124974,2018-10-16 07:09:00,69XX W CICERO AVE,910,VANDALISM,CRIMINAL DAMAGE,CTA TRAIN,True,False,1111,12,38.0,32.0,08A,1198007.0,1912293.0,2018,2018-10-22 07:09:00,41.69010299,-87.50970162,"(41.69010299, -87.50970162)",2018,10,Tuesday
10000510,OC380192,2023-02-16 11:42:00,6XX E MADISON ST,650,MOTOR VEHICLE THEFT,AUTOMOBILE,PARKING LOT / GARAGE(NON.RESID.),False,True,511,22,41.0,21.0,07,1194722.0,1877338.0,2023,2023-03-13 11:42:00,41.75400314,-87.58408566,"(41.75400314, -87.58408566)",2023,2,Thursday
10000511,MO002597,2023-11-01 17:25:00,70XX N NORTH AVE,740,THEFT,THEFT OVER $500,OTHER,False,False,122,3,31.0,62.0,16,1187650.0,1900438.0,2023,2023-11-29 17:25:00,41.76760756,-87.63852796,"(41.76760756, -87.63852796)",2023,11,Wednesday
10000512,DD518792,2017-10-16 18:37:00,41XX N WESTERN AVE,2830,CRIMINAL TRESPASS,TO RESIDENCE,STREET,False,False,712,22,36.0,57.0,08A,1154514.0,1877222.0,2017,2017-10-29 18:37:00,41.78370509,-87.53224304,"(41.78370509, -87.53224304)",2017,10,Monday
10000513,AR582920,2023-08-26 16:25:00,63XX N STATE ST,1020,WEAPONS VIOLATION,UNLAWFUL POSS OF HANDGUN,PARK PROPERTY,False,False,1111,15,21.0,32.0,11,1166382.0,1897959.0,2023,2023-09-02 16:25:00,41.72000249,-87.62621934,"(41.72000249, -87.62621934)",2023,8,Saturday
10000514,EN642724,2018-08-31 20:16:00,40XX E CICERO AVE,486,BATTERY,DOMESTIC BATTERY AGGRAVATED,PARKING LOT / GARAGE(NON.RESID.),False,True,1121,1,20.0,41.0,13,1176875.0,1852334.0,2018,2018-09-06 20:16:00,41.83700879,-87.66707118,"(41.83700879, -87.66707118)",2018,8,Friday
10000515,ID300029,2021-10-27 13:59:00,55XX W FULLERTON AVE,486,BATTERY,DOMESTIC BATTERY AGGRAVATED,BAR OR TAVERN,False,True,321,1,45.0,55.0,13,1159052.0,1910962.0,2021,2021-10-29 13:59:00,41.72552429,-87.651374465,"(41.72552429, -87.75435325)",2021,10,Wednesday
10000516,DS786411,2021-01-07 01:30:00,2XX E GRAND AVE,740,THEFT,THEFT OVER $500,VEHICLE NON-COMMERCIAL,False,False,1511,18,26.0,62.0,13,1179776.0,1925341.0,2021,2021-01-26 01:30:00,41.95238564,-87.74813325,"(41.95238564, -87.74813325)",2021,1,Thursday
10000517,JT906433,2019-04-30 21:34:00,65XX E CLARK ST,1310,NARCOTICS,POSS: COCAINE,GAS STATION,True,False,321,16,36.0,45.0,07,1156170.0,1894599.0,2019,2019-05-02 21:34:00,41.84421683,-87.70707112,"(41.84421683, -87.70707112)",2019,4,Tuesday
10000518,EV568830,2020-01-07 11:34:00,63XX S MICHIGAN AVE,800,ARSON,AGGRAVATED,RESIDENCE,False,False,1211,17,44.0,11.0,05,1164673.0,1901321.0,2020,2020-01-27 11:34:00,41.91924718,-87.72713114,"(41.91924718, -87.72713114)",2020,1,Tuesday
10000519,SK429831,2021-10-29 23:14:00,82XX N HALSTED ST,460,BATTERY,SIMPLE,GROCERY FOOD STORE,False,False,621,19,33.0,19.0,26,1150590.0,1918627.0,2021,2021-11-09 23:14:00,41.94433114,-87.53567103,"(41.94433114, -87.53567103)",2021,10,Friday
10000520,ZN787539,2021-10-04 17:28:00,95XX W DIVISION ST,650,MOTOR VEHICLE THEFT,AUTOMOBILE,PARKING LOT / GARAGE(NON.RESID.),False,False,811,19,7.0,2.0,16,1175116.0,1902885.0,2021,2021-10-27 17:28:00,41.73412507,-87.663052,"(41.73412507, -87.663052)",2021,10,Monday
10000521,ZZ643895,2023-03-05 23:34:00,31XX N ASHLAND AVE,740,THEFT,THEFT OVER $500,BAR OR TAVERN,False,False,411,14,46.0,33.0,07,1179619.0,1863018.0,2023,2023-03-29 23:34:00,41.93949247,-87.60539076,"(41.93949247, -87.60539076)",2023,3,Sunday
10000522,DO813007,2016-04-24 01:14:00,72XX W NORTH AVE,5003,PUBLIC PEACE VIOLATION,DISORDERLY CONDUCT,RETAIL STORE,False,False,1711,1,2.0,9.0,20,1175396.0,1900510.0,2016,2016-04-30 01:14:00,41.7243843,-87.52698777,"(41.7243843, -87.52698777)",2016,4,Sunday
10000523,VK138995,2019-09-21 20:49:00,26XX N GRAND AVE,1200,NARCOTICS,POSS: CANNABIS 30GMS OR LESS,RESIDENCE,True,False,412,19,42.0,18.0,01A,1183814.0,1857812.0,2019,2019-10-19 20:49:00,41.9847326,-87.70508233,"(41.9847326, -87.70508233)",2019,9,Saturday
10000524,UM507745,2015-10-30 01:41:00,13XX W CLARK ST,1200,NARCOTICS,POSS: CANNABIS 30GMS OR LESS,PARKING LOT / GARAGE(NON.RESID.),False,False,211,12,20.0,12.0,09,1150079.0,1885761.0,2015,2015-11-12 01:41:00,41.97277884,-87.50396553,UNKNOWN,2015,10,Friday
10000525,JV580519,2017-08-16 16:35:00,76XX W COTTAGE GROVE AVE,730,THEFT,SHOPLIFTING,GROCERY FOOD STORE,False,False,221,18,41.0,73.0,10,1180718.0,1879126.0,2017,2017-09-03 16:35:00,41.88812355,-87.65441148,"(41.88812355, -87.65441148)",2017,8,Wednesday
10000526,MK105761,2015-11-19 16:00:00,91XX N ASHLAND AVE,740,THEFT,THEFT OVER $500,COMMERCIAL / BUSINESS OFFICE,False,False,122,20,24.0,18.0,08B,1155888.0,1888932.0,2015,2015-12-14 16:00:00,41.84314903,-87.50854537,"(41.84314903, -87.50854537)",2015,11,Thursday
10000527,AP184059,2015-11-01 15:51:00,41XX W ASHLAND AVE,750,THEFT,THEFT $500 AND UNDER,UNKNOWN,False,True,621,9,47.0,47.0,02,1168642.0,1916675.0,2015,2015-11-24 15:51:00,41.85606563,-87.59569542,"(41.85606563, -87.59569542)",2015,11,Sunday
10000528,RS214399,2016-07-11 11:55:00,67XX S COTTAGE GROVE AVE,486,BATTERY,DOMESTIC BATTERY AGGRAVATED,GROCERY FOOD STORE,False,True,1911,6,26.0,21.0,14,1163999.0,1854672.0,2016,2016-07-27 11:55:00,41.95622725,-87.53435636,"(41.95622725, -87.53435636)",2016,7,Monday
10000529,BM856049,2016-04-20 17:00:00,7XX S PULASKI RD,1020,WEAPONS VIOLATION,UNLAWFUL POSS OF HANDGUN,RESIDENCE,False,False,211,6,30.0,14.0,13,1168136.0,1925760.0,2016,2016-05-10 17:00:00,41.91425946,-87.78691412,"(41.91425946, -87.78691412)",2016,4,Wednesday
10000530,ZF352770,2023-12-11 17:29:00,94XX N ASHLAND AVE,1310,NARCOTICS,POSS: COCAINE,PARKING LOT / GARAGE(NON.RESID.),False,False,511,20,36.0,74.0,12,1197827.0,1911279.0,2023,2023-12-25 17:29:00,41.72945152,-87.72287275,"(41.72945152, -87.72287275)",2023,12,Monday
10000531,FO998955,2023-10-15 20:23:00,96XX W GRAND AVE,265,CRIM SEXUAL ASSAULT,AGGRAVATED: OTHER,GAS STATION,False,False,812,9,34.0,31.0,02,1163650.0,1893653.0,2023,2023-10-30 20:23:00,41.8489819,-87.67831053,"(41.8489819, -87.67831053)",2023,10,Sunday
10000532,OI714676,2021-01-21 04:21:00,24XX N STATE ST,265,CRIM SEXUAL ASSAULT,AGGRAVATED: OTHER,"SCHOOL, PUBLIC, BUILDING",False,False,121,16,29.0,36.0,17,1198046.0,1862756.0,2021,2021-01-23 04:21:00,41.79066906,-87.77598151,"(41.79066906, -87.77598151)",2021,1,Thursday
10000533,ZX619793,2015-03-20 08:51:00,35XX N COTTAGE GROVE AVE,620,BURGLARY,UNLAWFUL ENTRY,APARTMENT,False,False,121,16,44.0,50.0,09,1181049.0,1923550.0,2015,2015-03-30 08:51:00,41.88015377,-87.67816313,"(41.88015377, -87.67816313)",2015,3,Friday
10000534,VM597530,2023-01-25 22:58:00,98XX W PULASKI RD,1240,NARCOTICS,POSS: HEROIN(WHITE),RESIDENCE,True,False,612,12,42.0,76.0,04A,1152191.0,1916780.0,2023,2023-02-23 22:58:00,41.79193529,-87.66858149,"(41.79193529, -87.66858149)",2023,1,Wednesday
10000535,YZ368937,2017-04-12 18:37:00,10XX E WESTERN AVE,5003,PUBLIC PEACE VIOLATION,DISORDERLY CONDUCT,GROCERY FOOD STORE,False,False,311,1,18.0,45.0,03,1184936.0,1910825.0,2017,2017-04-16 18:37:00,41.81852247,-87.64805531,"(41.81852247, -87.64805531)",2017,4,Wednesday
10000536,SY652593,2021-06-23 01:01:00,65XX E ASHLAND AVE,110,HOMICIDE,FIRST DEGREE MURDER,APARTMENT,True,False,121,20,28.0,71.0,14,1188914.0,1921635.0,2021,2021-07-06 01:01:00,41.8217697,-87.651374465,"(41.8217697, -87.72116962)",2021,6,Wednesday
10000537,UI807008,2018-11-26 20:04:00,24XX S CICERO AVE,510,ASSAULT,AGGRAVATED: HANDGUN,STREET,True,False,612,7,25.0,40.0,19,1162738.0,1896569.0,2018,2018-12-12 20:04:00,41.77576072,-87.66218645,"(41.77576072, -87.66218645)",2018,11,Monday
10000538,WW055410,2016-09-12 21:07:00,43XX W MADISON ST,730,THEFT,SHOPLIFTING,"SCHOOL, PUBLIC, BUILDING",False,False,521,14,26.0,57.0,13,1166725.0,1890235.0,2016,2016-09-15 21:07:00,41.69194857,-87.53108459,"(41.69194857, -87.53108459)",2016,9,Monday
10000539,LY077139,2017-02-03 06:29:00,1XX S PULASKI RD,460,BATTERY,SIMPLE,BAR OR TAVERN,True,False,311,1,45.0,77.0,16,1174984.0,1907095.0,2017,2017-02-18 06:29:00,41.71725023,-87.69672433,"(41.71725023, -87.69672433)",2017,2,Friday
10000540,TU947680,2019-11-24 10:23:00,72XX N STATE ST,5003,PUBLIC PEACE VIOLATION,DISORDERLY CONDUCT,OTHER,False,False,2211,19,36.0,11.0,11,1158373.0,1905258.0,2019,2019-12-05 10:23:00,41.829125,-87.50815638,"(41.829125, -87.50815638)",2019,11,Sunday
10000541,GH422175,2018-06-27 21:42:00,18XX S STATE ST,650,MOTOR VEHICLE THEFT,AUTOMOBILE,CTA TRAIN,False,True,1411,18,9.0,22.0,07,1176832.0,1900021.0,2018,2018-07-01 21:42:00,41.85535995,-87.61548743,"(41.85535995, -87.61548743)",2018,6,Wednesday
10000542,BU103021,2023-03-29 01:02:00,32XX E PULASKI RD,510,ASSAULT,AGGRAVATED: HANDGUN,STREET,True,False,312,7,4.0,36.0,04A,1192524.0,1860175.0,2023,2023-04-19 01:02:00,41.90508186,-87.65059189,"(41.90508186, -87.65059189)",2023,3,Wednesday
10000543,PY290295,2016-01-29 17:14:00,49XX N COTTAGE GROVE AVE,320,ROBBERY,STRONGARM - NO WEAPON,OTHER,False,True,321,3,44.0,3.0,08B,1198914.0,1855922.0,2016,2016-02-03 17:14:00,41.89479087,-87.5561136,"(41.89479087, -87.5561136)",2016,1,Friday
10000544,JH272644,2020-08-14 05:25:00,66XX W CHICAGO AVE,650,MOTOR VEHICLE THEFT,AUTOMOBILE,RETAIL STORE,False,False,1221,12,27.0,51.0,17,1169700.0,1862237.0,2020,2020-09-01 05:25:00,41.84061179,-87.72983964,"(41.70217381, -87.72983964)",2020,8,Friday
10000545,RC558079,2020-02-02 09:54:00,84XX E CLARK ST,740,THEFT,THEFT OVER $500,OTHER,True,False,221,14,9.0,56.0,09,1183273.0,1923570.0,2020,2020-02-08 09:54:00,41.76671793,-87.56425086,"(41.76671793, -87.56425086)",2020,2,Sunday
10000546,NF228820,2022-05-19 17:43:00,47XX N CHICAGO AVE,460,BATTERY,SIMPLE,BAR OR TAVERN,False,False,1911,9,15.0,26.0,05,1199466.0,1925778.0,2022,2022-06-01 17:43:00,41.73019337,-87.51029187,"(41.73019337, -87.51029187)",2022,5,Thursday
10000547,LO923773,2022-09-26 16:17:00,26XX E CICERO AVE,320,ROBBERY,STRONGARM - NO WEAPON,CTA TRAIN,False,False,2211,11,30.0,52.0,09,1197137.0,1923294.0,2022,2022-10-12 16:17:00,41.98710932,-87.58347629,"(41.98710932, -87.58347629)",2022,9,Monday
10000548,EW249137,2021-06-03 12:53:00,51XX E GRAND AVE,610,BURGLARY,FORCIBLE ENTRY,RESTAURANT,False,False,211,22,20.0,66.0,11,1189326.0,1879697.0,2021,2021-07-03 12:53:00,41.80973029,-87.75722139,"(41.80973029, -87.75722139)",2021,6,Thursday
10000549,AQ745319,2017-03-11 11:57:00,29XX N MICHIGAN AVE,1240,NARCOTICS,POSS: HEROIN(WHITE),HOSPITAL BUILDING/GROUNDS,False,False,811,15,8.0,39.0,13,1170632.0,1902622.0,2017,2017-03-17 11:57:00,41.93287797,-87.66415845,"(41.93287797, -87.66415845)",2017,3,Saturday
10000550,UW824454,2023-04-16 21:27:00,83XX N DIVISION ST,610,BURGLARY,FORCIBLE ENTRY,VEHICLE NON-COMMERCIAL,False,False,621,18,30.0,40.0,05,1174861.0,1901425.0,2023,2023-05-15 21:27:00,41.89361378,-87.78541717,"(41.89361378, -87.78541717)",2023,4,Sunday
10000551,II691039,2019-01-02 20:52:00,23XX S HALSTED ST,110,HOMICIDE,FIRST DEGREE MURDER,SIDEWALK,True,False,912,19,5.0,4.0,20,1196038.0,1888707.0,2019,2019-01-17 20:52:00,41.98522506,-87.78909004,"(41.98522506, -87.78909004)",2019,1,Wednesday
10000552,DJ688691,2015-05-24 09:12:00,63XX S CHICAGO AVE,620,BURGLARY,UNLAWFUL ENTRY,CTA BUS,False,False,312,22,23.0,45.0,19,1182243.0,1896049.0,2015,2015-06-06 09:12:00,41.96194526,-87.7919633,"(41.96194526, -87.7919633)",2015,5,Sunday
10000553,NK497881,2022-10-02 18:57:00,71XX W STATE ST,620,BURGLARY,UNLAWFUL ENTRY,UNKNOWN,False,False,311,8,26.0,29.0,02,1173477.0,1857331.0,2022,2022-10-28 18:57:00,41.84218277,-87.50840214,"(41.84218277, -87.50840214)",2022,10,Sunday
10000554,DE701621,2021-04-05 18:40:00,27XX S ASHLAND AVE,850,DECEPTIVE PRACTICE,FRAUD,COMMERCIAL / BUSINESS OFFICE,False,False,612,3,32.0,56.0,04B,1172130.0,1871012.0,2021,2021-04-11 18:40:00,41.81076116,-87.73990877,"(41.81076116, -87.73990877)",2021,4,Monday
10000555,HR412438,2015-08-23 13:52:00,9XX N STATE ST,740,THEFT,THEFT OVER $500,SIDEWALK,False,False,912,22,22.0,28.0,07,1174984.0,1888303.0,2015,2015-09-21 13:52:00,41.76267295,-87.53087335,"(41.76267295, -87.53087335)",2015,8,Sunday
10000556,YR347059,2015-08-23 16:18:00,73XX N COTTAGE GROVE AVE,460,BATTERY,SIMPLE,CTA TRAIN,False,False,1411,14,15.0,74.0,08A,1173807.0,1878922.0,2015,2015-09-14 16:18:00,41.78414929,-87.71694534,"(41.78414929, -87.71694534)",2015,8,Sunday
10000557,DR102279,2020-01-21 16:22:00,80XX W WESTERN AVE,486,BATTERY,DOMESTIC BATTERY AGGRAVATED,CTA BUS,False,True,111,6,4.0,62.0,03,1198819.0,1903333.0,2020,2020-02-16 16:22:00,41.69544805,-87.74938182,"(41.69544805, -87.74938182)",2020,1,Tuesday
10000558,JV996963,2020-07-02 21:14:00,69XX W DIVISION ST,910,VANDALISM,CRIMINAL DAMAGE,RESIDENCE,False,False,311,22,50.0,24.0,15,1166955.0,1896142.0,2020,2020-07-05 21:14:00,41.91939219,-87.66188532,"(41.91939219, -87.66188532)",2020,7,Thursday
10000559,MS045336,2018-10-03 09:07:00,82XX W BROADWAY,650,MOTOR VEHICLE THEFT,AUTOMOBILE,PARK PROPERTY,True,False,2211,2,11.0,16.0,17,1168906.0,1929454.0,2018,2018-10-08 09:07:00,41.92237872,-87.65411301,"(41.92237872, -87.65411301)",2018,10,Wednesday
10000560,ZL166162,2018-11-24 14:02:00,73XX W COTTAGE GROVE AVE,910,VANDALISM,CRIMINAL DAMAGE,GROCERY FOOD STORE,True,False,1111,11,3.0,3.0,08A,1179443.0,1880889.0,2018,2018-12-03 14:02:00,41.75617724,-87.74024605,"(41.75617724, -87.74024605)",2018,11,Saturday
10000561,HI299732,2017-04-25 14:15:00,85XX W CICERO AVE,510,ASSAULT,AGGRAVATED: HANDGUN,RETAIL STORE,False,False,1711,11,40.0,38.0,12,1169673.0,1923808.0,2017,2017-04-28 14:15:00,41.86097503,-87.69938024,"(41.86097503, -87.69938024)",2017,4,Tuesday
10000562,DS725868,2017-11-24 11:28:00,76XX E DIVISION ST,460,BATTERY,SIMPLE,RESTAURANT,True,False,1111,8,37.0,35.0,02,1178067.0,1861688.0,2017,2017-12-04 11:28:00,41.89280649,-87.6027852,"(41.89280649, -87.6027852)",2017,11,Friday
10000563,WD202439,2016-12-10 07:30:00,44XX W ASHLAND AVE,486,BATTERY,DOMESTIC BATTERY AGGRAVATED,OTHER,False,True,712,2,31.0,42.0,10,1174984.0,1912749.0,2016,2017-01-04 07:30:00,41.84557164,-87.74218508,"(41.84557164, -87.74218508)",2016,12,Saturday
10000564,GJ223302,2017-04-15 19:29:00,11XX S HALSTED ST,750,THEFT,THEFT $500 AND UNDER,GROCERY FOOD STORE,False,False,2411,14,23.0,68.0,12,1173567.0,1850185.0,2017,2017-04-26 19:29:00,41.79121455,-87.59673776,"(41.79121455, -87.59673776)",2017,4,Saturday
10000565,AU967852,2015-05-18 21:12:00,95XX W MICHIGAN AVE,650,MOTOR VEHICLE THEFT,AUTOMOBILE,STREET,False,False,612,16,19.0,24.0,15,1172538.0,1896355.0,2015,2015-05-28 21:12:00,41.69561497,-87.73040279,"(41.69561497, -87.73040279)",2015,5,Monday
10000566,IL389125,2017-12-15 09:02:00,36XX W NORTH AVE,740,THEFT,THEFT OVER $500,"SCHOOL, PUBLIC, BUILDING",False,False,312,7,26.0,40.0,18,1158168.0,1915205.0,2017,2017-12-25 09:02:00,41.94041455,-87.51582525,UNKNOWN,2017,12,Friday
10000567,GT162099,2015-03-31 10:16:00,62XX E MADISON ST,730,THEFT,SHOPLIFTING,HOSPITAL BUILDING/GROUNDS,False,False,221,16,29.0,9.0,04B,1150535.0,1890235.0,2015,2015-04-14 10:16:00,41.82688827,-87.5201556,"(41.82688827, -87.5201556)",2015,3,Tuesday
10000568,RO798464,2015-07-11 08:18:00,57XX W CLARK ST,850,DECEPTIVE PRACTICE,FRAUD,CTA TRAIN,False,False,211,3,38.0,3.0,02,1164633.0,1920486.0,2015,2015-07-26 08:18:00,41.73902198,-87.56087939,"(41.73902198, -87.56087939)",2015,7,Saturday
10000569,KN797122,2021-01-27 10:55:00,89XX E NORTH AVE,750,THEFT,THEFT $500 AND UNDER,COMMERCIAL / BUSINESS OFFICE,False,False,312,16,10.0,61.0,17,1179939.0,1914213.0,2021,2021-02-26 10:55:00,41.7092267,-87.75333445,"(41.7092267, -87.75333445)",2021,1,Wednesday
10000570,CZ661387,2020-10-04 03:44:00,77XX S CHICAGO AVE,610,BURGLARY,FORCIBLE ENTRY,ALLEY,False,True,122,19,27.0,7.0,07,1151802.0,1900342.0,2020,2020-10-16 03:44:00,41.93731375,-87.71259559,"(41.93731375, -87.71259559)",2020,10,Sunday
10000571,FH388384,2015-03-29 13:18:00,25XX N PULASKI RD,1240,NARCOTICS,POSS: HEROIN(WHITE),GAS STATION,True,False,411,5,26.0,49.0,06,1182302.0,1890235.0,2015,2015-04-03 13:18:00,41.93327266,-87.62266922,"(41.93327266, -87.62266922)",2015,3,Sunday
10000572,GE947131,2022-09-04 13:39:00,95XX E DIVISION ST,740,THEFT,THEFT OVER $500,PARK PROPERTY,False,False,1511,11,13.0,58.0,18,1182896.0,1862796.0,2022,2022-09-29 13:39:00,41.7444978,-87.67185839,"(41.7444978, -87.67185839)",2022,9,Sunday
10000573,EQ271406,2016-09-10 17:07:00,60XX S DIVISION ST,312,ROBBERY,ARMED: HANDGUN,APARTMENT,True,False,511,11,50.0,53.0,07,1179078.0,1868607.0,2016,2016-09-13 17:07:00,41.78474139,-87.60054784,"(41.78474139, -87.60054784)",2016,9,Saturday
10000574,SN855920,2015-06-15 04:36:00,96XX E WESTERN AVE,1020,WEAPONS VIOLATION,UNLAWFUL POSS OF HANDGUN,SIDEWALK,False,True,122,8,46.0,21.0,10,1191441.0,1912568.0,2015,2015-07-03 04:36:00,41.94515112,-87.77169164,"(41.94515112, -87.77169164)",2015,6,Monday
10000575,YK375726,2022-07-22 00:50:00,82XX W BROADWAY,5003,PUBLIC PEACE VIOLATION,DISORDERLY CONDUCT,PARKING LOT / GARAGE(NON.RESID.),False,False,1511,6,37.0,65.0,11,1166364.0,1908939.0,2022,2022-08-04 00:50:00,41.76336559,-87.70589649,"(41.76336559, -87.70589649)",2022,7,Friday
10000576,PP655651,2018-03-10 09:16:00,58XX S DIVISION ST,460,BATTERY,SIMPLE,APARTMENT,False,False,1511,7,8.0,37.0,18,1193292.0,1890235.0,2018,2018-03-28 09:16:00,41.86050559,-87.5414383,UNKNOWN,2018,3,Saturday
10000577,YO148177,2015-01-23 13:12:00,32XX S MICHIGAN AVE,2830,CRIMINAL TRESPASS,TO RESIDENCE,CTA BUS,False,False,412,6,35.0,44.0,08A,1152320.0,1914769.0,2015,2015-02-16 13:12:00,41.71890835,-87.70347036,"(41.71890835, -87.70347036)",2015,1,Friday
10000578,KC437001,2021-03-26 23:13:00,70XX W COTTAGE GROVE AVE,610,BURGLARY,FORCIBLE ENTRY,ALLEY,False,False,511,18,40.0,50.0,19,1166811.0,1859123.0,2021,2021-04-24 23:13:00,41.96003849,-87.77500946,"(41.96003849, -87.77500946)",2021,3,Friday
10000579,QK635085,2018-12-01 21:29:00,64XX W WESTERN AVE,750,THEFT,THEFT $500 AND UNDER,RESTAURANT,False,False,1711,22,47.0,9.0,14,1150989.0,1926213.0,2018,2018-12-25 21:29:00,41.91927615,-87.51770764,"(41.91927615, -87.51770764)",2018,12,Saturday
10000580,JY331850,2022-10-16 07:37:00,90XX W NORTH AVE,730,THEFT,SHOPLIFTING,VEHICLE NON-COMMERCIAL,False,False,1811,20,35.0,32.0,04B,1150831.0,1907295.0,2022,2022-10-30 07:37:00,41.83924357,-87.57967273,"(41.83924357, -87.57967273)",2022,10,Sunday
10000581,TO300746,2019-11-18 18:00:00,76XX E HALSTED ST,1110,SEX OFFENSE,CRIMINAL SEXUAL ABUSE,HOSPITAL BUILDING/GROUNDS,False,False,311,16,48.0,39.0,12,1157135.0,1899387.0,2019,2019-12-13 18:00:00,41.82351554,-87.61177953,"(41.82351554, -87.61177953)",2019,11,Monday
10000582,UN237168,2023-12-29 16:19:00,14XX W BROADWAY,610,BURGLARY,FORCIBLE ENTRY,GAS STATION,False,False,711,15,30.0,32.0,16,1186653.0,1892914.0,2023,2024-01-02 16:19:00,41.87897412,-87.73812264,"(41.87897412, -87.73812264)",2023,12,Friday
10000583,IH856728,2019-06-28 12:38:00,74XX S STATE ST,750,THEFT,THEFT $500 AND UNDER,HOSPITAL BUILDING/GROUNDS,False,False,411,2,2.0,70.0,16,1161071.0,1894502.0,2019,2019-07-27 12:38:00,41.79757078,-87.7686876,"(41.79757078, -87.7686876)",2019,6,Friday
10000584,OT145894,2015-07-13 00:02:00,50XX E WESTERN AVE,312,ROBBERY,ARMED: HANDGUN,BAR OR TAVERN,True,False,1022,12,47.0,50.0,10,1160165.0,1922892.0,2015,2015-08-04 00:02:00,41.92356628,-87.69323271,"(41.92356628, -87.69323271)",2015,7,Monday
10000585,RY598330,2015-05-24 02:40:00,51XX W CLARK ST,510,ASSAULT,AGGRAVATED: HANDGUN,PARKING LOT / GARAGE(NON.RESID.),True,False,221,7,28.0,48.0,02,1162603.0,1898116.0,2015,2015-06-18 02:40:00,41.77868792,-87.51509182,"(41.77868792, -87.51509182)",2015,5,Sunday
10000586,OR356308,2016-12-31 09:54:00,62XX W BROADWAY,460,BATTERY,SIMPLE,"SCHOOL, PUBLIC, BUILDING",True,False,812,4,39.0,2.0,08B,1189656.0,1870689.0,2016,2017-01-06 09:54:00,41.88425489,-87.71153144,"(41.88425489, -87.71153144)",2016,12,Saturday
10000587,ML267657,2022-11-13 20:57:00,82XX S GRAND AVE,460,BATTERY,SIMPLE,GAS STATION,True,False,1022,2,1.0,32.0,07,1196464.0,1912330.0,2022,2022-12-03 20:57:00,41.71742137,-87.53932353,"(41.71742137, -87.53932353)",2022,11,Sunday
10000588,HM763145,2019-07-22 07:32:00,34XX W GRAND AVE,460,BATTERY,SIMPLE,RETAIL STORE,True,False,1211,17,24.0,11.0,03,1152358.0,1874681.0,2019,2019-08-02 07:32:00,41.70566763,-87.54449616,"(41.70566763, -87.54449616)",2019,7,Monday
10000589,VN619558,2017-03-27 11:54:00,89XX S CICERO AVE,560,ASSAULT,SIMPLE,HOSPITAL BUILDING/GROUNDS,True,False,812,22,14.0,5.0,03,1176492.0,1883702.0,2017,2017-04-25 11:54:00,41.84061179,-87.74142928,"(41.69908555, -87.74142928)",2017,3,Monday
10000590,JR123047,2018-07-18 18:20:00,7XX N WESTERN AVE,460,BATTERY,SIMPLE,COMMERCIAL / BUSINESS OFFICE,False,False,1111,4,29.0,40.0,15,1174131.0,1914462.0,2018,2018-07-24 18:20:00,41.96797465,-87.58131844,"(41.96797465, -87.58131844)",2018,7,Wednesday
10000591,PN297175,2021-06-15 11:24:00,44XX W CICERO AVE,312,ROBBERY,ARMED: HANDGUN,BAR OR TAVERN,False,False,121,15,17.0,44.0,16,1155608.0,1892581.0,2021,2021-07-06 11:24:00,41.92708898,-87.59315188,"(41.92708898, -87.59315188)",2021,6,Tuesday
10000592,YT801457,2021-12-11 19:57:00,91XX E ASHLAND AVE,560,ASSAULT,SIMPLE,RESIDENCE,False,False,2211,25,40.0,59.0,19,1188756.0,1889222.0,2021,2022-01-07 19:57:00,41.9632516,-87.68871942,"(41.9632516, -87.68871942)",2021,12,Saturday
10000593,EF053457,2015-02-28 22:48:00,51XX N HALSTED ST,750,THEFT,THEFT $500 AND UNDER,OTHER,False,False,812,18,20.0,34.0,15,1174816.0,1919907.0,2015,2015-03-19 22:48:00,41.92844151,-87.7381668,"(41.92844151, -87.7381668)",2015,2,Saturday
10000594,CV357747,2015-04-03 19:39:00,27XX S CHICAGO AVE,850,DECEPTIVE PRACTICE,FRAUD,GAS STATION,False,False,212,20,41.0,22.0,17,1174984.0,1923968.0,2015,2015-04-25 19:39:00,41.80112196,-87.75565791,"(41.80112196, -87.75565791)",2015,4,Friday
10000595,WS038272,2015-02-12 11:54:00,68XX E WESTERN AVE,730,THEFT,SHOPLIFTING,GAS STATION,True,False,712,5,37.0,61.0,26,1171329.0,1895917.0,2015,2015-03-02 11:54:00,41.79486852,-87.72699521,"(41.79486852, -87.72699521)",2015,2,Thursday
10000596,LG688241,2017-06-07 18:32:00,12XX E BROADWAY,320,ROBBERY,STRONGARM - NO WEAPON,SIDEWALK,True,False,611,22,26.0,73.0,12,1181331.0,1893564.0,2017,2017-07-01 18:32:00,41.87560459,-87.58870565,"(41.87560459, -87.58870565)",2017,6,Wednesday
10000597,GV608669,2017-09-09 15:11:00,11XX W CLARK ST,560,ASSAULT,SIMPLE,VEHICLE NON-COMMERCIAL,False,False,2411,1,11.0,70.0,15,1195705.0,1873598.0,2017,2017-09-24 15:11:00,41.8034631,-87.7985942,"(41.8034631, -87.7985942)",2017,9,Saturday
10000598,RL555795,2016-05-24 03:42:00,14XX E CLARK ST,560,ASSAULT,SIMPLE,STREET,False,True,1511,19,1.0,18.0,15,1171111.0,1924690.0,2016,2016-06-11 03:42:00,41.73281298,-87.67409047,"(41.73281298, -87.67409047)",2016,5,Tuesday
10000599,DM480989,2015-01-15 17:11:00,31XX E GRAND AVE,486,BATTERY,DOMESTIC BATTERY AGGRAVATED,SIDEWALK,True,True,2511,19,49.0,36.0,26,1187719.0,1878048.0,2015,2015-02-01 17:11:00,41.91957823,-87.53864937,"(41.91957823, -87.53864937)",2015,1,Thursday
10000600,AG200993,2017-05-03 17:48:00,37XX W GRAND AVE,560,ASSAULT,SIMPLE,CTA TRAIN,False,False,511,3,33.0,64.0,11,1161122.0,1868722.0,2017,2017-05-20 17:48:00,41.91422387,-87.51145983,"(41.91422387, -87.51145983)",2017,5,Wednesday
10000601,OE378604,2017-12-09 06:54:00,89XX E WESTERN AVE,750,THEFT,THEFT $500 AND UNDER,SIDEWALK,False,False,911,8,6.0,5.0,14,1150984.0,1906582.0,2017,2017-12-15 06:54:00,41.77055928,-87.651374465,"(41.77055928, -87.71615046)",2017,12,Saturday
10000602,KC801346,2021-04-04 15:47:00,34XX S COTTAGE GROVE AVE,560,ASSAULT,SIMPLE,CONVENIENCE STORE,True,False,511,9,26.0,53.0,01A,1189672.0,1864841.0,2021,2021-04-17 15:47:00,41.98755673,-87.54740543,"(41.98755673, -87.54740543)",2021,4,Sunday
10000603,BM195072,2015-05-11 17:49:00,78XX E MICHIGAN AVE,460,BATTERY,SIMPLE,VEHICLE NON-COMMERCIAL,True,False,311,8,26.0,54.0,14,1151558.0,1877117.0,2015,2015-06-06 17:49:00,41.81278105,-87.63688959,"(41.81278105, -87.63688959)",2015,5,Monday
10000604,ZC189402,2015-06-18 19:30:00,96XX W WESTERN AVE,460,BATTERY,SIMPLE,STREET,True,True,1511,3,42.0,50.0,08A,1193506.0,1906795.0,2015,2015-07-17 19:30:00,41.93127949,-87.72383425,"(41.93127949, -87.72383425)",2015,6,Thursday
10000605,TL883064,2019-01-16 08:41:00,75XX E BROADWAY,730,THEFT,SHOPLIFTING,GAS STATION,False,False,411,1,10.0,44.0,01A,1186628.0,1924921.0,2019,2019-01-29 08:41:00,41.91659864,-87.75742518,"(41.91659864, -87.75742518)",2019,1,Wednesday
10000606,UO472654,2015-04-09 23:43:00,75XX N COTTAGE GROVE AVE,560,ASSAULT,SIMPLE,CTA TRAIN,False,True,2211,9,23.0,46.0,16,1178748.0,1858835.0,2015,2015-04-14 23:43:00,41.70111661,-87.76826939,"(41.70111661, -87.76826939)",2015,4,Thursday
10000607,CH057588,2015-02-09 16:17:00,63XX E ASHLAND AVE,740,THEFT,THEFT OVER $500,PARK PROPERTY,False,False,1611,16,17.0,4.0,02,1198836.0,1858762.0,2015,2015-02-19 16:17:00,41.88720476,-87.50707351,"(41.88720476, -87.50707351)",2015,2,Monday
10000608,TM910902,2020-09-19 14:28:00,9XX S PULASKI RD,610,BURGLARY,FORCIBLE ENTRY,STREET,False,False,521,18,11.0,16.0,05,1157401.0,1918454.0,2020,2020-09-21 14:28:00,41.78556834,-87.67049196,"(41.78556834, -87.67049196)",2020,9,Saturday
10000609,DM975577,2021-08-28 07:00:00,50XX S CICERO AVE,320,ROBBERY,STRONGARM - NO WEAPON,OTHER,False,False,2011,18,34.0,40.0,03,1151157.0,1926395.0,2021,2021-08-29 07:00:00,41.72573329,-87.56050363,"(41.72573329, -87.56050363)",2021,8,Saturday
10000610,SG495006,2021-02-21 14:16:00,56XX N WESTERN AVE,486,BATTERY,DOMESTIC BATTERY AGGRAVATED,RESTAURANT,False,True,112,8,3.0,7.0,07,1175752.0,1904743.0,2021,2021-03-06 14:16:00,41.93478069,-87.651374465,"(41.93478069, -87.50826775)",2021,2,Sunday
10000611,LD001878,2022-06-15 01:23:00,91XX E NORTH AVE,1310,NARCOTICS,POSS: COCAINE,HOSPITAL BUILDING/GROUNDS,True,True,621,11,49.0,31.0,17,1180360.0,1870030.0,2022,2022-06-22 01:23:00,41.78649549,-87.51696511,"(41.78649549, -87.51696511)",2022,6,Wednesday
10000612,IY290210,2018-03-29 23:09:00,82XX S DIVISION ST,312,ROBBERY,ARMED: HANDGUN,PARKING LOT / GARAGE(NON.RESID.),True,False,1711,14,10.0,5.0,10,1195241.0,1887405.0,2018,2018-04-27 23:09:00,41.8390642,-87.59335185,"(41.8390642, -87.59335185)",2018,3,Thursday
10000613,LA771917,2018-09-02 13:01:00,72XX S ASHLAND AVE,460,BATTERY,SIMPLE,CTA TRAIN,True,False,113,25,26.0,15.0,04B,1174984.0,1854302.0,2018,2018-09-12 13:01:00,41.75571898,-87.72064935,UNKNOWN,2018,9,Sunday
10000614,VA630476,2023-04-01 14:48:00,29XX E NORTH AVE,1020,WEAPONS VIOLATION,UNLAWFUL POSS OF HANDGUN,RETAIL STORE,False,True,712,8,50.0,34.0,12,1194691.0,1928277.0,2023,2023-04-12 14:48:00,41.95259578,-87.60347253,"(41.95259578, -87.60347253)",2023,4,Saturday
10000615,WH098845,2016-11-23 09:20:00,45XX W ASHLAND AVE,2830,CRIMINAL TRESPASS,TO RESIDENCE,RESTAURANT,False,False,1221,4,48.0,17.0,11,1169599.0,1883464.0,2016,2016-12-18 09:20:00,41.82591896,-87.798862,"(41.82591896, -87.798862)",2016,11,Wednesday
10000616,SW759136,2015-03-03 03:59:00,40XX N BROADWAY,486,BATTERY,DOMESTIC BATTERY AGGRAVATED,OTHER,True,True,2011,18,20.0,65.0,06,1161764.0,1919127.0,2015,2015-03-07 03:59:00,41.78040115,-87.75632767,"(41.78040115, -87.75632767)",2015,3,Tuesday
10000617,HI528510,2018-02-06 20:41:00,1XX W CICERO AVE,750,THEFT,THEFT $500 AND UNDER,COMMERCIAL / BUSINESS OFFICE,False,False,212,3,50.0,16.0,07,1154015.0,1861740.0,2018,2018-03-05 20:41:00,41.92223302,-87.651374465,"(41.92223302, -87.63598941)",2018,2,Tuesday
10000618,AY417839,2016-02-17 23:11:00,7XX E DIVISION ST,1310,NARCOTICS,POSS: COCAINE,STREET,False,False,412,6,24.0,40.0,11,1193159.0,1859477.0,2016,2016-02-20 23:11:00,41.93064417,-87.74405357,"(41.93064417, -87.74405357)",2016,2,Wednesday
10000619,UC639796,2015-11-25 07:17:00,72XX W STATE ST,910,VANDALISM,CRIMINAL DAMAGE,STREET,False,False,1411,1,14.0,39.0,19,1154945.0,1915810.0,2015,2015-11-27 07:17:00,41.91506374,-87.6510854,"(41.91506374, -87.6510854)",2015,11,Wednesday
10000620,DM774910,2019-02-02 22:40:00,57XX N FULLERTON AVE,560,ASSAULT,SIMPLE,SIDEWALK,True,False,812,3,14.0,57.0,20,1196131.0,1894648.0,2019,2019-02-06 22:40:00,41.90185064,-87.79320985,"(41.90185064, -87.79320985)",2019,2,Saturday
10000621,RS338506,2022-02-08 23:16:00,24XX E MICHIGAN AVE,510,ASSAULT,AGGRAVATED: HANDGUN,RETAIL STORE,True,False,1811,17,50.0,16.0,01A,1170961.0,1919063.0,2022,2022-02-24 23:16:00,41.75800551,-87.66577739,"(41.75800551, -87.66577739)",2022,2,Tuesday
10000622,QD599699,2021-07-24 03:24:00,46XX N DIVISION ST,740,THEFT,THEFT OVER $500,STREET,False,False,1911,25,49.0,49.0,20,1169446.0,1885398.0,2021,2021-08-13 03:24:00,41.80952324,-87.651374465,"(41.80952324, -87.65835206)",2021,7,Saturday
10000623,FA976883,2017-06-10 09:02:00,37XX E HALSTED ST,610,BURGLARY,FORCIBLE ENTRY,PARKING LOT / GARAGE(NON.RESID.),False,False,321,24,34.0,34.0,04B,1176909.0,1867770.0,2017,2017-07-07 09:02:00,41.91441728,-87.76624813,"(41.91441728, -87.76624813)",2017,6,Saturday
10000624,MV549323,2022-10-31 12:45:00,54XX E ASHLAND AVE,650,MOTOR VEHICLE THEFT,AUTOMOBILE,SIDEWALK,False,True,521,8,15.0,43.0,14,1155924.0,1910884.0,2022,2022-11-26 12:45:00,41.69094208,-87.7948772,"(41.69094208, -87.7948772)",2022,10,Monday
10000625,DU479744,2019-03-05 19:31:00,94XX W MICHIGAN AVE,740,THEFT,THEFT OVER $500,GROCERY FOOD STORE,False,False,612,4,22.0,47.0,07,1190604.0,1886948.0,2019,2019-03-22 19:31:00,41.88184754,-87.57127183,"(41.88184754, -87.57127183)",2019,3,Tuesday
10000626,VN341053,2017-12-15 19:30:00,57XX E HALSTED ST,730,THEFT,SHOPLIFTING,PARK PROPERTY,False,True,1411,24,49.0,30.0,05,1198935.0,1892406.0,2017,2018-01-02 19:30:00,41.71931079,-87.70458495,"(41.71931079, -87.70458495)",2017,12,Friday
10000627,RJ184540,2020-01-12 14:16:00,52XX W DIVISION ST,910,VANDALISM,CRIMINAL DAMAGE,APARTMENT,True,False,511,1,29.0,49.0,16,1197153.0,1866659.0,2020,2020-01-17 14:16:00,41.94790004,-87.58807795,"(41.94790004, -87.58807795)",2020,1,Sunday
10000628,PL973674,2018-10-02 20:49:00,96XX N MADISON ST,486,BATTERY,DOMESTIC BATTERY AGGRAVATED,CONVENIENCE STORE,False,True,112,9,1.0,45.0,12,1157239.0,1866001.0,2018,2018-10-10 20:49:00,41.97307707,-87.61880476,"(41.97307707, -87.61880476)",2018,10,Tuesday
10000629,MC043841,2022-11-25 21:15:00,23XX S ASHLAND AVE,750,THEFT,THEFT $500 AND UNDER,CTA TRAIN,False,False,411,18,17.0,19.0,26,1186432.0,1864420.0,2022,2022-12-22 21:15:00,41.91487375,-87.76092862,"(41.91487375, -87.76092862)",2022,11,Friday
10000630,ZX134040,2019-07-14 17:14:00,73XX N WESTERN AVE,910,VANDALISM,CRIMINAL DAMAGE,CTA BUS,False,True,1121,12,12.0,14.0,12,1159359.0,1921879.0,2019,2019-07-16 17:14:00,41.86535424,-87.55805852,"(41.86535424, -87.55805852)",2019,7,Sunday
10000631,OU425590,2023-09-24 03:21:00,15XX W COTTAGE GROVE AVE,850,DECEPTIVE PRACTICE,FRAUD,GAS STATION,True,False,2211,1,3.0,38.0,07,1195841.0,1880138.0,2023,2023-10-16 03:21:00,41.94053922,-87.74493806,"(41.94053922, -87.74493806)",2023,9,Sunday
10000632,BV746841,2021-10-08 10:38:00,7XX E DIVISION ST,610,BURGLARY,FORCIBLE ENTRY,GROCERY FOOD STORE,False,False,1511,5,30.0,21.0,19,1191112.0,1867776.0,2021,2021-10-16 10:38:00,41.7380196,-87.651374465,"(41.7380196, -87.62822242)",2021,10,Friday
10000633,EU979820,2020-09-02 21:27:00,73XX S STATE ST,620,BURGLARY,UNLAWFUL ENTRY,COMMERCIAL / BUSINESS OFFICE,False,False,912,1,27.0,64.0,04A,1150511.0,1907189.0,2020,2020-09-12 21:27:00,41.69651012,-87.78662154,"(41.69651012, -87.78662154)",2020,9,Wednesday
10000634,WP882767,2016-11-18 10:04:00,88XX N CICERO AVE,460,BATTERY,SIMPLE,ALLEY,False,True,911,5,24.0,43.0,26,1199465.0,1872694.0,2016,2016-11-20 10:04:00,41.87545753,-87.58118438,UNKNOWN,2016,11,Friday
10000635,DG414331,2021-04-30 19:34:00,41XX S STATE ST,730,THEFT,SHOPLIFTING,PARK PROPERTY,False,True,621,8,8.0,17.0,11,1189003.0,1910108.0,2021,2021-05-21 19:34:00,41.95391115,-87.78274034,"(41.95391115, -87.78274034)",2021,4,Friday
10000636,GC978447,2023-12-08 07:08:00,41XX S NORTH AVE,620,BURGLARY,UNLAWFUL ENTRY,UNKNOWN,True,False,521,14,29.0,10.0,14,1171177.0,1926063.0,2023,2023-12-14 07:08:00,41.90676414,-87.76156735,"(41.90676414, -87.76156735)",2023,12,Friday
10000637,NL941493,2017-02-21 09:06:00,39XX S STATE ST,510,ASSAULT,AGGRAVATED: HANDGUN,PARKING LOT / GARAGE(NON.RESID.),False,False,812,12,45.0,30.0,04A,1156978.0,1896550.0,2017,2017-02-24 09:06:00,41.77127173,-87.5840614,"(41.77127173, -87.5840614)",2017,2,Tuesday
10000638,JJ603769,2021-01-19 20:37:00,97XX S DIVISION ST,750,THEFT,THEFT $500 AND UNDER,BAR OR TAVERN,False,False,1411,1,20.0,70.0,07,1159913.0,1866717.0,2021,2021-01-25 20:37:00,41.88021421,-87.55114556,"(41.88021421, -87.55114556)",2021,1,Tuesday
10000639,CP111375,2023-09-09 12:27:00,28XX E CHICAGO AVE,740,THEFT,THEFT OVER $500,PARK PROPERTY,True,False,411,17,9.0,52.0,08B,1179225.0,1863462.0,2023,2023-10-02 12:27:00,41.80936957,-87.76240121,"(41.80936957, -87.76240121)",2023,9,Saturday
10000640,ES040988,2017-01-08 18:05:00,84XX W NORTH AVE,486,BATTERY,DOMESTIC BATTERY AGGRAVATED,COMMERCIAL / BUSINESS OFFICE,True,True,621,6,11.0,32.0,26,1150572.0,1851075.0,2017,2017-02-05 18:05:00,41.86091948,-87.651374465,"(41.86091948, -87.74749907)",2017,1,Sunday
10000641,SK054632,2015-11-03 04:48:00,29XX W MICHIGAN AVE,750,THEFT,THEFT $500 AND UNDER,CTA TRAIN,False,False,912,20,15.0,32.0,17,1191817.0,1857491.0,2015,2015-11-06 04:48:00,41.74329097,-87.75190337,"(41.74329097, -87.75190337)",2015,11,Tuesday
10000642,AY620412,2018-12-20 00:36:00,26XX W WESTERN AVE,510,ASSAULT,AGGRAVATED: HANDGUN,GROCERY FOOD STORE,True,True,412,8,30.0,23.0,06,1192869.0,1903863.0,2018,2018-12-31 00:36:00,41.93784871,-87.60228957,"(41.93784871, -87.60228957)",2018,12,Thursday
10000643,NL984612,2019-05-10 16:30:00,42XX E WESTERN AVE,750,THEFT,THEFT $500 AND UNDER,ALLEY,False,False,612,2,28.0,27.0,14,1193999.0,1914708.0,2019,2019-05-24 16:30:00,41.98240341,-87.55436316,"(41.98240341, -87.55436316)",2019,5,Friday
10000644,VD506157,2018-11-15 14:21:00,96XX S NORTH AVE,460,BATTERY,SIMPLE,APARTMENT,True,False,2011,7,33.0,40.0,10,1193707.0,1911816.0,2018,2018-12-11 14:21:00,41.98922997,-87.75034766,"(41.98922997, -87.75034766)",2018,11,Thursday
10000645,MQ402592,2018-01-02 09:25:00,55XX N BROADWAY,850,DECEPTIVE PRACTICE,FRAUD,STREET,False,False,2211,9,16.0,42.0,20,1173847.0,1856212.0,2018,2018-01-26 09:25:00,41.69975041,-87.56569624,"(41.69975041, -87.56569624)",2018,1,Tuesday
10000646,YD465173,2017-11-16 21:54:00,12XX E STATE ST,650,MOTOR VEHICLE THEFT,AUTOMOBILE,UNKNOWN,False,False,521,5,44.0,50.0,26,1168387.0,1890235.0,2017,2017-12-01 21:54:00,41.9603987,-87.56535544,"(41.9603987, -87.56535544)",2017,11,Thursday
10000647,MU951748,2019-10-21 03:57:00,28XX N NORTH AVE,320,ROBBERY,STRONGARM - NO WEAPON,COMMERCIAL / BUSINESS OFFICE,True,False,1211,8,46.0,32.0,20,1169817.0,1901568.0,2019,2019-10-23 03:57:00,41.84275882,-87.73661779,"(41.84275882, -87.73661779)",2019,10,Monday
10000648,AV768865,2017-06-12 16:21:00,65XX W NORTH AVE,1310,NARCOTICS,POSS: COCAINE,SIDEWALK,False,False,1411,22,3.0,50.0,18,1158457.0,1891202.0,2017,2017-07-04 16:21:00,41.7513051,-87.59607881,"(41.7513051, -87.59607881)",2017,6,Monday
10000649,TN665511,2019-07-03 18:28:00,61XX S COTTAGE GROVE AVE,610,BURGLARY,FORCIBLE ENTRY,GAS STATION,False,False,411,15,26.0,27.0,01A,1196546.0,1904093.0,2019,2019-07-04 18:28:00,41.81066574,-87.75114221,"(41.81066574, -87.75114221)",2019,7,Wednesday
10000650,HZ602764,2020-12-26 14:53:00,12XX S MADISON ST,460,BATTERY,SIMPLE,UNKNOWN,False,False,1022,22,17.0,22.0,07,1176778.0,1926294.0,2020,2021-01-05 14:53:00,41.75187405,-87.651374465,"(41.75187405, -87.59136319)",2020,12,Saturday
10000651,NY336663,2021-10-23 16:17:00,15XX W FULLERTON AVE,620,BURGLARY,UNLAWFUL ENTRY,COMMERCIAL / BUSINESS OFFICE,False,False,611,19,33.0,36.0,16,1191101.0,1856027.0,2021,2021-10-31 16:17:00,41.924843,-87.59187865,"(41.924843, -87.59187865)",2021,10,Saturday
10000652,LB060688,2023-02-08 18:57:00,53XX E STATE ST,650,MOTOR VEHICLE THEFT,AUTOMOBILE,PARK PROPERTY,True,False,812,24,33.0,12.0,04B,1152719.0,1897926.0,2023,2023-03-08 18:57:00,41.9224132,-87.76566871,"(41.9224132, -87.76566871)",2023,2,Wednesday
10000653,OK515881,2020-11-26 12:01:00,12XX N DIVISION ST,910,VANDALISM,CRIMINAL DAMAGE,PARK PROPERTY,False,False,1711,1,30.0,19.0,08A,1182079.0,1887354.0,2020,2020-12-18 12:01:00,41.79166372,-87.63051593,"(41.79166372, -87.63051593)",2020,11,Thursday
10000654,CA789118,2023-06-30 20:59:00,88XX W MICHIGAN AVE,730,THEFT,SHOPLIFTING,OTHER,False,False,621,7,26.0,34.0,15,1159194.0,1870246.0,2023,2023-07-14 20:59:00,41.86845863,-87.61093578,"(41.86845863, -87.61093578)",2023,6,Friday
10000655,JS450543,2017-12-26 17:25:00,40XX N CHICAGO AVE,460,BATTERY,SIMPLE,APARTMENT,True,False,1211,2,16.0,49.0,26,1156647.0,1911188.0,2017,2018-01-22 17:25:00,41.77809319,-87.68737021,"(41.77809319, -87.68737021)",2017,12,Tuesday
10000656,PQ520338,2018-12-13 21:36:00,49XX W GRAND AVE,750,THEFT,THEFT $500 AND UNDER,ALLEY,False,False,912,17,16.0,67.0,02,1198036.0,1868465.0,2018,2018-12-28 21:36:00,41.81333416,-87.50028118,"(41.81333416, -87.50028118)",2018,12,Thursday
10000657,FT783574,2021-12-14 08:24:00,85XX S CICERO AVE,740,THEFT,THEFT OVER $500,CTA TRAIN,False,False,2011,14,26.0,59.0,18,1199263.0,1922694.0,2021,2021-12-28 08:24:00,41.9577621,-87.6869134,"(41.9577621, -87.6869134)",2021,12,Tuesday
10000658,QR438799,2021-10-26 20:06:00,38XX E STATE ST,312,ROBBERY,ARMED: HANDGUN,"SCHOOL, PUBLIC, BUILDING",False,False,412,7,39.0,68.0,03,1150492.0,1850353.0,2021,2021-11-06 20:06:00,41.73642737,-87.76218358,"(41.73642737, -87.76218358)",2021,10,Tuesday
10000659,XI960132,2021-06-12 15:09:00,90XX S BROADWAY,650,MOTOR VEHICLE THEFT,AUTOMOBILE,CONVENIENCE STORE,True,False,311,24,35.0,61.0,20,1183568.0,1873769.0,2021,2021-07-11 15:09:00,41.82043362,-87.7018325,"(41.82043362, -87.7018325)",2021,6,Saturday
10000660,CN591796,2016-05-27 22:36:00,79XX W DIVISION ST,740,THEFT,THEFT OVER $500,APARTMENT,False,False,1022,19,3.0,48.0,13,1162300.0,1924819.0,2016,2016-06-23 22:36:00,41.71555252,-87.60233547,"(41.71555252, -87.60233547)",2016,5,Friday
10000661,TT106875,2022-05-13 09:42:00,29XX W HALSTED ST,800,ARSON,AGGRAVATED,COMMERCIAL / BUSINESS OFFICE,True,False,111,11,26.0,13.0,02,1174816.0,1927654.0,2022,2022-06-02 09:42:00,41.74893479,-87.74913252,"(41.74893479, -87.74913252)",2022,5,Friday
10000662,KB704095,2018-06-25 11:28:00,9XX N FULLERTON AVE,650,MOTOR VEHICLE THEFT,AUTOMOBILE,GROCERY FOOD STORE,False,True,621,19,39.0,1.0,09,1193300.0,1911957.0,2018,2018-07-05 11:28:00,41.91493772,-87.63963647,"(41.91493772, -87.63963647)",2018,6,Monday
10000663,RG690440,2019-04-20 09:16:00,34XX E NORTH AVE,510,ASSAULT,AGGRAVATED: HANDGUN,UNKNOWN,False,False,911,22,5.0,72.0,13,1174984.0,1857634.0,2019,2019-04-22 09:16:00,41.85338271,-87.77628388,"(41.85338271, -87.77628388)",2019,4,Saturday
10000664,RH976503,2015-03-17 23:15:00,31XX E NORTH AVE,460,BATTERY,SIMPLE,GAS STATION,False,True,211,19,10.0,23.0,02,1188447.0,1911374.0,2015,2015-04-06 23:15:00,41.75270183,-87.68521431,"(41.75270183, -87.68521431)",2015,3,Tuesday
10000665,PB616088,2018-11-04 19:08:00,6XX W STATE ST,560,ASSAULT,SIMPLE,RETAIL STORE,True,True,712,2,13.0,60.0,14,1188104.0,1917234.0,2018,2018-11-11 19:08:00,41.96236492,-87.52999919,"(41.96236492, -87.52999919)",2018,11,Sunday
10000666,AF964932,2018-10-05 16:35:00,88XX S ASHLAND AVE,510,ASSAULT,AGGRAVATED: HANDGUN,STREET,False,False,321,19,4.0,44.0,13,1182809.0,1852587.0,2018,2018-10-16 16:35:00,41.88744188,-87.76656849,"(41.88744188, -87.76656849)",2018,10,Friday
10000667,SO939137,2015-09-18 12:47:00,24XX S MADISON ST,560,ASSAULT,SIMPLE,PARKING LOT / GARAGE(NON.RESID.),False,False,611,22,37.0,44.0,12,1199890.0,1890235.0,2015,2015-09-21 12:47:00,41.92780165,-87.55882805,"(41.92780165, -87.55882805)",2015,9,Friday
10000668,WP590761,2015-08-01 13:02:00,80XX N MICHIGAN AVE,560,ASSAULT,SIMPLE,OTHER,False,False,111,14,16.0,56.0,01A,1182348.0,1884314.0,2015,2015-08-14 13:02:00,41.84927055,-87.60767869,"(41.84927055, -87.60767869)",2015,8,Saturday
10000669,VZ513792,2019-02-10 10:07:00,38XX E CLARK ST,750,THEFT,THEFT $500 AND UNDER,GAS STATION,True,False,113,24,12.0,51.0,14,1198350.0,1877905.0,2019,2019-03-01 10:07:00,41.8191149,-87.76008562,"(41.8191149, -87.76008562)",2019,2,Sunday
10000670,SJ281415,2022-01-21 13:13:00,64XX N MADISON ST,560,ASSAULT,SIMPLE,UNKNOWN,False,False,1022,10,26.0,43.0,18,1168549.0,1859867.0,2022,2022-01-31 13:13:00,41.74036219,-87.56173941,"(41.74036219, -87.56173941)",2022,1,Friday
10000671,IB553132,2018-12-18 20:04:00,55XX W WESTERN AVE,850,DECEPTIVE PRACTICE,FRAUD,RETAIL STORE,False,False,122,18,24.0,4.0,03,1183969.0,1900784.0,2018,2018-12-30 20:04:00,41.69131041,-87.66763428,"(41.69131041, -87.66763428)",2018,12,Tuesday
10000672,PL312874,2018-08-03 18:58:00,56XX E NORTH AVE,460,BATTERY,SIMPLE,HOSPITAL BUILDING/GROUNDS,True,False,1221,20,4.0,41.0,11,1174984.0,1896046.0,2018,2018-08-18 18:58:00,41.71398558,-87.60710427,"(41.71398558, -87.60710427)",2018,8,Friday
10000673,WD762629,2023-05-14 18:54:00,31XX S PULASKI RD,620,BURGLARY,UNLAWFUL ENTRY,RESTAURANT,False,False,611,3,35.0,34.0,14,1151276.0,1878790.0,2023,2023-05-30 18:54:00,41.72007848,-87.74431742,"(41.72007848, -87.74431742)",2023,5,Sunday
10000674,DR006041,2020-02-28 13:55:00,84XX S STATE ST,740,THEFT,THEFT OVER $500,ALLEY,False,False,321,24,12.0,34.0,09,1161191.0,1892793.0,2020,2020-03-18 13:55:00,41.87658484,-87.58726742,"(41.87658484, -87.58726742)",2020,2,Friday
10000675,OF073226,2021-10-26 00:43:00,73XX N PULASKI RD,1110,SEX OFFENSE,CRIMINAL SEXUAL ABUSE,CTA TRAIN,False,False,812,11,21.0,11.0,12,1195741.0,1885405.0,2021,2021-11-11 00:43:00,41.72805132,-87.68329879,"(41.72805132, -87.68329879)",2021,10,Tuesday
10000676,EN360867,2015-11-05 14:46:00,5XX E MADISON ST,460,BATTERY,SIMPLE,STREET,False,True,712,2,26.0,52.0,11,1174984.0,1854188.0,2015,2015-11-22 14:46:00,41.9307965,-87.7989653,"(41.9307965, -87.7989653)",2015,11,Thursday
10000677,YS243451,2016-11-15 14:26:00,82XX W CLARK ST,740,THEFT,THEFT OVER $500,COMMERCIAL / BUSINESS OFFICE,False,True,1121,12,37.0,1.0,10,1159545.0,1890668.0,2016,2016-11-20 14:26:00,41.70200295,-87.58802345,"(41.70200295, -87.58802345)",2016,11,Tuesday
10000678,UL212581,2023-11-09 06:38:00,27XX S DIVISION ST,5003,PUBLIC PEACE VIOLATION,DISORDERLY CONDUCT,HOSPITAL BUILDING/GROUNDS,False,False,2211,18,28.0,5.0,20,1164104.0,1906176.0,2023,2023-12-09 06:38:00,41.93416028,-87.79573819,"(41.93416028, -87.79573819)",2023,11,Thursday
10000679,HV913454,2018-03-26 16:21:00,76XX E FULLERTON AVE,1020,WEAPONS VIOLATION,UNLAWFUL POSS OF HANDGUN,BAR OR TAVERN,True,False,122,9,2.0,1.0,06,1193783.0,1860997.0,2018,2018-04-03 16:21:00,41.91239375,-87.50368693,"(41.91239375, -87.50368693)",2018,3,Monday
10000680,KT344273,2022-05-16 16:54:00,40XX W CLARK ST,1200,NARCOTICS,POSS: CANNABIS 30GMS OR LESS,HOSPITAL BUILDING/GROUNDS,True,True,121,3,25.0,40.0,11,1162770.0,1901394.0,2022,2022-05-26 16:54:00,41.90938619,-87.59062764,"(41.90938619, -87.59062764)",2022,5,Monday
10000681,RN337839,2021-02-02 05:56:00,36XX E FULLERTON AVE,750,THEFT,THEFT $500 AND UNDER,CONVENIENCE STORE,True,True,1022,15,6.0,40.0,12,1186622.0,1904750.0,2021,2021-02-07 05:56:00,41.78679546,-87.52973949,"(41.78679546, -87.52973949)",2021,2,Tuesday
10000682,AU824545,2020-12-14 21:18:00,99XX W BROADWAY,560,ASSAULT,SIMPLE,GAS STATION,False,False,1111,2,23.0,10.0,03,1162834.0,1874202.0,2020,2021-01-05 21:18:00,41.72195341,-87.74746247,"(41.72195341, -87.74746247)",2020,12,Monday
10000683,FR076844,2021-12-23 12:59:00,4XX E HALSTED ST,320,ROBBERY,STRONGARM - NO WEAPON,COMMERCIAL / BUSINESS OFFICE,True,True,1111,5,14.0,66.0,07,1177027.0,1908870.0,2021,2022-01-01 12:59:00,41.89810595,-87.5806034,"(41.89810595, -87.5806034)",2021,12,Thursday
10000684,QY568565,2021-11-01 11:00:00,74XX E FULLERTON AVE,2830,CRIMINAL TRESPASS,TO RESIDENCE,CTA TRAIN,False,False,511,11,26.0,60.0,01A,1199392.0,1927894.0,2021,2021-11-11 11:00:00,41.91553762,-87.65235711,"(41.91553762, -87.65235711)",2021,11,Monday
10000685,MN469135,2016-01-04 13:33:00,96XX W GRAND AVE,620,BURGLARY,UNLAWFUL ENTRY,RESTAURANT,False,False,621,5,22.0,67.0,17,1157678.0,1868188.0,2016,2016-01-24 13:33:00,41.83059315,-87.54668479,"(41.83059315, -87.54668479)",2016,1,Monday
10000686,ST144928,2021-10-19 12:41:00,95XX E NORTH AVE,650,MOTOR VEHICLE THEFT,AUTOMOBILE,APARTMENT,True,False,621,14,45.0,66.0,01A,1158415.0,1921320.0,2021,2021-11-05 12:41:00,41.76340777,-87.57006408,"(41.76340777, -87.57006408)",2021,10,Tuesday
10000687,YG416169,2020-12-09 22:51:00,80XX N DIVISION ST,750,THEFT,THEFT $500 AND UNDER,UNKNOWN,True,False,1611,3,30.0,70.0,12,1191085.0,1895050.0,2020,2021-01-03 22:51:00,41.9559062,-87.55300139,"(41.9559062, -87.55300139)",2020,12,Wednesday
10000688,MI508856,2019-10-21 12:17:00,81XX W DIVISION ST,1240,NARCOTICS,POSS: HEROIN(WHITE),VEHICLE NON-COMMERCIAL,False,False,121,19,41.0,58.0,03,1179046.0,1906261.0,2019,2019-11-18 12:17:00,41.93297594,-87.50467078,"(41.93297594, -87.50467078)",2019,10,Monday
10000689,CG311660,2020-09-19 23:48:00,3XX W NORTH AVE,560,ASSAULT,SIMPLE,RESIDENCE,False,False,1022,24,25.0,22.0,04B,1170551.0,1892009.0,2020,2020-10-12 23:48:00,41.76907236,-87.64648207,"(41.76907236, -87.64648207)",2020,9,Saturday
10000690,MD536227,2022-05-09 20:06:00,76XX S CICERO AVE,750,THEFT,THEFT $500 AND UNDER,CTA TRAIN,False,False,111,5,2.0,63.0,13,1151832.0,1859473.0,2022,2022-05-26 20:06:00,41.91812754,-87.51028279,"(41.91812754, -87.51028279)",2022,5,Monday
10000691,II083601,2020-02-29 16:26:00,85XX S WESTERN AVE,730,THEFT,SHOPLIFTING,CONVENIENCE STORE,False,False,412,18,47.0,29.0,05,1161806.0,1858124.0,2020,2020-03-28 16:26:00,41.69398091,-87.65394848,"(41.69398091, -87.65394848)",2020,2,Saturday
10000692,FN437876,2019-02-14 23:34:00,83XX E STATE ST,610,BURGLARY,FORCIBLE ENTRY,COMMERCIAL / BUSINESS OFFICE,False,False,122,4,5.0,40.0,07,1155120.0,1862190.0,2019,2019-02-21 23:34:00,41.70542188,-87.52407613,"(41.70542188, -87.52407613)",2019,2,Thursday
10000693,VB213246,2018-05-24 20:40:00,93XX W BROADWAY,510,ASSAULT,AGGRAVATED: HANDGUN,GROCERY FOOD STORE,True,False,711,12,28.0,66.0,12,1195748.0,1929174.0,2018,2018-06-02 20:40:00,41.86235149,-87.71196666,"(41.86235149, -87.71196666)",2018,5,Thursday
10000694,HJ935622,2019-12-04 10:32:00,30XX S COTTAGE GROVE AVE,460,BATTERY,SIMPLE,PARK PROPERTY,True,False,113,19,50.0,27.0,05,1185261.0,1874343.0,2019,2019-12-17 10:32:00,41.78942802,-87.68951337,"(41.78942802, -87.68951337)",2019,12,Wednesday
10000695,AA115050,2016-12-24 19:22:00,55XX N GRAND AVE,650,MOTOR VEHICLE THEFT,AUTOMOBILE,RETAIL STORE,False,True,1811,24,37.0,46.0,04A,1196594.0,1924327.0,2016,2017-01-17 19:22:00,41.87813347,-87.71967957,"(41.87813347, -87.71967957)",2016,12,Saturday
10000696,UA196975,2015-08-28 19:16:00,86XX S PULASKI RD,750,THEFT,THEFT $500 AND UNDER,PARK PROPERTY,False,False,1211,19,14.0,63.0,08B,1192971.0,1892881.0,2015,2015-09-24 19:16:00,41.72853845,-87.55689053,"(41.72853845, -87.55689053)",2015,8,Friday
10000697,PO097958,2019-03-27 23:26:00,18XX S CLARK ST,650,MOTOR VEHICLE THEFT,AUTOMOBILE,OTHER,False,False,811,3,1.0,18.0,04B,1196085.0,1860754.0,2019,2019-04-10 23:26:00,41.77336545,-87.55660768,"(41.77336545, -87.55660768)",2019,3,Wednesday
10000698,CJ412573,2019-07-12 08:18:00,18XX W STATE ST,560,ASSAULT,SIMPLE,PARK PROPERTY,False,False,611,22,11.0,28.0,08B,1195398.0,1884742.0,2019,2019-07-13 08:18:00,41.82737636,-87.54456015,"(41.82737636, -87.54456015)",2019,7,Friday
10000699,WK155537,2017-12-12 20:19:00,35XX E CLARK ST,610,BURGLARY,FORCIBLE ENTRY,RESIDENCE,False,False,1911,2,2.0,28.0,06,1153177.0,1907760.0,2017,2018-01-01 20:19:00,41.91288533,-87.69964323,"(41.91288533, -87.69964323)",2017,12,Tuesday
10000700,GM401685,2017-03-21 08:05:00,2XX E BROADWAY,620,BURGLARY,UNLAWFUL ENTRY,HOSPITAL BUILDING/GROUNDS,False,False,1221,9,45.0,76.0,08B,1156700.0,1905056.0,2017,2017-03-25 08:05:00,41.93716985,-87.73590312,"(41.93716985, -87.73590312)",2017,3,Tuesday
10000701,HI406608,2019-11-10 15:26:00,68XX E DIVISION ST,486,BATTERY,DOMESTIC BATTERY AGGRAVATED,VEHICLE NON-COMMERCIAL,False,True,1511,24,7.0,2.0,19,1152266.0,1903711.0,2019,2019-11-16 15:26:00,41.71328487,-87.66316772,UNKNOWN,2019,11,Sunday
10000702,CU040327,2015-05-17 04:12:00,22XX E WESTERN AVE,750,THEFT,THEFT $500 AND UNDER,APARTMENT,False,False,812,6,33.0,56.0,04B,1183764.0,1923240.0,2015,2015-05-19 04:12:00,41.79054116,-87.59138762,"(41.79054116, -87.59138762)",2015,5,Sunday
10000703,CF525163,2016-07-13 11:02:00,97XX N HALSTED ST,460,BATTERY,SIMPLE,SIDEWALK,False,True,411,8,38.0,17.0,18,1154780.0,1903060.0,2016,2016-07-24 11:02:00,41.80333422,-87.60349549,"(41.80333422, -87.60349549)",2016,7,Wednesday
10000704,SP344668,2016-06-01 10:11:00,35XX S STATE ST,486,BATTERY,DOMESTIC BATTERY AGGRAVATED,COMMERCIAL / BUSINESS OFFICE,True,True,2511,14,20.0,39.0,06,1179182.0,1884403.0,2016,2016-06-18 10:11:00,41.92791538,-87.74802121,"(41.92791538, -87.74802121)",2016,6,Wednesday
10000705,HG732861,2018-10-02 18:24:00,8XX W DIVISION ST,800,ARSON,AGGRAVATED,RESTAURANT,True,False,122,12,22.0,73.0,15,1189376.0,1919786.0,2018,2018-10-15 18:24:00,41.80702602,-87.75268818,"(41.80702602, -87.75268818)",2018,10,Tuesday
10000706,CM146997,2022-11-06 22:08:00,64XX S BROADWAY,750,THEFT,THEFT $500 AND UNDER,"SCHOOL, PUBLIC, BUILDING",False,False,1911,24,50.0,74.0,11,1195539.0,1910398.0,2022,2022-12-01 22:08:00,41.73622879,-87.73923561,"(41.73622879, -87.73923561)",2022,11,Sunday
10000707,JF903766,2021-06-24 02:50:00,10XX W WESTERN AVE,1310,NARCOTICS,POSS: COCAINE,"SCHOOL, PUBLIC, BUILDING",True,False,312,14,47.0,69.0,20,1187602.0,1910713.0,2021,2021-06-28 02:50:00,41.88167464,-87.61522667,"(41.88167464, -87.61522667)",2021,6,Thursday
10000708,UP273321,2015-01-17 22:17:00,16XX E NORTH AVE,750,THEFT,THEFT $500 AND UNDER,ALLEY,False,True,1911,22,28.0,62.0,04B,1163754.0,1866640.0,2015,2015-02-04 22:17:00,41.95887123,-87.68402075,"(41.95887123, -87.68402075)",2015,1,Saturday
10000709,SO049065,2016-07-22 19:37:00,83XX W NORTH AVE,320,ROBBERY,STRONGARM - NO WEAPON,"SCHOOL, PUBLIC, BUILDING",True,False,111,20,41.0,39.0,05,1153996.0,1903421.0,2016,2016-08-19 19:37:00,41.76867934,-87.54605583,UNKNOWN,2016,7,Friday
10000710,YH728560,2019-07-02 19:15:00,54XX W PULASKI RD,1240,NARCOTICS,POSS: HEROIN(WHITE),RESIDENCE,False,True,113,22,18.0,75.0,20,1163594.0,1888099.0,2019,2019-07-21 19:15:00,41.75792642,-87.71834739,"(41.75792642, -87.71834739)",2019,7,Tuesday
10000711,KO098621,2015-02-12 23:37:00,54XX W WESTERN AVE,650,MOTOR VEHICLE THEFT,AUTOMOBILE,VEHICLE NON-COMMERCIAL,True,False,112,20,43.0,11.0,16,1195592.0,1862041.0,2015,2015-03-05 23:37:00,41.95968755,-87.75153512,"(41.95968755, -87.75153512)",2015,2,Thursday
10000712,DW706989,2018-07-31 09:27:00,13XX N FULLERTON AVE,730,THEFT,SHOPLIFTING,CTA BUS,False,False,1511,17,37.0,40.0,14,1169107.0,1856386.0,2018,2018-08-02 09:27:00,41.7199068,-87.52376579,"(41.7199068, -87.52376579)",2018,7,Tuesday
10000713,HL627094,2016-06-26 20:29:00,48XX W NORTH AVE,740,THEFT,THEFT OVER $500,SIDEWALK,False,False,311,24,20.0,41.0,15,1160656.0,1884891.0,2016,2016-07-24 20:29:00,41.71252488,-87.52116916,"(41.71252488, -87.52116916)",2016,6,Sunday
10000714,EI743013,2018-03-09 21:04:00,33XX E MADISON ST,750,THEFT,THEFT $500 AND UNDER,RESIDENCE,False,False,511,8,6.0,43.0,16,1159277.0,1855314.0,2018,2018-04-01 21:04:00,41.88903783,-87.51025647,"(41.88903783, -87.51025647)",2018,3,Friday
10000715,JN881601,2019-10-11 13:18:00,52XX S CHICAGO AVE,2830,CRIMINAL TRESPASS,TO RESIDENCE,GROCERY FOOD STORE,True,True,121,20,39.0,29.0,20,1167036.0,1890235.0,2019,2019-10-28 13:18:00,41.84061179,-87.58977314,"(41.98712266, -87.58977314)",2019,10,Friday
10000716,KP698111,2022-05-02 22:07:00,1XX N DIVISION ST,1200,NARCOTICS,POSS: CANNABIS 30GMS OR LESS,ALLEY,False,False,1611,8,1.0,49.0,04A,1189372.0,1890956.0,2022,2022-05-29 22:07:00,41.94834377,-87.7217969,"(41.94834377, -87.7217969)",2022,5,Monday
10000717,BT261377,2016-08-29 09:35:00,1XX E HALSTED ST,5003,PUBLIC PEACE VIOLATION,DISORDERLY CONDUCT,GROCERY FOOD STORE,False,False,621,10,1.0,69.0,02,1180299.0,1897639.0,2016,2016-09-03 09:35:00,41.84780265,-87.69262524,"(41.84780265, -87.69262524)",2016,8,Monday
10000718,AY008128,2016-08-19 09:41:00,98XX W CICERO AVE,460,BATTERY,SIMPLE,"SCHOOL, PUBLIC, BUILDING",False,False,1121,20,9.0,1.0,18,1174468.0,1928443.0,2016,2016-09-05 09:41:00,41.97080247,-87.69218474,"(41.97080247, -87.69218474)",2016,8,Friday
10000719,ZO709451,2022-05-10 11:30:00,29XX E FULLERTON AVE,910,VANDALISM,CRIMINAL DAMAGE,"SCHOOL, PUBLIC, BUILDING",False,False,311,15,30.0,37.0,11,1196316.0,1867861.0,2022,2022-05-28 11:30:00,41.88246782,-87.5977596,"(41.88246782, -87.5977596)",2022,5,Tuesday
10000720,PL663165,2019-07-07 17:00:00,24XX N DIVISION ST,5003,PUBLIC PEACE VIOLATION,DISORDERLY CONDUCT,UNKNOWN,False,False,911,11,36.0,42.0,08A,1188407.0,1893578.0,2019,2019-07-18 17:00:00,41.86770695,-87.70818168,"(41.86770695, -87.70818168)",2019,7,Sunday
10000721,MK668237,2015-06-27 06:20:00,3XX E PULASKI RD,560,ASSAULT,SIMPLE,ALLEY,False,False,521,16,27.0,12.0,19,1174984.0,1878617.0,2015,2015-07-02 06:20:00,41.77965228,-87.53032451,"(41.77965228, -87.53032451)",2015,6,Saturday
10000722,NI299385,2016-12-14 10:32:00,77XX N MADISON ST,486,BATTERY,DOMESTIC BATTERY AGGRAVATED,ALLEY,False,True,1221,2,18.0,11.0,11,1167100.0,1925383.0,2016,2016-12-15 10:32:00,41.78234426,-87.58395611,"(41.78234426, -87.58395611)",2016,12,Wednesday
10000723,EW601496,2018-10-16 18:18:00,78XX W NORTH AVE,910,VANDALISM,CRIMINAL DAMAGE,APARTMENT,False,False,811,6,15.0,11.0,04B,1152304.0,1851620.0,2018,2018-10-28 18:18:00,41.73178985,-87.68393754,"(41.73178985, -87.68393754)",2018,10,Tuesday
10000724,NY310051,2016-12-22 21:24:00,21XX N BROADWAY,650,MOTOR VEHICLE THEFT,AUTOMOBILE,"SCHOOL, PUBLIC, BUILDING",False,False,1022,7,31.0,1.0,17,1160772.0,1917120.0,2016,2017-01-11 21:24:00,41.79648538,-87.651374465,"(41.79648538, -87.79009491)",2016,12,Thursday
10000725,SP682277,2017-01-22 19:41:00,46XX E MICHIGAN AVE,1200,NARCOTICS,POSS: CANNABIS 30GMS OR LESS,PARKING LOT / GARAGE(NON.RESID.),True,False,312,15,7.0,49.0,10,1185000.0,1855119.0,2017,2017-02-02 19:41:00,41.90466263,-87.59689541,"(41.90466263, -87.59689541)",2017,1,Sunday
10000726,LK401484,2018-03-12 12:18:00,11XX W FULLERTON AVE,460,BATTERY,SIMPLE,COMMERCIAL / BUSINESS OFFICE,False,True,111,10,16.0,57.0,04A,1159790.0,1899142.0,2018,2018-03-27 12:18:00,41.7787125,-87.5729189,"(41.7787125, -87.5729189)",2018,3,Monday
10000727,DF455018,2023-02-02 17:09:00,27XX E CICERO AVE,1310,NARCOTICS,POSS: COCAINE,RETAIL STORE,True,False,1022,8,5.0,15.0,12,1181459.0,1888225.0,2023,2023-02-07 17:09:00,41.96820827,-87.79278788,"(41.96820827, -87.79278788)",2023,2,Thursday
10000728,IR536149,2017-02-27 02:01:00,19XX E DIVISION ST,560,ASSAULT,SIMPLE,SIDEWALK,False,False,611,8,30.0,44.0,06,1162164.0,1905783.0,2017,2017-03-23 02:01:00,41.96235916,-87.7554492,"(41.96235916, -87.7554492)",2017,2,Monday
10000729,MZ339948,2017-05-11 22:08:00,48XX N ASHLAND AVE,560,ASSAULT,SIMPLE,GAS STATION,False,False,112,4,7.0,36.0,07,1164641.0,1884486.0,2017,2017-05-13 22:08:00,41.73910024,-87.67160891,"(41.73910024, -87.67160891)",2017,5,Thursday
10000730,NI180414,2016-10-16 09:52:00,54XX E NORTH AVE,560,ASSAULT,SIMPLE,CONVENIENCE STORE,True,False,221,20,19.0,48.0,17,1170663.0,1860369.0,2016,2016-11-11 09:52:00,41.73142694,-87.79825593,"(41.73142694, -87.79825593)",2016,10,Sunday
10000731,HI458115,2022-09-06 21:55:00,64XX W MICHIGAN AVE,1200,NARCOTICS,POSS: CANNABIS 30GMS OR LESS,STREET,True,False,221,3,9.0,74.0,08B,1159302.0,1912993.0,2022,2022-09-11 21:55:00,41.88702295,-87.5296897,"(41.88702295, -87.5296897)",2022,9,Tuesday
10000732,KF189521,2016-08-12 19:12:00,2XX W PULASKI RD,320,ROBBERY,STRONGARM - NO WEAPON,PARKING LOT / GARAGE(NON.RESID.),False,False,121,24,47.0,20.0,13,1196126.0,1889059.0,2016,2016-08-27 19:12:00,41.77091786,-87.78079061,"(41.77091786, -87.78079061)",2016,8,Friday
10000733,SQ638629,2016-06-02 13:16:00,70XX W FULLERTON AVE,610,BURGLARY,FORCIBLE ENTRY,OTHER,False,False,511,19,14.0,27.0,26,1189499.0,1863310.0,2016,2016-06-27 13:16:00,41.86287716,-87.79311771,"(41.86287716, -87.79311771)",2016,6,Thursday
10000734,UN670825,2017-02-08 08:39:00,15XX W CHICAGO AVE,740,THEFT,THEFT OVER $500,STREET,True,False,912,3,37.0,28.0,11,1155414.0,1876544.0,2017,2017-02-20 08:39:00,41.95699968,-87.79972567,"(41.95699968, -87.79972567)",2017,2,Wednesday
10000735,XN321842,2020-09-15 12:43:00,80XX N WESTERN AVE,850,DECEPTIVE PRACTICE,FRAUD,OTHER,True,False,212,11,13.0,67.0,02,1167613.0,1853995.0,2020,2020-09-22 12:43:00,41.83319354,-87.66257556,"(41.83319354, -87.66257556)",2020,9,Tuesday
10000736,LP721440,2022-03-30 19:30:00,74XX W NORTH AVE,740,THEFT,THEFT OVER $500,APARTMENT,False,False,212,4,28.0,12.0,17,1198888.0,1859025.0,2022,2022-04-22 19:30:00,41.81728798,-87.56035006,"(41.81728798, -87.56035006)",2022,3,Wednesday
10000737,CX730652,2019-09-25 12:45:00,50XX W ASHLAND AVE,1200,NARCOTICS,POSS: CANNABIS 30GMS OR LESS,HOSPITAL BUILDING/GROUNDS,False,False,912,19,24.0,32.0,05,1174984.0,1863047.0,2019,2019-09-30 12:45:00,41.86355073,-87.6220199,"(41.86355073, -87.6220199)",2019,9,Wednesday
10000738,DN949058,2017-04-17 08:52:00,8XX S MADISON ST,730,THEFT,SHOPLIFTING,APARTMENT,False,False,1121,6,31.0,50.0,26,1181898.0,1914880.0,2017,2017-05-02 08:52:00,41.75659357,-87.70500326,"(41.75659357, -87.70500326)",2017,4,Monday
10000739,FU040087,2017-07-05 16:45:00,17XX W NORTH AVE,740,THEFT,THEFT OVER $500,VEHICLE NON-COMMERCIAL,False,False,1411,6,31.0,61.0,09,1187997.0,1873399.0,2017,2017-08-02 16:45:00,41.91670051,-87.76373883,"(41.91670051, -87.76373883)",2017,7,Wednesday
10000740,HP738170,2022-10-04 18:30:00,52XX W DIVISION ST,730,THEFT,SHOPLIFTING,GROCERY FOOD STORE,False,False,221,22,46.0,55.0,11,1185488.0,1884760.0,2022,2022-10-08 18:30:00,41.83242103,-87.68714054,"(41.83242103, -87.68714054)",2022,10,Tuesday
10000741,BC461937,2017-03-14 20:39:00,62XX S DIVISION ST,750,THEFT,THEFT $500 AND UNDER,RESIDENCE,True,False,2211,6,9.0,12.0,08B,1172932.0,1890235.0,2017,2017-03-21 20:39:00,41.9852223,-87.58897387,"(41.9852223, -87.58897387)",2017,3,Tuesday
10000742,CO402285,2021-05-31 19:42:00,63XX N COTTAGE GROVE AVE,910,VANDALISM,CRIMINAL DAMAGE,PARK PROPERTY,False,False,1221,16,22.0,77.0,10,1175380.0,1907098.0,2021,2021-06-09 19:42:00,41.75099243,-87.70440665,"(41.75099243, -87.70440665)",2021,5,Monday
10000743,HB086156,2020-07-19 18:52:00,93XX W ASHLAND AVE,610,BURGLARY,FORCIBLE ENTRY,PARK PROPERTY,False,False,312,15,28.0,47.0,05,1192915.0,1897379.0,2020,2020-08-10 18:52:00,41.80785362,-87.70007822,"(41.80785362, -87.70007822)",2020,7,Sunday
10000744,BA085041,2016-04-14 14:41:00,2XX N STATE ST,510,ASSAULT,AGGRAVATED: HANDGUN,UNKNOWN,False,False,611,2,42.0,26.0,06,1179913.0,1911010.0,2016,2016-04-21 14:41:00,41.8866364,-87.73487887,"(41.8866364, -87.73487887)",2016,4,Thursday
10000745,UK565811,2022-11-03 22:04:00,55XX N CICERO AVE,850,DECEPTIVE PRACTICE,FRAUD,BAR OR TAVERN,False,False,2511,19,39.0,24.0,12,1185313.0,1900668.0,2022,2022-11-14 22:04:00,41.75903454,-87.52296127,"(41.75903454, -87.52296127)",2022,11,Thursday
10000746,WL966215,2023-08-17 15:00:00,95XX S MICHIGAN AVE,740,THEFT,THEFT OVER $500,RETAIL STORE,False,False,122,12,46.0,29.0,20,1184044.0,1925750.0,2023,2023-09-14 15:00:00,41.71648308,-87.50615655,UNKNOWN,2023,8,Thursday
10000747,AS376445,2023-03-03 07:51:00,31XX W CHICAGO AVE,620,BURGLARY,UNLAWFUL ENTRY,CTA TRAIN,False,False,1611,15,31.0,13.0,12,1177134.0,1890235.0,2023,2023-03-19 07:51:00,41.95938259,-87.60253939,"(41.95938259, -87.60253939)",2023,3,Friday
10000748,IQ413642,2015-12-17 22:52:00,73XX N ASHLAND AVE,850,DECEPTIVE PRACTICE,FRAUD,VEHICLE NON-COMMERCIAL,False,False,2411,6,12.0,71.0,09,1164571.0,1890235.0,2015,2015-12-28 22:52:00,41.84061179,-87.79979727,"(41.98023679, -87.79979727)",2015,12,Thursday
10000749,CC950830,2018-04-06 08:28:00,45XX N GRAND AVE,312,ROBBERY,ARMED: HANDGUN,ALLEY,False,False,1911,14,22.0,62.0,11,1197863.0,1919037.0,2018,2018-04-10 08:28:00,41.97601922,-87.75827746,"(41.97601922, -87.75827746)",2018,4,Friday
10000750,ME706611,2022-03-04 15:03:00,65XX W STATE ST,460,BATTERY,SIMPLE,VEHICLE NON-COMMERCIAL,False,True,312,8,42.0,3.0,19,1166994.0,1851055.0,2022,2022-03-25 15:03:00,41.72050261,-87.53684344,UNKNOWN,2022,3,Friday
10000751,MU062365,2020-08-03 18:01:00,37XX N MADISON ST,5003,PUBLIC PEACE VIOLATION,DISORDERLY CONDUCT,CONVENIENCE STORE,True,False,1121,9,12.0,50.0,19,1173478.0,1913408.0,2020,2020-08-08 18:01:00,41.86226532,-87.69095599,"(41.86226532, -87.69095599)",2020,8,Monday
10000752,UO869696,2019-03-07 10:21:00,96XX E PULASKI RD,312,ROBBERY,ARMED: HANDGUN,CONVENIENCE STORE,False,False,1121,3,18.0,49.0,20,1196373.0,1891129.0,2019,2019-03-31 10:21:00,41.888798,-87.651374465,"(41.888798, -87.67435008)",2019,3,Thursday
10000753,WS968007,2020-03-02 15:33:00,33XX E CICERO AVE,750,THEFT,THEFT $500 AND UNDER,STREET,False,False,611,1,33.0,38.0,19,1178042.0,1902550.0,2020,2020-03-18 15:33:00,41.81255396,-87.55874543,"(41.81255396, -87.55874543)",2020,3,Monday
10000754,RZ050439,2015-07-29 15:17:00,41XX E CHICAGO AVE,460,BATTERY,SIMPLE,STREET,True,False,2011,22,49.0,26.0,17,1195349.0,1917562.0,2015,2015-08-04 15:17:00,41.75818296,-87.57850879,"(41.75818296, -87.57850879)",2015,7,Wednesday
10000755,CG309138,2016-01-21 12:21:00,25XX N WESTERN AVE,1310,NARCOTICS,POSS: COCAINE,PARKING LOT / GARAGE(NON.RESID.),True,False,2411,3,9.0,60.0,09,1161189.0,1889317.0,2016,2016-01-29 12:21:00,41.89170069,-87.73023789,"(41.89170069, -87.73023789)",2016,1,Thursday
10000756,CM938366,2019-01-28 15:33:00,11XX S MADISON ST,650,MOTOR VEHICLE THEFT,AUTOMOBILE,CTA TRAIN,False,False,911,19,46.0,45.0,19,1198839.0,1913854.0,2019,2019-02-04 15:33:00,41.76786322,-87.57302031,"(41.76786322, -87.57302031)",2019,1,Monday
10000757,EP942640,2016-07-29 20:42:00,66XX W NORTH AVE,620,BURGLARY,UNLAWFUL ENTRY,OTHER,False,False,321,17,24.0,55.0,04A,1151437.0,1870603.0,2016,2016-08-09 20:42:00,41.72045109,-87.57402277,"(41.72045109, -87.57402277)",2016,7,Friday
10000758,NW021162,2023-02-01 17:37:00,72XX N BROADWAY,850,DECEPTIVE PRACTICE,FRAUD,STREET,True,False,1211,5,9.0,54.0,15,1160765.0,1912531.0,2023,2023-02-19 17:37:00,41.97429285,-87.51431952,"(41.97429285, -87.51431952)",2023,2,Wednesday
10000759,GW390061,2023-08-09 13:24:00,91XX S BROADWAY,1310,NARCOTICS,POSS: COCAINE,CONVENIENCE STORE,False,False,221,6,39.0,9.0,15,1162938.0,1890235.0,2023,2023-08-24 13:24:00,41.69728486,-87.71442873,"(41.69728486, -87.71442873)",2023,8,Wednesday
10000760,EP250324,2020-03-30 17:24:00,63XX S ASHLAND AVE,460,BATTERY,SIMPLE,SIDEWALK,False,False,511,11,5.0,58.0,15,1180719.0,1909491.0,2020,2020-04-28 17:24:00,41.94255587,-87.75762362,"(41.94255587, -87.75762362)",2020,3,Monday
10000761,OA296813,2021-09-02 19:53:00,96XX S FULLERTON AVE,750,THEFT,THEFT $500 AND UNDER,PARK PROPERTY,False,False,121,3,24.0,26.0,11,1150293.0,1890235.0,2021,2021-09-26 19:53:00,41.69310568,-87.50354246,"(41.69310568, -87.50354246)",2021,9,Thursday
10000762,EB712313,2022-09-06 18:43:00,71XX S GRAND AVE,750,THEFT,THEFT $500 AND UNDER,SIDEWALK,False,False,1811,10,41.0,9.0,07,1154812.0,1856041.0,2022,2022-09-18 18:43:00,41.9266423,-87.63748894,"(41.9266423, -87.63748894)",2022,9,Tuesday
10000763,ZT645764,2022-09-07 19:56:00,88XX N FULLERTON AVE,910,VANDALISM,CRIMINAL DAMAGE,STREET,False,False,221,25,25.0,67.0,20,1161877.0,1895227.0,2022,2022-10-02 19:56:00,41.75667909,-87.54767117,"(41.75667909, -87.54767117)",2022,9,Wednesday
10000764,QU323613,2020-02-14 07:15:00,98XX N HALSTED ST,486,BATTERY,DOMESTIC BATTERY AGGRAVATED,SIDEWALK,False,True,1811,19,24.0,4.0,03,1172938.0,1892326.0,2020,2020-02-23 07:15:00,41.7861923,-87.74590899,"(41.7861923, -87.74590899)",2020,2,Friday
10000765,JF058429,2023-06-21 18:32:00,29XX N CHICAGO AVE,650,MOTOR VEHICLE THEFT,AUTOMOBILE,PARKING LOT / GARAGE(NON.RESID.),False,True,2211,5,28.0,31.0,16,1169084.0,1912108.0,2023,2023-07-05 18:32:00,41.91265557,-87.57052628,"(41.91265557, -87.57052628)",2023,6,Wednesday
10000766,EN135484,2023-10-31 13:24:00,23XX N CHICAGO AVE,1240,NARCOTICS,POSS: HEROIN(WHITE),RESTAURANT,True,False,511,17,28.0,27.0,08B,1170804.0,1857740.0,2023,2023-11-06 13:24:00,41.723135,-87.5583392,UNKNOWN,2023,10,Tuesday
10000767,TD995619,2019-03-26 16:49:00,98XX E COTTAGE GROVE AVE,850,DECEPTIVE PRACTICE,FRAUD,OTHER,True,False,1811,1,2.0,36.0,03,1186446.0,1905207.0,2019,2019-04-03 16:49:00,41.96616023,-87.7316488,"(41.96616023, -87.7316488)",2019,3,Tuesday
10000768,IL677684,2015-12-02 16:10:00,84XX N FULLERTON AVE,750,THEFT,THEFT $500 AND UNDER,OTHER,True,False,1411,18,11.0,36.0,11,1184826.0,1911814.0,2015,2015-12-07 16:10:00,41.71625153,-87.76573619,"(41.71625153, -87.76573619)",2015,12,Wednesday
10000769,WC481498,2021-02-15 21:50:00,28XX E DIVISION ST,1200,NARCOTICS,POSS: CANNABIS 30GMS OR LESS,ALLEY,False,False,212,15,23.0,67.0,14,1198395.0,1884613.0,2021,2021-02-26 21:50:00,41.72060164,-87.51785426,"(41.72060164, -87.51785426)",2021,2,Monday
10000770,BZ376129,2020-09-08 06:36:00,83XX N FULLERTON AVE,460,BATTERY,SIMPLE,SIDEWALK,False,True,2211,7,34.0,76.0,06,1184884.0,1859106.0,2020,2020-10-05 06:36:00,41.84912038,-87.51567214,"(41.84912038, -87.51567214)",2020,9,Tuesday
10000771,MH761978,2015-07-05 12:38:00,31XX N ASHLAND AVE,1200,NARCOTICS,POSS: CANNABIS 30GMS OR LESS,RESTAURANT,False,False,321,2,16.0,61.0,12,1175176.0,1877339.0,2015,2015-08-01 12:38:00,41.80147146,-87.56704252,"(41.80147146, -87.56704252)",2015,7,Sunday
10000772,IC376074,2017-11-06 20:55:00,13XX S CLARK ST,460,BATTERY,SIMPLE,GAS STATION,False,True,412,6,7.0,24.0,08A,1178572.0,1870889.0,2017,2017-11-20 20:55:00,41.89886405,-87.68145051,"(41.89886405, -87.68145051)",2017,11,Monday
10000773,WF614061,2021-01-14 15:40:00,52XX N HALSTED ST,740,THEFT,THEFT OVER $500,RETAIL STORE,False,False,212,2,36.0,23.0,12,1197285.0,1924058.0,2021,2021-01-23 15:40:00,41.95761059,-87.70141339,"(41.95761059, -87.70141339)",2021,1,Thursday
10000774,ET581906,2018-01-12 07:39:00,40XX E CLARK ST,1310,NARCOTICS,POSS: COCAINE,GROCERY FOOD STORE,True,False,611,8,26.0,53.0,19,1154707.0,1893542.0,2018,2018-01-29 07:39:00,41.78380138,-87.52946378,"(41.78380138, -87.52946378)",2018,1,Friday
10000775,IV189665,2020-10-09 14:04:00,25XX W STATE ST,460,BATTERY,SIMPLE,PARK PROPERTY,False,False,2511,15,18.0,2.0,03,1181049.0,1899603.0,2020,2020-10-20 14:04:00,41.78267879,-87.6945341,"(41.78267879, -87.6945341)",2020,10,Friday
10000776,GJ500871,2017-12-30 09:36:00,73XX E CICERO AVE,510,ASSAULT,AGGRAVATED: HANDGUN,OTHER,False,False,611,6,3.0,23.0,05,1199948.0,1897995.0,2017,2018-01-18 09:36:00,41.81983467,-87.60081048,UNKNOWN,2017,12,Saturday
10000777,LP757322,2019-10-06 18:32:00,48XX N NORTH AVE,910,VANDALISM,CRIMINAL DAMAGE,ALLEY,True,False,412,7,18.0,53.0,14,1197613.0,1870588.0,2019,2019-10-30 18:32:00,41.84061179,-87.61864762,"(41.8452177, -87.61864762)",2019,10,Sunday
10000778,HF684321,2015-03-30 17:22:00,73XX W DIVISION ST,910,VANDALISM,CRIMINAL DAMAGE,VEHICLE NON-COMMERCIAL,False,False,2511,19,26.0,67.0,07,1192176.0,1919250.0,2015,2015-04-05 17:22:00,41.95374138,-87.52365103,"(41.95374138, -87.52365103)",2015,3,Monday
10000779,SW088502,2018-01-30 23:47:00,90XX N GRAND AVE,312,ROBBERY,ARMED: HANDGUN,RESIDENCE,False,False,1011,22,42.0,52.0,12,1178969.0,1886558.0,2018,2018-02-23 23:47:00,41.82499216,-87.63833183,"(41.82499216, -87.63833183)",2018,1,Tuesday
10000780,OS122966,2020-01-10 07:25:00,63XX E CLARK ST,320,ROBBERY,STRONGARM - NO WEAPON,BAR OR TAVERN,True,False,811,12,27.0,56.0,11,1197184.0,1904897.0,2020,2020-01-26 07:25:00,41.85284586,-87.651374465,"(41.85284586, -87.64844504)",2020,1,Friday
10000781,UD983962,2019-08-03 14:45:00,61XX S MADISON ST,620,BURGLARY,UNLAWFUL ENTRY,CONVENIENCE STORE,True,False,712,8,32.0,44.0,03,1158897.0,1894879.0,2019,2019-08-22 14:45:00,41.91481699,-87.72071195,"(41.91481699, -87.72071195)",2019,8,Saturday
10000782,LP608602,2023-07-13 19:33:00,3XX N ASHLAND AVE,750,THEFT,THEFT $500 AND UNDER,GROCERY FOOD STORE,False,False,1111,10,37.0,32.0,03,1175607.0,1867658.0,2023,2023-08-03 19:33:00,41.89135196,-87.7412413,"(41.89135196, -87.7412413)",2023,7,Thursday
10000783,CB913607,2017-06-04 13:26:00,96XX S CICERO AVE,750,THEFT,THEFT $500 AND UNDER,STREET,False,False,511,2,13.0,55.0,11,1170148.0,1912470.0,2017,2017-06-09 13:26:00,41.75338545,-87.62145997,"(41.75338545, -87.62145997)",2017,6,Sunday
10000784,UZ866698,2019-10-20 09:26:00,63XX W CLARK ST,560,ASSAULT,SIMPLE,PARKING LOT / GARAGE(NON.RESID.),False,False,1022,5,25.0,32.0,18,1195474.0,1923186.0,2019,2019-11-18 09:26:00,41.70234205,-87.61572404,UNKNOWN,2019,10,Sunday
10000785,FC342705,2023-06-13 20:30:00,40XX W CHICAGO AVE,850,DECEPTIVE PRACTICE,FRAUD,STREET,False,False,1411,16,27.0,72.0,03,1174000.0,1887379.0,2023,2023-06-26 20:30:00,41.73508929,-87.51251072,"(41.73508929, -87.51251072)",2023,6,Tuesday
10000786,GA970785,2023-05-09 12:16:00,5XX N STATE ST,650,MOTOR VEHICLE THEFT,AUTOMOBILE,GROCERY FOOD STORE,False,False,1121,8,34.0,43.0,12,1183841.0,1925318.0,2023,2023-05-20 12:16:00,41.74408802,-87.73991456,"(41.74408802, -87.73991456)",2023,5,Tuesday
10000787,YN744077,2018-07-11 23:05:00,61XX W DIVISION ST,740,THEFT,THEFT OVER $500,PARK PROPERTY,False,False,1611,4,44.0,41.0,08B,1171319.0,1874956.0,2018,2018-07-29 23:05:00,41.92626663,-87.71699545,"(41.92626663, -87.71699545)",2018,7,Wednesday
10000788,IV664900,2021-09-25 17:01:00,55XX E MICHIGAN AVE,730,THEFT,SHOPLIFTING,RESIDENCE,False,False,621,24,40.0,9.0,14,1159024.0,1906349.0,2021,2021-10-12 17:01:00,41.89749663,-87.79891733,"(41.89749663, -87.79891733)",2021,9,Saturday
10000789,UM230967,2016-01-05 11:46:00,3XX S CICERO AVE,5003,PUBLIC PEACE VIOLATION,DISORDERLY CONDUCT,RETAIL STORE,False,False,612,18,22.0,22.0,04A,1166365.0,1870996.0,2016,2016-01-29 11:46:00,41.93828414,-87.79920117,"(41.93828414, -87.79920117)",2016,1,Tuesday
10000790,SM636685,2020-09-01 18:00:00,68XX E COTTAGE GROVE AVE,560,ASSAULT,SIMPLE,RESIDENCE,True,False,412,12,33.0,48.0,18,1190735.0,1877940.0,2020,2020-09-06 18:00:00,41.81552243,-87.70451609,"(41.81552243, -87.70451609)",2020,9,Tuesday
10000791,ZY023279,2016-03-29 13:22:00,92XX N STATE ST,650,MOTOR VEHICLE THEFT,AUTOMOBILE,ALLEY,False,False,1811,22,12.0,28.0,16,1188110.0,1895755.0,2016,2016-04-23 13:22:00,41.866279,-87.70668531,"(41.866279, -87.70668531)",2016,3,Tuesday
10000792,JW930030,2021-08-03 19:06:00,11XX E CHICAGO AVE,610,BURGLARY,FORCIBLE ENTRY,RESIDENCE,False,False,312,3,33.0,41.0,07,1186186.0,1857049.0,2021,2021-08-09 19:06:00,41.71720337,-87.77385319,"(41.71720337, -87.77385319)",2021,8,Tuesday
10000793,KP921469,2022-06-11 19:20:00,77XX N ASHLAND AVE,650,MOTOR VEHICLE THEFT,AUTOMOBILE,SIDEWALK,False,False,611,15,48.0,56.0,05,1189154.0,1909358.0,2022,2022-06-26 19:20:00,41.986386,-87.70892725,"(41.986386, -87.70892725)",2022,6,Saturday
10000794,QM946367,2015-03-12 05:48:00,17XX S HALSTED ST,486,BATTERY,DOMESTIC BATTERY AGGRAVATED,APARTMENT,False,True,321,18,41.0,17.0,15,1170224.0,1861311.0,2015,2015-04-10 05:48:00,41.73019929,-87.57798398,UNKNOWN,2015,3,Thursday
10000795,OQ721416,2021-05-18 10:42:00,83XX W CLARK ST,1020,WEAPONS VIOLATION,UNLAWFUL POSS OF HANDGUN,GAS STATION,True,False,1511,24,41.0,46.0,02,1160061.0,1861661.0,2021,2021-06-13 10:42:00,41.87818918,-87.78525311,"(41.87818918, -87.78525311)",2021,5,Tuesday
10000796,LU663708,2022-12-03 22:58:00,39XX W CLARK ST,2830,CRIMINAL TRESPASS,TO RESIDENCE,COMMERCIAL / BUSINESS OFFICE,True,False,1011,18,26.0,3.0,10,1159096.0,1851023.0,2022,2022-12-24 22:58:00,41.74205075,-87.51940916,"(41.74205075, -87.51940916)",2022,12,Saturday
10000797,FR068158,2018-12-22 14:08:00,80XX S HALSTED ST,620,BURGLARY,UNLAWFUL ENTRY,VEHICLE NON-COMMERCIAL,False,False,1711,18,36.0,40.0,18,1171278.0,1928602.0,2018,2018-12-30 14:08:00,41.90840157,-87.68572491,"(41.90840157, -87.68572491)",2018,12,Saturday
10000798,YO357287,2015-11-23 19:39:00,94XX S COTTAGE GROVE AVE,910,VANDALISM,CRIMINAL DAMAGE,"SCHOOL, PUBLIC, BUILDING",False,False,511,7,33.0,3.0,09,1176052.0,1913811.0,2015,2015-11-24 19:39:00,41.90908288,-87.54294863,"(41.90908288, -87.54294863)",2015,11,Monday
10000799,PE795185,2022-03-04 05:36:00,43XX W ASHLAND AVE,2830,CRIMINAL TRESPASS,TO RESIDENCE,HOSPITAL BUILDING/GROUNDS,True,False,1511,8,9.0,51.0,12,1170200.0,1900143.0,2022,2022-03-15 05:36:00,41.94935944,-87.57225824,"(41.94935944, -87.57225824)",2022,3,Friday
10000800,TO841260,2020-09-19 16:27:00,29XX W CLARK ST,910,VANDALISM,CRIMINAL DAMAGE,GROCERY FOOD STORE,False,False,1511,10,44.0,55.0,16,1169961.0,1875915.0,2020,2020-10-07 16:27:00,41.84071455,-87.61675645,"(41.84071455, -87.61675645)",2020,9,Saturday
10000801,GF633774,2022-12-12 15:17:00,16XX W DIVISION ST,560,ASSAULT,SIMPLE,OTHER,False,False,1711,25,5.0,38.0,19,1166161.0,1859624.0,2022,2022-12-15 15:17:00,41.84061179,-87.67143729,"(41.9685634, -87.67143729)",2022,12,Monday
10000802,DH573613,2017-04-26 13:32:00,23XX E ASHLAND AVE,650,MOTOR VEHICLE THEFT,AUTOMOBILE,COMMERCIAL / BUSINESS OFFICE,False,False,1022,6,4.0,15.0,04B,1178780.0,1902176.0,2017,2017-05-23 13:32:00,41.71575845,-87.57907756,"(41.71575845, -87.57907756)",2017,4,Wednesday
10000803,CI240213,2015-05-18 11:50:00,52XX W FULLERTON AVE,650,MOTOR VEHICLE THEFT,AUTOMOBILE,CTA TRAIN,True,False,111,7,20.0,71.0,15,1162100.0,1913564.0,2015,2015-05-25 11:50:00,41.9511401,-87.66840993,"(41.9511401, -87.66840993)",2015,5,Monday
10000804,TE083387,2022-01-20 12:13:00,88XX S CHICAGO AVE,730,THEFT,SHOPLIFTING,VEHICLE NON-COMMERCIAL,True,False,122,10,40.0,74.0,19,1167451.0,1885555.0,2022,2022-02-02 12:13:00,41.9031792,-87.5536965,"(41.9031792, -87.5536965)",2022,1,Thursday
10000805,RX696043,2016-10-12 13:26:00,62XX E HALSTED ST,910,VANDALISM,CRIMINAL DAMAGE,RESTAURANT,False,False,1022,7,39.0,48.0,01A,1172290.0,1898760.0,2016,2016-10-21 13:26:00,41.77657141,-87.6813728,"(41.77657141, -87.6813728)",2016,10,Wednesday
10000806,AI727282,2021-12-14 16:33:00,75XX N FULLERTON AVE,2830,CRIMINAL TRESPASS,TO RESIDENCE,HOSPITAL BUILDING/GROUNDS,False,False,1711,25,49.0,32.0,09,1172247.0,1878040.0,2021,2022-01-08 16:33:00,41.86110935,-87.71836601,"(41.86110935, -87.71836601)",2021,12,Tuesday
10000807,YQ487626,2021-07-12 11:39:00,7XX N WESTERN AVE,2830,CRIMINAL TRESPASS,TO RESIDENCE,RESTAURANT,False,True,611,2,32.0,52.0,20,1173331.0,1929528.0,2021,2021-08-09 11:39:00,41.75315272,-87.62187729,"(41.75315272, -87.62187729)",2021,7,Monday
10000808,JA777845,2016-03-01 10:17:00,19XX E CHICAGO AVE,730,THEFT,SHOPLIFTING,GROCERY FOOD STORE,False,False,212,24,32.0,40.0,07,1180978.0,1875125.0,2016,2016-03-22 10:17:00,41.88461039,-87.6597221,"(41.88461039, -87.6597221)",2016,3,Tuesday
10000809,UZ472964,2017-12-11 18:07:00,14XX E NORTH AVE,460,BATTERY,SIMPLE,"SCHOOL, PUBLIC, BUILDING",True,False,611,7,27.0,22.0,13,1172201.0,1874046.0,2017,2018-01-05 18:07:00,41.92612961,-87.60857491,"(41.92612961, -87.60857491)",2017,12,Monday
10000810,LA356544,2020-08-07 22:23:00,85XX N WESTERN AVE,1110,SEX OFFENSE,CRIMINAL SEXUAL ABUSE,BAR OR TAVERN,True,False,1221,14,3.0,16.0,01A,1173005.0,1899261.0,2020,2020-08-30 22:23:00,41.80649119,-87.7942115,"(41.80649119, -87.7942115)",2020,8,Friday
10000811,ML152028,2023-10-03 10:35:00,46XX W STATE ST,1200,NARCOTICS,POSS: CANNABIS 30GMS OR LESS,VEHICLE NON-COMMERCIAL,False,False,1022,20,28.0,57.0,20,1199992.0,1879441.0,2023,2023-10-28 10:35:00,41.74938254,-87.67146912,"(41.74938254, -87.67146912)",2023,10,Tuesday
10000812,SW800478,2018-06-22 23:14:00,35XX N PULASKI RD,460,BATTERY,SIMPLE,CTA TRAIN,False,False,811,14,44.0,29.0,26,1191009.0,1855004.0,2018,2018-07-06 23:14:00,41.86033287,-87.66751117,"(41.86033287, -87.66751117)",2018,6,Friday
10000813,UE263139,2022-07-04 14:57:00,87XX S PULASKI RD,2830,CRIMINAL TRESPASS,TO RESIDENCE,HOSPITAL BUILDING/GROUNDS,True,False,122,17,38.0,34.0,04B,1196948.0,1858294.0,2022,2022-07-28 14:57:00,41.9190762,-87.68289793,"(41.9190762, -87.68289793)",2022,7,Monday
10000814,FX196128,2018-07-28 15:16:00,13XX E HALSTED ST,1020,WEAPONS VIOLATION,UNLAWFUL POSS OF HANDGUN,SIDEWALK,False,False,912,24,18.0,49.0,15,1164320.0,1856112.0,2018,2018-08-18 15:16:00,41.89593224,-87.70489233,"(41.89593224, -87.70489233)",2018,7,Saturday
10000815,LO900479,2018-02-18 21:05:00,13XX N COTTAGE GROVE AVE,610,BURGLARY,FORCIBLE ENTRY,CONVENIENCE STORE,True,True,321,14,43.0,18.0,02,1162146.0,1871357.0,2018,2018-02-27 21:05:00,41.88856275,-87.72685097,"(41.88856275, -87.72685097)",2018,2,Sunday
10000816,OR135086,2023-09-12 15:09:00,6XX E NORTH AVE,650,MOTOR VEHICLE THEFT,AUTOMOBILE,RETAIL STORE,False,False,1411,22,24.0,1.0,04B,1159277.0,1857504.0,2023,2023-10-06 15:09:00,41.9415013,-87.60904741,"(41.9415013, -87.60904741)",2023,9,Tuesday
10000817,HI619405,2015-06-01 12:57:00,83XX N CICERO AVE,740,THEFT,THEFT OVER $500,GROCERY FOOD STORE,False,False,1011,8,39.0,3.0,14,1178227.0,1906772.0,2015,2015-06-23 12:57:00,41.9292811,-87.79004289,UNKNOWN,2015,6,Monday
10000818,CO907475,2018-02-09 09:21:00,1XX S COTTAGE GROVE AVE,486,BATTERY,DOMESTIC BATTERY AGGRAVATED,OTHER,False,True,611,8,5.0,77.0,11,1193731.0,1926208.0,2018,2018-03-11 09:21:00,41.80939194,-87.75843584,"(41.80939194, -87.75843584)",2018,2,Friday
10000819,WT397151,2021-12-20 18:00:00,45XX N MICHIGAN AVE,750,THEFT,THEFT $500 AND UNDER,GROCERY FOOD STORE,False,False,811,12,29.0,31.0,26,1178695.0,1911719.0,2021,2022-01-03 18:00:00,41.84061179,-87.72388365,"(41.79142158, -87.72388365)",2021,12,Monday
10000820,IZ287652,2021-10-05 15:31:00,33XX W MICHIGAN AVE,1310,NARCOTICS,POSS: COCAINE,HOSPITAL BUILDING/GROUNDS,True,False,112,17,6.0,63.0,04B,1194662.0,1874277.0,2021,2021-11-04 15:31:00,41.84009511,-87.5277336,"(41.84009511, -87.5277336)",2021,10,Tuesday
10000821,EP487374,2015-09-06 00:17:00,6XX S CICERO AVE,486,BATTERY,DOMESTIC BATTERY AGGRAVATED,GAS STATION,False,True,1221,10,21.0,40.0,07,1154001.0,1911004.0,2015,2015-09-14 00:17:00,41.89048893,-87.73004665,"(41.89048893, -87.73004665)",2015,9,Sunday
10000822,KD149434,2019-12-03 19:13:00,47XX E FULLERTON AVE,750,THEFT,THEFT $500 AND UNDER,GROCERY FOOD STORE,False,False,911,4,35.0,12.0,17,1152573.0,1897548.0,2019,2019-12-30 19:13:00,41.94353765,-87.75134062,"(41.94353765, -87.75134062)",2019,12,Tuesday
10000823,XY742145,2018-04-27 16:17:00,56XX W COTTAGE GROVE AVE,740,THEFT,THEFT OVER $500,UNKNOWN,True,False,2211,1,49.0,27.0,01A,1192913.0,1909331.0,2018,2018-05-19 16:17:00,41.97699148,-87.68593233,"(41.97699148, -87.68593233)",2018,4,Friday
10000824,ZD541749,2017-04-20 17:57:00,8XX W CICERO AVE,620,BURGLARY,UNLAWFUL ENTRY,ALLEY,False,False,521,15,10.0,49.0,03,1196139.0,1855580.0,2017,2017-05-17 17:57:00,41.95380252,-87.55763087,"(41.95380252, -87.55763087)",2017,4,Thursday
10000825,EL831313,2021-08-11 22:16:00,52XX E ASHLAND AVE,2830,CRIMINAL TRESPASS,TO RESIDENCE,STREET,False,False,112,14,2.0,52.0,01A,1162929.0,1868125.0,2021,2021-08-20 22:16:00,41.80335376,-87.5045268,"(41.80335376, -87.5045268)",2021,8,Wednesday
10000826,KZ938489,2020-05-15 20:21:00,42XX S GRAND AVE,750,THEFT,THEFT $500 AND UNDER,CTA BUS,False,False,1711,4,8.0,75.0,01A,1195225.0,1892352.0,2020,2020-05-23 20:21:00,41.798633,-87.51107434,"(41.798633, -87.51107434)",2020,5,Friday
10000827,XN270885,2015-11-04 22:02:00,73XX W COTTAGE GROVE AVE,750,THEFT,THEFT $500 AND UNDER,ALLEY,False,False,1911,3,40.0,42.0,14,1178834.0,1860537.0,2015,2015-12-03 22:02:00,41.75265426,-87.62244005,UNKNOWN,2015,11,Wednesday
10000828,SR074290,2017-03-08 19:34:00,3XX S COTTAGE GROVE AVE,910,VANDALISM,CRIMINAL DAMAGE,CONVENIENCE STORE,True,True,111,18,1.0,61.0,04B,1165610.0,1904781.0,2017,2017-03-26 19:34:00,41.70239823,-87.64187869,"(41.70239823, -87.64187869)",2017,3,Wednesday
10000829,HO910954,2020-03-25 12:47:00,8XX W MADISON ST,730,THEFT,SHOPLIFTING,HOSPITAL BUILDING/GROUNDS,False,False,1022,4,23.0,22.0,11,1152540.0,1919417.0,2020,2020-03-26 12:47:00,41.76585871,-87.74875694,"(41.76585871, -87.74875694)",2020,3,Wednesday
10000830,PW416350,2021-08-31 08:08:00,73XX W FULLERTON AVE,510,ASSAULT,AGGRAVATED: HANDGUN,PARKING LOT / GARAGE(NON.RESID.),False,False,1811,17,5.0,35.0,04A,1154782.0,1853542.0,2021,2021-09-13 08:08:00,41.87628824,-87.66190898,"(41.87628824, -87.66190898)",2021,8,Tuesday
10000831,VU606994,2018-01-05 17:54:00,16XX N DIVISION ST,730,THEFT,SHOPLIFTING,CTA BUS,False,False,1611,17,38.0,44.0,09,1181581.0,1879756.0,2018,2018-01-12 17:54:00,41.7931013,-87.51060005,"(41.7931013, -87.51060005)",2018,1,Friday
10000832,TQ741726,2017-09-02 17:10:00,94XX W CICERO AVE,460,BATTERY,SIMPLE,GAS STATION,False,False,211,5,23.0,77.0,14,1182656.0,1926197.0,2017,2017-09-15 17:10:00,41.89793019,-87.74665483,"(41.89793019, -87.74665483)",2017,9,Saturday
10000833,HP400026,2016-03-27 12:25:00,3XX E ASHLAND AVE,560,ASSAULT,SIMPLE,GROCERY FOOD STORE,False,False,113,10,15.0,67.0,19,1161319.0,1924247.0,2016,2016-04-21 12:25:00,41.86140631,-87.57113024,"(41.86140631, -87.57113024)",2016,3,Sunday
10000834,DG914839,2016-07-20 08:16:00,8XX N MADISON ST,610,BURGLARY,FORCIBLE ENTRY,GAS STATION,False,False,1111,5,3.0,29.0,19,1174984.0,1890235.0,2016,2016-08-09 08:16:00,41.86862983,-87.77464143,"(41.86862983, -87.77464143)",2016,7,Wednesday
10000835,RX449925,2023-12-10 10:21:00,98XX E DIVISION ST,740,THEFT,THEFT OVER $500,ALLEY,False,False,1211,18,48.0,35.0,19,1191703.0,1927026.0,2023,2023-12-30 10:21:00,41.86256257,-87.60878856,UNKNOWN,2023,12,Sunday
10000836,VS360912,2023-01-26 10:38:00,65XX W CICERO AVE,2830,CRIMINAL TRESPASS,TO RESIDENCE,CONVENIENCE STORE,False,False,121,1,37.0,5.0,13,1182246.0,1874088.0,2023,2023-02-14 10:38:00,41.81197377,-87.54060042,"(41.81197377, -87.54060042)",2023,1,Thursday
10000837,OF427582,2021-05-27 10:12:00,45XX S FULLERTON AVE,740,THEFT,THEFT OVER $500,"SCHOOL, PUBLIC, BUILDING",False,False,1022,8,44.0,74.0,26,1183593.0,1919210.0,2021,2021-06-06 10:12:00,41.94610149,-87.57819748,"(41.94610149, -87.57819748)",2021,5,Thursday
10000838,DV384093,2016-02-20 20:09:00,10XX W STATE ST,650,MOTOR VEHICLE THEFT,AUTOMOBILE,STREET,False,False,2011,17,17.0,3.0,09,1162086.0,1877747.0,2016,2016-03-01 20:09:00,41.93567954,-87.75281524,"(41.93567954, -87.75281524)",2016,2,Saturday
10000839,VV789377,2022-09-15 18:21:00,63XX N HALSTED ST,312,ROBBERY,ARMED: HANDGUN,RESTAURANT,False,False,2211,10,5.0,11.0,02,1166037.0,1890855.0,2022,2022-09-28 18:21:00,41.80167846,-87.77371958,"(41.80167846, -87.77371958)",2022,9,Thursday
10000840,VB653943,2018-07-10 13:07:00,16XX W ASHLAND AVE,486,BATTERY,DOMESTIC BATTERY AGGRAVATED,UNKNOWN,False,True,411,14,28.0,30.0,12,1163883.0,1869682.0,2018,2018-08-08 13:07:00,41.87954108,-87.76056172,"(41.87954108, -87.76056172)",2018,7,Tuesday
10000841,BX740021,2022-05-25 13:51:00,6XX N WESTERN AVE,320,ROBBERY,STRONGARM - NO WEAPON,BAR OR TAVERN,False,False,2411,25,42.0,54.0,15,1184636.0,1883796.0,2022,2022-06-06 13:51:00,41.78182158,-87.59424841,"(41.78182158, -87.59424841)",2022,5,Wednesday
10000842,RJ975145,2019-04-30 22:35:00,6XX E STATE ST,560,ASSAULT,SIMPLE,UNKNOWN,False,False,1411,4,27.0,66.0,18,1167661.0,1890235.0,2019,2019-05-17 22:35:00,41.7165785,-87.55480994,"(41.7165785, -87.55480994)",2019,4,Tuesday
10000843,YN565129,2018-04-04 15:40:00,7XX W GRAND AVE,5003,PUBLIC PEACE VIOLATION,DISORDERLY CONDUCT,VEHICLE NON-COMMERCIAL,False,False,1111,16,14.0,46.0,07,1189053.0,1926754.0,2018,2018-04-11 15:40:00,41.75698284,-87.58267098,"(41.75698284, -87.58267098)",2018,4,Wednesday
10000844,GT596290,2020-10-10 19:28:00,52XX S BROADWAY,460,BATTERY,SIMPLE,UNKNOWN,False,True,1511,3,36.0,44.0,10,1167554.0,1898609.0,2020,2020-10-22 19:28:00,41.78129659,-87.6706678,"(41.78129659, -87.6706678)",2020,10,Saturday
10000845,AC209923,2020-05-07 15:15:00,71XX W ASHLAND AVE,740,THEFT,THEFT OVER $500,GAS STATION,False,False,1011,25,13.0,13.0,08B,1191982.0,1858618.0,2020,2020-05-08 15:15:00,41.72247961,-87.56517058,"(41.72247961, -87.56517058)",2020,5,Thursday
10000846,AP236620,2017-05-05 17:31:00,32XX S STATE ST,460,BATTERY,SIMPLE,RESTAURANT,False,False,1711,24,30.0,31.0,08B,1150659.0,1913866.0,2017,2017-05-18 17:31:00,41.80325196,-87.68248166,"(41.80325196, -87.68248166)",2017,5,Friday
10000847,GD823748,2016-09-17 16:31:00,1XX S ASHLAND AVE,265,CRIM SEXUAL ASSAULT,AGGRAVATED: OTHER,ALLEY,False,False,1711,7,23.0,13.0,02,1188899.0,1900546.0,2016,2016-10-10 16:31:00,41.73358164,-87.75343913,"(41.73358164, -87.75343913)",2016,9,Saturday
10000848,MP531013,2022-01-20 09:55:00,68XX E CLARK ST,610,BURGLARY,FORCIBLE ENTRY,HOSPITAL BUILDING/GROUNDS,False,True,1111,1,22.0,9.0,14,1158984.0,1896329.0,2022,2022-02-06 09:55:00,41.84061179,-87.76557246,"(41.85267949, -87.76557246)",2022,1,Thursday
10000849,JJ512176,2022-10-13 16:16:00,69XX N ASHLAND AVE,650,MOTOR VEHICLE THEFT,AUTOMOBILE,PARK PROPERTY,False,False,122,19,26.0,25.0,04A,1152077.0,1925441.0,2022,2022-10-31 16:16:00,41.82860708,-87.70993898,"(41.82860708, -87.70993898)",2022,10,Thursday
10000850,BB221019,2016-02-22 20:51:00,71XX S BROADWAY,486,BATTERY,DOMESTIC BATTERY AGGRAVATED,HOSPITAL BUILDING/GROUNDS,False,True,1011,22,9.0,41.0,16,1165188.0,1888896.0,2016,2016-03-19 20:51:00,41.89296244,-87.75709563,"(41.89296244, -87.75709563)",2016,2,Monday
10000851,RN501287,2022-02-18 07:55:00,59XX N BROADWAY,910,VANDALISM,CRIMINAL DAMAGE,GAS STATION,False,False,712,25,1.0,40.0,11,1163744.0,1853821.0,2022,2022-03-09 07:55:00,41.81422115,-87.62824261,"(41.81422115, -87.62824261)",2022,2,Friday
10000852,KZ608430,2020-02-07 19:01:00,78XX N CICERO AVE,510,ASSAULT,AGGRAVATED: HANDGUN,"SCHOOL, PUBLIC, BUILDING",False,False,612,7,29.0,34.0,07,1150185.0,1925405.0,2020,2020-02-15 19:01:00,41.96633215,-87.64242116,"(41.96633215, -87.64242116)",2020,2,Friday
10000853,KH049458,2020-06-25 22:25:00,29XX W STATE ST,850,DECEPTIVE PRACTICE,FRAUD,COMMERCIAL / BUSINESS OFFICE,True,False,211,3,44.0,5.0,09,1170350.0,1857569.0,2020,2020-07-03 22:25:00,41.81181392,-87.70031382,"(41.81181392, -87.70031382)",2020,6,Thursday
10000854,VY419017,2016-03-12 02:03:00,77XX S PULASKI RD,560,ASSAULT,SIMPLE,STREET,False,False,122,16,30.0,1.0,08B,1174984.0,1895929.0,2016,2016-04-11 02:03:00,41.9195657,-87.73342294,"(41.9195657, -87.73342294)",2016,3,Saturday
10000855,OC702220,2018-12-31 12:37:00,48XX S CICERO AVE,560,ASSAULT,SIMPLE,STREET,True,False,521,16,18.0,30.0,09,1170357.0,1906106.0,2018,2019-01-14 12:37:00,41.78091142,-87.63060661,"(41.78091142, -87.63060661)",2018,12,Monday
10000856,SD978883,2019-04-30 19:47:00,20XX E FULLERTON AVE,486,BATTERY,DOMESTIC BATTERY AGGRAVATED,"SCHOOL, PUBLIC, BUILDING",True,True,611,17,42.0,59.0,26,1193452.0,1911067.0,2019,2019-05-20 19:47:00,41.82632899,-87.51154129,"(41.82632899, -87.51154129)",2019,4,Tuesday
10000857,MD811065,2015-11-17 23:15:00,62XX S MADISON ST,730,THEFT,SHOPLIFTING,GROCERY FOOD STORE,False,False,1411,20,13.0,16.0,04A,1168264.0,1894737.0,2015,2015-11-26 23:15:00,41.97116768,-87.67087367,UNKNOWN,2015,11,Tuesday
10000858,YP136800,2018-04-27 18:40:00,93XX W NORTH AVE,620,BURGLARY,UNLAWFUL ENTRY,PARK PROPERTY,False,False,111,11,24.0,40.0,04A,1156616.0,1905648.0,2018,2018-05-18 18:40:00,41.90520419,-87.72483878,"(41.90520419, -87.72483878)",2018,4,Friday
10000859,YW065175,2015-08-15 06:20:00,66XX N ASHLAND AVE,486,BATTERY,DOMESTIC BATTERY AGGRAVATED,PARK PROPERTY,True,True,2211,3,27.0,10.0,19,1198397.0,1909758.0,2015,2015-08-29 06:20:00,41.85855443,-87.56366561,"(41.85855443, -87.56366561)",2015,8,Saturday
10000860,ZS019751,2019-07-17 15:12:00,81XX W CHICAGO AVE,1240,NARCOTICS,POSS: HEROIN(WHITE),CTA TRAIN,False,False,612,7,5.0,8.0,07,1198951.0,1925894.0,2019,2019-08-08 15:12:00,41.83813707,-87.5333096,"(41.83813707, -87.5333096)",2019,7,Wednesday
10000861,WL022505,2022-01-23 17:45:00,79XX N DIVISION ST,730,THEFT,SHOPLIFTING,ALLEY,False,True,1111,1,10.0,25.0,19,1171178.0,1865141.0,2022,2022-01-31 17:45:00,41.87833741,-87.61773479,"(41.87833741, -87.61773479)",2022,1,Sunday
10000862,HN729677,2016-02-21 09:56:00,54XX E CLARK ST,620,BURGLARY,UNLAWFUL ENTRY,SIDEWALK,False,False,612,8,30.0,75.0,18,1196814.0,1875041.0,2016,2016-03-12 09:56:00,41.78626346,-87.54197725,"(41.78626346, -87.54197725)",2016,2,Sunday
10000863,NY095607,2021-10-14 19:01:00,50XX S FULLERTON AVE,730,THEFT,SHOPLIFTING,"SCHOOL, PUBLIC, BUILDING",False,False,211,19,32.0,62.0,19,1189086.0,1854462.0,2021,2021-10-25 19:01:00,41.794316,-87.59755573,"(41.794316, -87.59755573)",2021,10,Thursday
10000864,ZW335617,2017-02-18 12:19:00,74XX S CHICAGO AVE,740,THEFT,THEFT OVER $500,RESIDENCE,False,False,2511,19,1.0,23.0,13,1173420.0,1868190.0,2017,2017-02-21 12:19:00,41.86683117,-87.651374465,"(41.86683117, -87.51458362)",2017,2,Saturday
10000865,KG751969,2019-10-10 08:22:00,70XX N CHICAGO AVE,620,BURGLARY,UNLAWFUL ENTRY,BAR OR TAVERN,True,False,212,24,30.0,56.0,01A,1158018.0,1866639.0,2019,2019-10-23 08:22:00,41.8566833,-87.580915,"(41.8566833, -87.580915)",2019,10,Thursday
10000866,OD480616,2020-11-06 16:05:00,9XX W MICHIGAN AVE,560,ASSAULT,SIMPLE,VEHICLE NON-COMMERCIAL,False,False,1121,24,29.0,30.0,01A,1159194.0,1887754.0,2020,2020-11-12 16:05:00,41.77718241,-87.69531929,"(41.77718241, -87.69531929)",2020,11,Friday
10000867,FA413162,2015-03-21 01:23:00,89XX N MICHIGAN AVE,560,ASSAULT,SIMPLE,VEHICLE NON-COMMERCIAL,False,False,221,3,3.0,66.0,06,1156441.0,1920169.0,2015,2015-04-19 01:23:00,41.92057505,-87.58699841,"(41.92057505, -87.58699841)",2015,3,Saturday
10000868,SH282229,2021-06-10 07:27:00,79XX W FULLERTON AVE,1020,WEAPONS VIOLATION,UNLAWFUL POSS OF HANDGUN,CTA TRAIN,False,True,112,20,10.0,72.0,12,1174984.0,1917218.0,2021,2021-07-05 07:27:00,41.81466285,-87.68108142,"(41.81466285, -87.68108142)",2021,6,Thursday
10000869,IA686947,2015-04-23 07:46:00,16XX E MICHIGAN AVE,5003,PUBLIC PEACE VIOLATION,DISORDERLY CONDUCT,SIDEWALK,True,False,712,4,32.0,53.0,04A,1150179.0,1860367.0,2015,2015-05-14 07:46:00,41.93904066,-87.74901308,"(41.93904066, -87.74901308)",2015,4,Thursday
10000870,YT650113,2021-03-13 22:20:00,64XX W COTTAGE GROVE AVE,740,THEFT,THEFT OVER $500,GAS STATION,False,False,1211,19,13.0,59.0,08B,1197732.0,1918066.0,2021,2021-03-30 22:20:00,41.96637016,-87.577949,"(41.96637016, -87.577949)",2021,3,Saturday
10000871,VL783919,2015-06-15 10:28:00,98XX W WESTERN AVE,750,THEFT,THEFT $500 AND UNDER,GAS STATION,True,False,611,19,38.0,3.0,26,1194544.0,1890599.0,2015,2015-06-24 10:28:00,41.79762332,-87.52927714,"(41.79762332, -87.52927714)",2015,6,Monday
10000872,MZ427603,2018-12-15 16:28:00,3XX E MADISON ST,312,ROBBERY,ARMED: HANDGUN,GROCERY FOOD STORE,False,True,2411,16,32.0,77.0,07,1199471.0,1913798.0,2018,2018-12-26 16:28:00,41.89418583,-87.56442365,"(41.89418583, -87.56442365)",2018,12,Saturday
10000873,RX297775,2016-11-18 09:49:00,17XX S MICHIGAN AVE,740,THEFT,THEFT OVER $500,CONVENIENCE STORE,False,True,2411,7,25.0,67.0,03,1172925.0,1904460.0,2016,2016-11-25 09:49:00,41.96462399,-87.74127274,"(41.96462399, -87.74127274)",2016,11,Friday
10000874,OT794609,2015-07-19 21:54:00,94XX W WESTERN AVE,486,BATTERY,DOMESTIC BATTERY AGGRAVATED,APARTMENT,False,True,1511,8,14.0,67.0,10,1194125.0,1861642.0,2015,2015-08-16 21:54:00,41.95457845,-87.59701216,"(41.95457845, -87.59701216)",2015,7,Sunday
10000875,HG789139,2018-05-02 20:20:00,18XX W MADISON ST,560,ASSAULT,SIMPLE,"SCHOOL, PUBLIC, BUILDING",True,False,712,25,42.0,33.0,12,1195281.0,1863628.0,2018,2018-05-17 20:20:00,41.70296446,-87.6791024,"(41.70296446, -87.6791024)",2018,5,Wednesday
10000876,MI896492,2021-05-14 19:29:00,86XX N NORTH AVE,910,VANDALISM,CRIMINAL DAMAGE,SIDEWALK,False,False,1121,22,46.0,74.0,12,1196096.0,1889750.0,2021,2021-06-09 19:29:00,41.82513184,-87.57310163,"(41.82513184, -87.57310163)",2021,5,Friday
10000877,PP156010,2018-07-19 18:41:00,31XX S DIVISION ST,320,ROBBERY,STRONGARM - NO WEAPON,PARKING LOT / GARAGE(NON.RESID.),True,False,1811,1,32.0,66.0,01A,1185579.0,1875723.0,2018,2018-08-09 18:41:00,41.73458367,-87.74078862,"(41.73458367, -87.74078862)",2018,7,Thursday
10000878,XP733499,2018-09-17 20:18:00,38XX W MADISON ST,486,BATTERY,DOMESTIC BATTERY AGGRAVATED,STREET,False,True,2411,16,10.0,34.0,03,1162283.0,1888565.0,2018,2018-10-07 20:18:00,41.74651237,-87.50942633,"(41.74651237, -87.50942633)",2018,9,Monday
10000879,LK911966,2021-04-27 11:30:00,54XX E MICHIGAN AVE,510,ASSAULT,AGGRAVATED: HANDGUN,GROCERY FOOD STORE,False,False,212,14,8.0,21.0,01A,1181743.0,1888208.0,2021,2021-05-23 11:30:00,41.88880159,-87.77202686,"(41.88880159, -87.77202686)",2021,4,Tuesday
10000880,QM817064,2018-08-19 20:21:00,40XX S CICERO AVE,510,ASSAULT,AGGRAVATED: HANDGUN,UNKNOWN,True,False,1111,11,4.0,17.0,20,1188408.0,1898457.0,2018,2018-09-07 20:21:00,41.69198509,-87.65047429,"(41.69198509, -87.65047429)",2018,8,Sunday
10000881,AS961052,2019-10-04 21:36:00,5XX W GRAND AVE,320,ROBBERY,STRONGARM - NO WEAPON,STREET,True,False,312,6,44.0,24.0,18,1170020.0,1886632.0,2019,2019-10-05 21:36:00,41.97466927,-87.59703962,"(41.97466927, -87.59703962)",2019,10,Friday
10000882,CE488112,2017-03-04 18:48:00,29XX N FULLERTON AVE,486,BATTERY,DOMESTIC BATTERY AGGRAVATED,RESTAURANT,True,True,2411,8,38.0,10.0,09,1180470.0,1858997.0,2017,2017-03-26 18:48:00,41.96595944,-87.56504101,"(41.96595944, -87.56504101)",2017,3,Saturday
10000883,GS351840,2019-12-28 20:57:00,54XX N BROADWAY,460,BATTERY,SIMPLE,APARTMENT,True,False,412,5,4.0,52.0,05,1187125.0,1926798.0,2019,2020-01-15 20:57:00,41.84556593,-87.59188952,"(41.84556593, -87.59188952)",2019,12,Saturday
10000884,ML890956,2018-11-04 09:29:00,35XX W MADISON ST,1310,NARCOTICS,POSS: COCAINE,PARKING LOT / GARAGE(NON.RESID.),True,False,612,16,36.0,60.0,18,1150180.0,1905750.0,2018,2018-11-11 09:29:00,41.85090282,-87.7957718,"(41.85090282, -87.7957718)",2018,11,Sunday
10000885,SK570863,2019-07-01 18:04:00,5XX E NORTH AVE,560,ASSAULT,SIMPLE,COMMERCIAL / BUSINESS OFFICE,True,True,612,24,49.0,49.0,12,1153726.0,1891275.0,2019,2019-07-24 18:04:00,41.79248004,-87.54029398,"(41.79248004, -87.54029398)",2019,7,Monday
10000886,NA746764,2023-07-18 23:08:00,72XX E MICHIGAN AVE,312,ROBBERY,ARMED: HANDGUN,GROCERY FOOD STORE,False,False,912,25,24.0,31.0,18,1154237.0,1898314.0,2023,2023-08-05 23:08:00,41.94153647,-87.56245902,"(41.94153647, -87.56245902)",2023,7,Tuesday
10000887,BM847013,2017-07-15 10:35:00,12XX N MICHIGAN AVE,510,ASSAULT,AGGRAVATED: HANDGUN,RETAIL STORE,False,False,2411,12,47.0,57.0,03,1154161.0,1854296.0,2017,2017-08-03 10:35:00,41.88443501,-87.71189875,"(41.88443501, -87.71189875)",2017,7,Saturday
10000888,TG733667,2015-02-18 23:11:00,55XX E GRAND AVE,460,BATTERY,SIMPLE,ALLEY,False,False,621,17,24.0,61.0,18,1166688.0,1868405.0,2015,2015-03-10 23:11:00,41.88618584,-87.54197133,"(41.88618584, -87.54197133)",2015,2,Wednesday
10000889,NT970537,2023-11-24 20:54:00,95XX W NORTH AVE,510,ASSAULT,AGGRAVATED: HANDGUN,CTA BUS,False,False,1221,3,13.0,31.0,11,1189470.0,1913697.0,2023,2023-12-06 20:54:00,41.92020511,-87.53948052,"(41.92020511, -87.53948052)",2023,11,Friday
10000890,EJ214501,2018-01-31 11:39:00,73XX W PULASKI RD,910,VANDALISM,CRIMINAL DAMAGE,STREET,False,False,812,18,4.0,28.0,01A,1172210.0,1871242.0,2018,2018-02-02 11:39:00,41.91034142,-87.59784786,"(41.91034142, -87.59784786)",2018,1,Wednesday
10000891,SW078182,2020-09-26 17:42:00,59XX S CLARK ST,1020,WEAPONS VIOLATION,UNLAWFUL POSS OF HANDGUN,CONVENIENCE STORE,True,False,321,11,39.0,29.0,20,1183300.0,1854185.0,2020,2020-10-20 17:42:00,41.8630625,-87.76466466,"(41.8630625, -87.76466466)",2020,9,Saturday
10000892,HP994524,2020-06-06 22:35:00,40XX W MICHIGAN AVE,1200,NARCOTICS,POSS: CANNABIS 30GMS OR LESS,ALLEY,False,False,122,4,46.0,19.0,13,1180442.0,1893186.0,2020,2020-07-04 22:35:00,41.83114411,-87.59507331,"(41.83114411, -87.59507331)",2020,6,Saturday
10000893,IG420216,2016-08-13 17:57:00,43XX E CLARK ST,740,THEFT,THEFT OVER $500,COMMERCIAL / BUSINESS OFFICE,False,False,2511,15,29.0,55.0,14,1177087.0,1886881.0,2016,2016-08-19 17:57:00,41.84061179,-87.62309591,"(41.8755978, -87.62309591)",2016,8,Saturday
10000894,PK731894,2017-01-15 18:21:00,37XX E FULLERTON AVE,320,ROBBERY,STRONGARM - NO WEAPON,PARKING LOT / GARAGE(NON.RESID.),True,False,511,3,45.0,75.0,15,1157659.0,1872304.0,2017,2017-02-06 18:21:00,41.84477975,-87.79183539,UNKNOWN,2017,1,Sunday
10000895,BK624848,2019-09-12 12:16:00,57XX S FULLERTON AVE,560,ASSAULT,SIMPLE,SIDEWALK,False,False,212,1,21.0,30.0,06,1164975.0,1890235.0,2019,2019-09-29 12:16:00,41.7291609,-87.60930031,"(41.7291609, -87.60930031)",2019,9,Thursday
10000896,CY186119,2021-01-19 19:03:00,56XX E BROADWAY,750,THEFT,THEFT $500 AND UNDER,BAR OR TAVERN,False,False,811,14,27.0,10.0,10,1175679.0,1880136.0,2021,2021-02-17 19:03:00,41.87677487,-87.64680288,"(41.87677487, -87.64680288)",2021,1,Tuesday
10000897,RV165907,2021-08-10 22:38:00,6XX S HALSTED ST,850,DECEPTIVE PRACTICE,FRAUD,VEHICLE NON-COMMERCIAL,False,False,1611,10,12.0,69.0,04B,1172450.0,1852880.0,2021,2021-08-27 22:38:00,41.9422096,-87.50295546,"(41.9422096, -87.50295546)",2021,8,Tuesday
10000898,SD594229,2023-11-01 14:55:00,60XX W MICHIGAN AVE,486,BATTERY,DOMESTIC BATTERY AGGRAVATED,APARTMENT,True,True,311,17,35.0,50.0,15,1166896.0,1887695.0,2023,2023-11-25 14:55:00,41.85247356,-87.60097932,"(41.85247356, -87.60097932)",2023,11,Wednesday
10000899,GF574014,2023-06-27 23:40:00,83XX N STATE ST,460,BATTERY,SIMPLE,PARKING LOT / GARAGE(NON.RESID.),False,False,812,12,31.0,32.0,14,1190210.0,1917137.0,2023,2023-07-20 23:40:00,41.97621195,-87.76128041,"(41.97621195, -87.76128041)",2023,6,Tuesday
10000900,CK959356,2017-11-08 03:46:00,59XX N BROADWAY,510,ASSAULT,AGGRAVATED: HANDGUN,PARK PROPERTY,False,False,711,11,22.0,44.0,13,1161146.0,1896307.0,2017,2017-11-13 03:46:00,41.90793358,-87.58989263,"(41.90793358, -87.58989263)",2017,11,Wednesday
10000901,JM606416,2018-05-01 22:17:00,21XX E MADISON ST,486,BATTERY,DOMESTIC BATTERY AGGRAVATED,GAS STATION,False,True,1511,25,17.0,56.0,26,1181179.0,1855644.0,2018,2018-05-18 22:17:00,41.75216873,-87.58649735,"(41.75216873, -87.58649735)",2018,5,Tuesday
10000902,DF350859,2022-02-18 16:20:00,64XX N NORTH AVE,560,ASSAULT,SIMPLE,UNKNOWN,True,False,121,2,6.0,17.0,15,1155866.0,1907707.0,2022,2022-02-25 16:20:00,41.86277619,-87.79131924,"(41.86277619, -87.79131924)",2022,2,Friday
10000903,JM563383,2019-07-12 15:08:00,48XX W BROADWAY,650,MOTOR VEHICLE THEFT,AUTOMOBILE,PARK PROPERTY,False,False,321,24,29.0,63.0,18,1168290.0,1884519.0,2019,2019-08-02 15:08:00,41.98939534,-87.52219935,"(41.98939534, -87.52219935)",2019,7,Friday
10000904,KI867083,2018-03-18 21:35:00,68XX S HALSTED ST,730,THEFT,SHOPLIFTING,RETAIL STORE,True,False,811,22,23.0,21.0,20,1196651.0,1925392.0,2018,2018-03-26 21:35:00,41.95906538,-87.75697635,"(41.95906538, -87.75697635)",2018,3,Sunday
10000905,AS594287,2021-12-26 21:29:00,22XX E BROADWAY,850,DECEPTIVE PRACTICE,FRAUD,RESIDENCE,False,True,312,1,33.0,71.0,03,1192912.0,1863784.0,2021,2022-01-02 21:29:00,41.93676029,-87.69128717,"(41.93676029, -87.69128717)",2021,12,Sunday
10000906,AO597239,2020-05-12 17:37:00,42XX E DIVISION ST,1200,NARCOTICS,POSS: CANNABIS 30GMS OR LESS,RESTAURANT,False,False,711,2,46.0,4.0,04B,1190023.0,1902432.0,2020,2020-05-31 17:37:00,41.96392945,-87.77343781,"(41.96392945, -87.77343781)",2020,5,Tuesday
10000907,ZB285156,2016-12-21 21:27:00,90XX S HALSTED ST,750,THEFT,THEFT $500 AND UNDER,BAR OR TAVERN,False,False,1511,15,6.0,24.0,03,1151295.0,1863233.0,2016,2017-01-08 21:27:00,41.72479236,-87.76505083,"(41.72479236, -87.76505083)",2016,12,Wednesday
10000908,WQ499760,2016-03-17 18:55:00,20XX S DIVISION ST,750,THEFT,THEFT $500 AND UNDER,APARTMENT,False,False,122,2,33.0,20.0,13,1190832.0,1866551.0,2016,2016-04-05 18:55:00,41.80776653,-87.63152364,"(41.80776653, -87.63152364)",2016,3,Thursday
10000909,BX430747,2020-05-16 12:20:00,56XX N FULLERTON AVE,740,THEFT,THEFT OVER $500,CTA BUS,False,True,511,1,8.0,31.0,10,1197634.0,1871079.0,2020,2020-06-12 12:20:00,41.95620626,-87.651374465,"(41.95620626, -87.72529538)",2020,5,Saturday
10000910,BK405298,2020-07-30 22:32:00,79XX W PULASKI RD,650,MOTOR VEHICLE THEFT,AUTOMOBILE,PARK PROPERTY,False,False,811,3,6.0,8.0,17,1151548.0,1865037.0,2020,2020-08-23 22:32:00,41.82184772,-87.54593441,"(41.82184772, -87.54593441)",2020,7,Thursday
10000911,UK872855,2020-07-12 07:43:00,39XX S MICHIGAN AVE,750,THEFT,THEFT $500 AND UNDER,ALLEY,False,False,2211,18,1.0,4.0,06,1171042.0,1869971.0,2020,2020-07-23 07:43:00,41.77230448,-87.78543315,"(41.77230448, -87.78543315)",2020,7,Sunday
10000912,ZX517459,2018-08-24 21:53:00,74XX W MICHIGAN AVE,312,ROBBERY,ARMED: HANDGUN,CONVENIENCE STORE,False,False,1911,5,44.0,48.0,04A,1155628.0,1899616.0,2018,2018-09-16 21:53:00,41.79682122,-87.50031915,"(41.79682122, -87.50031915)",2018,8,Friday
10000913,DK138540,2022-10-17 10:16:00,30XX W HALSTED ST,740,THEFT,THEFT OVER $500,BAR OR TAVERN,False,False,1111,12,34.0,40.0,11,1197186.0,1871259.0,2022,2022-11-01 10:16:00,41.8451782,-87.57858372,"(41.8451782, -87.57858372)",2022,10,Monday
10000914,KT737299,2021-02-06 07:19:00,10XX N COTTAGE GROVE AVE,620,BURGLARY,UNLAWFUL ENTRY,PARK PROPERTY,True,False,122,7,45.0,49.0,11,1195871.0,1918779.0,2021,2021-03-01 07:19:00,41.72547882,-87.70792528,"(41.72547882, -87.70792528)",2021,2,Saturday
10000915,ZW096141,2017-08-06 15:05:00,4XX N CICERO AVE,730,THEFT,SHOPLIFTING,BAR OR TAVERN,False,False,621,1,13.0,38.0,12,1167708.0,1882821.0,2017,2017-08-15 15:05:00,41.98756398,-87.54572012,"(41.98756398, -87.54572012)",2017,8,Sunday
10000916,AS549350,2023-08-04 14:55:00,3XX S CLARK ST,750,THEFT,THEFT $500 AND UNDER,RESTAURANT,False,False,521,7,25.0,68.0,13,1166242.0,1904334.0,2023,2023-08-30 14:55:00,41.95242621,-87.51730968,"(41.95242621, -87.51730968)",2023,8,Friday
10000917,GP352897,2017-02-12 21:30:00,40XX S CHICAGO AVE,5003,PUBLIC PEACE VIOLATION,DISORDERLY CONDUCT,GROCERY FOOD STORE,True,False,1111,16,3.0,2.0,04A,1178820.0,1920101.0,2017,2017-03-11 21:30:00,41.86112374,-87.58624154,"(41.86112374, -87.58624154)",2017,2,Sunday
10000918,SO849540,2023-04-30 21:56:00,41XX N DIVISION ST,1240,NARCOTICS,POSS: HEROIN(WHITE),STREET,True,False,511,3,42.0,58.0,07,1187563.0,1896806.0,2023,2023-05-30 21:56:00,41.8886792,-87.71463014,"(41.8886792, -87.71463014)",2023,4,Sunday
10000919,IJ198564,2022-02-19 18:28:00,37XX S CICERO AVE,460,BATTERY,SIMPLE,CONVENIENCE STORE,False,False,113,3,48.0,31.0,26,1165086.0,1872547.0,2022,2022-03-04 18:28:00,41.9234558,-87.51802701,"(41.9234558, -87.51802701)",2022,2,Saturday
10000920,BS071913,2016-07-21 14:20:00,60XX N CLARK ST,1020,WEAPONS VIOLATION,UNLAWFUL POSS OF HANDGUN,RESTAURANT,True,True,1411,9,41.0,59.0,15,1186437.0,1928767.0,2016,2016-08-03 14:20:00,41.84529576,-87.7610316,"(41.84529576, -87.7610316)",2016,7,Thursday
10000921,LB586319,2020-02-17 13:19:00,62XX E FULLERTON AVE,610,BURGLARY,FORCIBLE ENTRY,HOSPITAL BUILDING/GROUNDS,False,False,1711,10,32.0,28.0,20,1159236.0,1889763.0,2020,2020-02-23 13:19:00,41.91961829,-87.50897954,"(41.91961829, -87.50897954)",2020,2,Monday
10000922,HT611781,2019-08-03 18:26:00,59XX N DIVISION ST,850,DECEPTIVE PRACTICE,FRAUD,CONVENIENCE STORE,False,False,1121,1,26.0,70.0,10,1191447.0,1901726.0,2019,2019-08-27 18:26:00,41.75098053,-87.50217475,"(41.75098053, -87.50217475)",2019,8,Saturday
10000923,PR643446,2023-09-17 05:40:00,31XX E CLARK ST,1310,NARCOTICS,POSS: COCAINE,GROCERY FOOD STORE,True,True,2211,15,46.0,56.0,15,1185315.0,1895651.0,2023,2023-10-04 05:40:00,41.93016454,-87.56165744,"(41.93016454, -87.56165744)",2023,9,Sunday
10000924,TT041690,2019-10-16 15:23:00,25XX E MADISON ST,730,THEFT,SHOPLIFTING,PARK PROPERTY,False,True,1611,9,6.0,77.0,02,1173831.0,1878001.0,2019,2019-11-07 15:23:00,41.9893807,-87.71856612,"(41.9893807, -87.71856612)",2019,10,Wednesday
10000925,TJ172759,2021-11-10 21:48:00,35XX W NORTH AVE,486,BATTERY,DOMESTIC BATTERY AGGRAVATED,GROCERY FOOD STORE,False,True,113,16,49.0,34.0,04B,1175747.0,1861731.0,2021,2021-11-12 21:48:00,41.75813009,-87.77403759,"(41.75813009, -87.77403759)",2021,11,Wednesday
10000926,IP122476,2020-07-10 14:13:00,64XX S COTTAGE GROVE AVE,750,THEFT,THEFT $500 AND UNDER,APARTMENT,False,False,911,5,10.0,69.0,07,1173267.0,1921616.0,2020,2020-07-19 14:13:00,41.97394056,-87.64410936,"(41.97394056, -87.64410936)",2020,7,Friday
10000927,HF157676,2015-02-15 11:12:00,47XX W MICHIGAN AVE,620,BURGLARY,UNLAWFUL ENTRY,CTA TRAIN,False,False,1811,7,44.0,16.0,04B,1174984.0,1927461.0,2015,2015-02-23 11:12:00,41.85001255,-87.6898597,"(41.85001255, -87.6898597)",2015,2,Sunday
10000928,FZ945629,2018-12-31 12:46:00,27XX S GRAND AVE,312,ROBBERY,ARMED: HANDGUN,HOSPITAL BUILDING/GROUNDS,False,False,1511,5,7.0,48.0,09,1157867.0,1873149.0,2018,2019-01-27 12:46:00,41.75673736,-87.61378278,"(41.75673736, -87.61378278)",2018,12,Monday
10000929,DA487567,2022-08-04 18:55:00,47XX N MICHIGAN AVE,750,THEFT,THEFT $500 AND UNDER,CTA BUS,True,False,912,25,14.0,11.0,10,1179082.0,1903935.0,2022,2022-08-11 18:55:00,41.86815887,-87.68776072,"(41.86815887, -87.68776072)",2022,8,Thursday
10000930,XL264523,2019-10-22 11:35:00,46XX W CICERO AVE,460,BATTERY,SIMPLE,APARTMENT,True,False,111,12,47.0,12.0,09,1169056.0,1862216.0,2019,2019-11-10 11:35:00,41.78312586,-87.54304511,"(41.78312586, -87.54304511)",2019,10,Tuesday
10000931,RZ337271,2019-02-16 09:30:00,49XX W CICERO AVE,1200,NARCOTICS,POSS: CANNABIS 30GMS OR LESS,VEHICLE NON-COMMERCIAL,True,False,113,18,32.0,28.0,06,1186815.0,1925592.0,2019,2019-02-18 09:30:00,41.71731194,-87.60134402,"(41.71731194, -87.60134402)",2019,2,Saturday
10000932,YL786143,2023-12-09 07:07:00,53XX E BROADWAY,1110,SEX OFFENSE,CRIMINAL SEXUAL ABUSE,RESTAURANT,False,False,1911,22,1.0,39.0,04B,1172118.0,1928093.0,2023,2023-12-11 07:07:00,41.98105592,-87.651374465,"(41.98105592, -87.79312839)",2023,12,Saturday
10000933,UR957877,2016-02-01 22:18:00,39XX E FULLERTON AVE,620,BURGLARY,UNLAWFUL ENTRY,GAS STATION,True,False,1911,25,43.0,47.0,17,1174984.0,1883477.0,2016,2016-03-02 22:18:00,41.91536814,-87.5556171,"(41.91536814, -87.5556171)",2016,2,Monday
10000934,NQ537025,2017-02-22 14:51:00,46XX N NORTH AVE,560,ASSAULT,SIMPLE,COMMERCIAL / BUSINESS OFFICE,True,False,1211,10,48.0,58.0,08A,1198833.0,1871875.0,2017,2017-03-23 14:51:00,41.91609548,-87.64926294,"(41.91609548, -87.64926294)",2017,2,Wednesday
10000935,NB336302,2023-09-08 21:22:00,58XX N MICHIGAN AVE,750,THEFT,THEFT $500 AND UNDER,VEHICLE NON-COMMERCIAL,False,True,812,18,26.0,77.0,15,1169443.0,1915803.0,2023,2023-09-17 21:22:00,41.93607432,-87.59419122,"(41.93607432, -87.59419122)",2023,9,Friday
10000936,BV152215,2015-12-02 14:11:00,91XX N STATE ST,486,BATTERY,DOMESTIC BATTERY AGGRAVATED,PARK PROPERTY,False,True,611,4,26.0,6.0,12,1165650.0,1878091.0,2015,2015-12-08 14:11:00,41.84061179,-87.67848187,"(41.93484437, -87.67848187)",2015,12,Wednesday
10000937,TR025514,2018-10-19 20:30:00,72XX N NORTH AVE,2830,CRIMINAL TRESPASS,TO RESIDENCE,GROCERY FOOD STORE,True,False,112,18,1.0,14.0,10,1154733.0,1893358.0,2018,2018-10-26 20:30:00,41.93319403,-87.54315481,"(41.93319403, -87.54315481)",2018,10,Friday
10000938,MX141521,2021-06-18 14:28:00,21XX E MICHIGAN AVE,460,BATTERY,SIMPLE,RESTAURANT,False,False,122,18,28.0,64.0,26,1157380.0,1918055.0,2021,2021-06-21 14:28:00,41.88260312,-87.61690409,"(41.88260312, -87.61690409)",2021,6,Friday
10000939,RX997776,2022-06-19 04:52:00,52XX N HALSTED ST,650,MOTOR VEHICLE THEFT,AUTOMOBILE,PARK PROPERTY,False,False,1411,17,44.0,10.0,11,1172448.0,1893272.0,2022,2022-06-26 04:52:00,41.79462697,-87.75365014,"(41.79462697, -87.75365014)",2022,6,Sunday
10000940,EJ854714,2021-03-20 14:53:00,29XX S STATE ST,750,THEFT,THEFT $500 AND UNDER,SIDEWALK,False,False,221,3,35.0,11.0,18,1161501.0,1904363.0,2021,2021-04-10 14:53:00,41.8904524,-87.60647906,"(41.8904524, -87.60647906)",2021,3,Saturday
10000941,UA177987,2016-03-07 20:56:00,19XX N PULASKI RD,620,BURGLARY,UNLAWFUL ENTRY,CTA TRAIN,False,False,2011,14,41.0,14.0,03,1151542.0,1863062.0,2016,2016-03-26 20:56:00,41.70452068,-87.71353782,"(41.70452068, -87.71353782)",2016,3,Monday
10000942,VS434566,2023-09-08 16:15:00,65XX N DIVISION ST,312,ROBBERY,ARMED: HANDGUN,GROCERY FOOD STORE,True,False,612,15,37.0,42.0,09,1179531.0,1914924.0,2023,2023-09-17 16:15:00,41.69895113,-87.67881798,"(41.69895113, -87.67881798)",2023,9,Friday
10000943,FC994561,2022-05-18 01:39:00,78XX N CHICAGO AVE,1200,NARCOTICS,POSS: CANNABIS 30GMS OR LESS,PARK PROPERTY,True,False,1121,16,42.0,57.0,11,1164382.0,1882498.0,2022,2022-05-30 01:39:00,41.89234488,-87.61186977,"(41.89234488, -87.61186977)",2022,5,Wednesday
10000944,QD314460,2020-01-01 22:05:00,71XX W FULLERTON AVE,560,ASSAULT,SIMPLE,GROCERY FOOD STORE,False,True,1811,14,25.0,18.0,11,1156373.0,1914633.0,2020,2020-01-05 22:05:00,41.74689229,-87.62097077,"(41.74689229, -87.62097077)",2020,1,Wednesday
10000945,JW316983,2017-04-11 12:21:00,58XX S WESTERN AVE,486,BATTERY,DOMESTIC BATTERY AGGRAVATED,VEHICLE NON-COMMERCIAL,True,True,1711,14,3.0,1.0,03,1165444.0,1881238.0,2017,2017-05-08 12:21:00,41.94107522,-87.54869429,"(41.94107522, -87.54869429)",2017,4,Tuesday
10000946,XQ088575,2018-03-26 18:15:00,93XX N CLARK ST,460,BATTERY,SIMPLE,VEHICLE NON-COMMERCIAL,False,False,111,5,47.0,16.0,07,1195820.0,1921128.0,2018,2018-03-31 18:15:00,41.96640704,-87.62640433,"(41.96640704, -87.62640433)",2018,3,Monday
10000947,YU513934,2015-07-04 19:06:00,65XX N MICHIGAN AVE,850,DECEPTIVE PRACTICE,FRAUD,CTA TRAIN,True,False,312,4,28.0,68.0,03,1184072.0,1909667.0,2015,2015-08-03 19:06:00,41.87681265,-87.63024514,"(41.87681265, -87.63024514)",2015,7,Saturday
10000948,IB455100,2016-06-06 14:49:00,17XX E PULASKI RD,1020,WEAPONS VIOLATION,UNLAWFUL POSS OF HANDGUN,GAS STATION,True,False,1811,10,33.0,67.0,05,1157454.0,1874865.0,2016,2016-06-29 14:49:00,41.98764216,-87.651374465,"(41.98764216, -87.5528105)",2016,6,Monday
10000949,QI082956,2019-06-13 15:24:00,93XX S STATE ST,650,MOTOR VEHICLE THEFT,AUTOMOBILE,PARKING LOT / GARAGE(NON.RESID.),True,False,1811,14,46.0,6.0,03,1184814.0,1890044.0,2019,2019-07-13 15:24:00,41.83854317,-87.70371413,"(41.83854317, -87.70371413)",2019,6,Thursday
10000950,HF078018,2023-11-12 22:14:00,46XX W BROADWAY,650,MOTOR VEHICLE THEFT,AUTOMOBILE,"SCHOOL, PUBLIC, BUILDING",True,False,1011,24,8.0,2.0,08B,1193363.0,1880556.0,2023,2023-11-13 22:14:00,41.7966416,-87.62273569,UNKNOWN,2023,11,Sunday
10000951,VM499813,2015-04-14 19:47:00,53XX N HALSTED ST,320,ROBBERY,STRONGARM - NO WEAPON,CONVENIENCE STORE,True,False,711,24,20.0,29.0,26,1185050.0,1915097.0,2015,2015-04-21 19:47:00,41.79928897,-87.5865682,"(41.79928897, -87.5865682)",2015,4,Tuesday
10000952,TW857534,2015-07-04 22:13:00,27XX N BROADWAY,560,ASSAULT,SIMPLE,RESTAURANT,True,False,411,4,26.0,40.0,13,1193991.0,1851102.0,2015,2015-07-11 22:13:00,41.7692116,-87.78771283,"(41.7692116, -87.78771283)",2015,7,Saturday
10000953,MU712751,2015-01-16 18:28:00,65XX W COTTAGE GROVE AVE,2830,CRIMINAL TRESPASS,TO RESIDENCE,UNKNOWN,True,False,312,5,11.0,71.0,06,1156352.0,1896482.0,2015,2015-01-29 18:28:00,41.9262331,-87.60649435,"(41.9262331, -87.60649435)",2015,1,Friday
10000954,ZR973121,2019-07-06 14:25:00,75XX N WESTERN AVE,740,THEFT,THEFT OVER $500,"SCHOOL, PUBLIC, BUILDING",True,False,521,9,35.0,46.0,08A,1199924.0,1891684.0,2019,2019-07-08 14:25:00,41.88602955,-87.72061283,"(41.88602955, -87.72061283)",2019,7,Saturday
10000955,QM792816,2023-11-07 13:40:00,34XX S HALSTED ST,740,THEFT,THEFT OVER $500,CONVENIENCE STORE,False,False,812,4,6.0,53.0,17,1190324.0,1906780.0,2023,2023-11-24 13:40:00,41.91143392,-87.55391968,"(41.91143392, -87.55391968)",2023,11,Tuesday
10000956,LM126644,2021-04-08 14:13:00,84XX E COTTAGE GROVE AVE,610,BURGLARY,FORCIBLE ENTRY,APARTMENT,False,True,612,10,6.0,63.0,16,1199793.0,1851878.0,2021,2021-05-05 14:13:00,41.7938138,-87.56767107,"(41.7938138, -87.56767107)",2021,4,Thursday
10000957,VS089650,2017-01-21 19:26:00,13XX W CLARK ST,486,BATTERY,DOMESTIC BATTERY AGGRAVATED,CONVENIENCE STORE,True,True,122,17,40.0,21.0,11,1174984.0,1908089.0,2017,2017-01-30 19:26:00,41.86550782,-87.79617012,"(41.86550782, -87.79617012)",2017,1,Saturday
10000958,ZX964673,2019-05-05 15:02:00,66XX W GRAND AVE,560,ASSAULT,SIMPLE,CTA BUS,False,False,113,25,26.0,16.0,10,1161186.0,1863876.0,2019,2019-05-24 15:02:00,41.82742077,-87.67029548,"(41.82742077, -87.67029548)",2019,5,Sunday
10000959,AT362339,2021-12-08 07:29:00,88XX W HALSTED ST,910,VANDALISM,CRIMINAL DAMAGE,COMMERCIAL / BUSINESS OFFICE,True,False,1111,17,14.0,24.0,19,1175419.0,1905028.0,2021,2021-12-30 07:29:00,41.81720316,-87.69790049,"(41.81720316, -87.69790049)",2021,12,Wednesday
10000960,KG524036,2015-07-29 09:12:00,67XX W NORTH AVE,460,BATTERY,SIMPLE,RESTAURANT,False,False,1121,17,26.0,64.0,09,1193593.0,1871107.0,2015,2015-08-03 09:12:00,41.79519505,-87.68188757,UNKNOWN,2015,7,Wednesday
10000961,GU359740,2019-02-02 10:31:00,34XX E MICHIGAN AVE,650,MOTOR VEHICLE THEFT,AUTOMOBILE,VEHICLE NON-COMMERCIAL,False,False,1911,22,42.0,1.0,18,1165741.0,1868159.0,2019,2019-02-08 10:31:00,41.91441115,-87.61665758,"(41.91441115, -87.61665758)",2019,2,Saturday
10000962,VI071325,2021-09-27 13:47:00,28XX S CLARK ST,510,ASSAULT,AGGRAVATED: HANDGUN,CTA TRAIN,False,False,112,2,45.0,36.0,11,1163741.0,1878139.0,2021,2021-10-14 13:47:00,41.70660877,-87.55912063,"(41.70660877, -87.55912063)",2021,9,Monday
10000963,PU772800,2023-11-05 22:25:00,34XX N MADISON ST,740,THEFT,THEFT OVER $500,CONVENIENCE STORE,False,False,611,15,48.0,5.0,14,1191111.0,1895630.0,2023,2023-12-03 22:25:00,41.73094717,-87.65429227,"(41.73094717, -87.65429227)",2023,11,Sunday
10000964,SM580837,2020-10-21 11:56:00,58XX E CLARK ST,750,THEFT,THEFT $500 AND UNDER,ALLEY,False,False,412,17,37.0,61.0,09,1154359.0,1870128.0,2020,2020-11-05 11:56:00,41.94891263,-87.79348162,"(41.94891263, -87.79348162)",2020,10,Wednesday
10000965,GP599172,2020-04-10 05:05:00,25XX W GRAND AVE,740,THEFT,THEFT OVER $500,CONVENIENCE STORE,False,False,321,19,44.0,16.0,04B,1174984.0,1895598.0,2020,2020-05-01 05:05:00,41.90563383,-87.52326784,"(41.90563383, -87.52326784)",2020,4,Friday
10000966,NG982574,2015-09-28 19:40:00,88XX E GRAND AVE,910,VANDALISM,CRIMINAL DAMAGE,GAS STATION,False,False,221,14,42.0,47.0,16,1174984.0,1892216.0,2015,2015-10-24 19:40:00,41.77019844,-87.65121261,"(41.77019844, -87.65121261)",2015,9,Monday
10000967,YZ856995,2015-08-25 17:12:00,96XX E CLARK ST,750,THEFT,THEFT $500 AND UNDER,UNKNOWN,False,False,611,16,36.0,65.0,14,1186967.0,1856616.0,2015,2015-08-29 17:12:00,41.93107659,-87.651374465,"(41.93107659, -87.72310135)",2015,8,Tuesday
10000968,AP893939,2018-11-02 08:39:00,49XX S CICERO AVE,650,MOTOR VEHICLE THEFT,AUTOMOBILE,APARTMENT,False,False,321,2,8.0,47.0,11,1197379.0,1902671.0,2018,2018-11-22 08:39:00,41.70132925,-87.76090142,"(41.70132925, -87.76090142)",2018,11,Friday
10000969,TS358051,2022-08-28 15:59:00,86XX S STATE ST,610,BURGLARY,FORCIBLE ENTRY,COMMERCIAL / BUSINESS OFFICE,False,True,2411,1,8.0,19.0,03,1151099.0,1860241.0,2022,2022-09-03 15:59:00,41.98291766,-87.70209262,"(41.98291766, -87.70209262)",2022,8,Sunday
10000970,WN481519,2020-10-15 13:48:00,31XX N CHICAGO AVE,320,ROBBERY,STRONGARM - NO WEAPON,COMMERCIAL / BUSINESS OFFICE,False,False,511,17,39.0,58.0,09,1185834.0,1901046.0,2020,2020-11-11 13:48:00,41.91454075,-87.71873143,"(41.91454075, -87.71873143)",2020,10,Thursday
10000971,TL170725,2023-09-06 16:33:00,43XX E CLARK ST,2830,CRIMINAL TRESPASS,TO RESIDENCE,SIDEWALK,True,True,2211,3,22.0,44.0,18,1186396.0,1918191.0,2023,2023-09-28 16:33:00,41.8439906,-87.62744375,"(41.8439906, -87.62744375)",2023,9,Wednesday
10000972,NS647374,2018-04-04 03:58:00,66XX N STATE ST,910,VANDALISM,CRIMINAL DAMAGE,CONVENIENCE STORE,False,False,2411,1,29.0,53.0,09,1188679.0,1866826.0,2018,2018-04-15 03:58:00,41.79568903,-87.59066927,"(41.79568903, -87.59066927)",2018,4,Wednesday
10000973,MG784163,2016-08-30 21:47:00,71XX E DIVISION ST,510,ASSAULT,AGGRAVATED: HANDGUN,CONVENIENCE STORE,False,True,1411,8,31.0,77.0,08B,1166546.0,1879135.0,2016,2016-09-18 21:47:00,41.84061179,-87.71449317,"(41.70863727, -87.71449317)",2016,8,Tuesday
10000974,YV962196,2020-01-04 11:46:00,47XX S HALSTED ST,486,BATTERY,DOMESTIC BATTERY AGGRAVATED,UNKNOWN,False,True,221,1,25.0,39.0,11,1174540.0,1904363.0,2020,2020-01-30 11:46:00,41.96337997,-87.504281,"(41.96337997, -87.504281)",2020,1,Saturday
10000975,TH850472,2019-01-29 22:51:00,66XX N CHICAGO AVE,750,THEFT,THEFT $500 AND UNDER,RESIDENCE,False,False,511,4,28.0,72.0,12,1198526.0,1911143.0,2019,2019-02-04 22:51:00,41.96833775,-87.65490369,"(41.96833775, -87.65490369)",2019,1,Tuesday
10000976,AJ710181,2021-07-16 10:25:00,45XX N HALSTED ST,650,MOTOR VEHICLE THEFT,AUTOMOBILE,RETAIL STORE,False,False,122,14,3.0,32.0,16,1194167.0,1928665.0,2021,2021-08-03 10:25:00,41.84705365,-87.5133007,"(41.84705365, -87.5133007)",2021,7,Friday
10000977,HY574447,2017-09-22 15:02:00,69XX S BROADWAY,486,BATTERY,DOMESTIC BATTERY AGGRAVATED,PARKING LOT / GARAGE(NON.RESID.),False,True,1811,1,43.0,31.0,16,1182744.0,1926164.0,2017,2017-09-28 15:02:00,41.82426387,-87.74913208,"(41.82426387, -87.74913208)",2017,9,Friday
10000978,PQ565482,2019-11-17 12:17:00,53XX S GRAND AVE,610,BURGLARY,FORCIBLE ENTRY,RETAIL STORE,False,False,112,15,20.0,36.0,12,1158322.0,1889592.0,2019,2019-11-22 12:17:00,41.74823732,-87.5947328,"(41.74823732, -87.5947328)",2019,11,Sunday
10000979,GY349591,2023-11-23 17:45:00,49XX N NORTH AVE,650,MOTOR VEHICLE THEFT,AUTOMOBILE,ALLEY,False,False,812,8,6.0,42.0,19,1163957.0,1925323.0,2023,2023-12-04 17:45:00,41.88607834,-87.74120474,"(41.88607834, -87.74120474)",2023,11,Thursday
10000980,MH853502,2016-07-12 11:35:00,9XX S DIVISION ST,750,THEFT,THEFT $500 AND UNDER,COMMERCIAL / BUSINESS OFFICE,False,False,521,5,12.0,7.0,26,1152661.0,1880944.0,2016,2016-07-28 11:35:00,41.90210077,-87.56793862,"(41.90210077, -87.56793862)",2016,7,Tuesday
10000981,GG624243,2023-11-14 23:52:00,96XX W DIVISION ST,1240,NARCOTICS,POSS: HEROIN(WHITE),CTA TRAIN,False,True,1911,16,33.0,50.0,19,1186738.0,1923325.0,2023,2023-12-10 23:52:00,41.79576852,-87.77986884,"(41.79576852, -87.77986884)",2023,11,Tuesday
10000982,JC285002,2020-09-20 14:16:00,3XX E DIVISION ST,460,BATTERY,SIMPLE,ALLEY,True,True,121,4,24.0,18.0,20,1176384.0,1903653.0,2020,2020-10-05 14:16:00,41.86233166,-87.62850525,"(41.86233166, -87.62850525)",2020,9,Sunday
10000983,AD653968,2017-02-01 21:42:00,10XX W STATE ST,460,BATTERY,SIMPLE,CTA TRAIN,True,False,311,2,50.0,36.0,18,1199085.0,1914032.0,2017,2017-02-20 21:42:00,41.84061179,-87.78783282,"(41.69046915, -87.78783282)",2017,2,Wednesday
10000984,LA789154,2019-10-25 07:07:00,16XX S STATE ST,910,VANDALISM,CRIMINAL DAMAGE,VEHICLE NON-COMMERCIAL,False,True,1611,10,14.0,41.0,10,1174199.0,1908525.0,2019,2019-11-20 07:07:00,41.97265289,-87.79812827,"(41.97265289, -87.79812827)",2019,10,Friday
10000985,TG334986,2021-11-01 08:18:00,44XX N DIVISION ST,610,BURGLARY,FORCIBLE ENTRY,CONVENIENCE STORE,False,False,1121,3,12.0,53.0,10,1170085.0,1922346.0,2021,2021-11-09 08:18:00,41.84061179,-87.73350087,"(41.70297072, -87.73350087)",2021,11,Monday
10000986,ZJ752626,2022-09-07 22:35:00,59XX S COTTAGE GROVE AVE,320,ROBBERY,STRONGARM - NO WEAPON,BAR OR TAVERN,True,False,111,2,28.0,75.0,11,1154161.0,1891804.0,2022,2022-09-23 22:35:00,41.92178042,-87.50855862,"(41.92178042, -87.50855862)",2022,9,Wednesday
10000987,OD007933,2019-12-17 17:12:00,88XX E WESTERN AVE,730,THEFT,SHOPLIFTING,GAS STATION,True,False,521,4,46.0,68.0,19,1187493.0,1912729.0,2019,2019-12-22 17:12:00,41.80878345,-87.72047998,"(41.80878345, -87.72047998)",2019,12,Tuesday
10000988,LL617092,2017-04-11 19:00:00,99XX E CICERO AVE,510,ASSAULT,AGGRAVATED: HANDGUN,ALLEY,True,False,712,17,46.0,48.0,11,1177012.0,1872544.0,2017,2017-04-22 19:00:00,41.70588056,-87.62670833,"(41.70588056, -87.62670833)",2017,4,Tuesday
10000989,AS967857,2022-01-14 20:47:00,95XX S CICERO AVE,1200,NARCOTICS,POSS: CANNABIS 30GMS OR LESS,HOSPITAL BUILDING/GROUNDS,True,True,912,3,29.0,70.0,14,1151840.0,1898344.0,2022,2022-01-30 20:47:00,41.80357735,-87.66666505,"(41.80357735, -87.66666505)",2022,1,Friday
10000990,YJ049335,2015-04-25 16:45:00,95XX E PULASKI RD,1310,NARCOTICS,POSS: COCAINE,APARTMENT,True,False,113,9,47.0,39.0,04B,1199638.0,1878395.0,2015,2015-05-22 16:45:00,41.93043001,-87.71119541,"(41.93043001, -87.71119541)",2015,4,Saturday
10000991,PV056089,2022-06-03 20:26:00,56XX N HALSTED ST,320,ROBBERY,STRONGARM - NO WEAPON,PARK PROPERTY,True,False,122,5,41.0,50.0,07,1155877.0,1929188.0,2022,2022-06-04 20:26:00,41.94822229,-87.79400979,"(41.94822229, -87.79400979)",2022,6,Friday
10000992,LZ469365,2020-07-03 21:50:00,84XX W BROADWAY,750,THEFT,THEFT $500 AND UNDER,COMMERCIAL / BUSINESS OFFICE,True,False,1221,3,18.0,76.0,19,1155259.0,1876868.0,2020,2020-07-05 21:50:00,41.72883265,-87.5123456,"(41.72883265, -87.5123456)",2020,7,Friday
10000993,QE557445,2017-09-10 21:46:00,60XX E DIVISION ST,650,MOTOR VEHICLE THEFT,AUTOMOBILE,RETAIL STORE,False,False,711,20,48.0,59.0,12,1152435.0,1878553.0,2017,2017-10-07 21:46:00,41.87294343,-87.69448825,"(41.87294343, -87.69448825)",2017,9,Sunday
10000994,XL518104,2022-05-05 16:13:00,26XX N NORTH AVE,740,THEFT,THEFT OVER $500,VEHICLE NON-COMMERCIAL,False,False,2411,8,24.0,50.0,18,1188651.0,1917388.0,2022,2022-05-23 16:13:00,41.72725872,-87.69479962,"(41.72725872, -87.69479962)",2022,5,Thursday
10000995,MD115617,2015-06-12 12:25:00,36XX W CLARK ST,460,BATTERY,SIMPLE,"SCHOOL, PUBLIC, BUILDING",True,False,912,5,33.0,62.0,20,1158583.0,1860860.0,2015,2015-06-29 12:25:00,41.78944485,-87.67294229,"(41.78944485, -87.67294229)",2015,6,Friday
10000996,LF962622,2018-10-06 21:00:00,93XX W HALSTED ST,2830,CRIMINAL TRESPASS,TO RESIDENCE,RESIDENCE,False,False,1211,8,37.0,36.0,14,1198271.0,1905417.0,2018,2018-11-01 21:00:00,41.88451177,-87.70512026,"(41.88451177, -87.70512026)",2018,10,Saturday
10000997,ZU533729,2021-12-10 11:02:00,53XX W GRAND AVE,460,BATTERY,SIMPLE,RESTAURANT,False,False,912,7,25.0,76.0,04A,1162829.0,1865957.0,2021,2022-01-03 11:02:00,41.81531161,-87.53538187,"(41.81531161, -87.53538187)",2021,12,Friday
10000998,FE862492,2021-08-25 15:39:00,79XX W WESTERN AVE,5003,PUBLIC PEACE VIOLATION,DISORDERLY CONDUCT,BAR OR TAVERN,True,False,312,12,18.0,75.0,19,1153550.0,1893655.0,2021,2021-09-01 15:39:00,41.72204127,-87.64262855,"(41.72204127, -87.64262855)",2021,8,Wednesday
10000999,SU661224,2019-06-09 05:05:00,16XX S MADISON ST,730,THEFT,SHOPLIFTING,CTA BUS,False,False,1011,15,19.0,21.0,05,1170811.0,1863013.0,2019,2019-07-07 05:05:00,41.79029691,-87.70299969,"(41.79029691, -87.70299969)",2019,6,Sunday
10001000,ED270191,2018-10-26 20:16:00,46XX N NORTH AVE,560,ASSAULT,SIMPLE,CONVENIENCE STORE,True,False,1111,25,4.0,7.0,17,1199264.0,1854117.0,2018,2018-11-11 20:16:00,41.96790134,-87.64235316,"(41.96790134, -87.64235316)",2018,10,Friday
10001001,SW546675,2020-12-05 19:58:00,9XX E DIVISION ST,620,BURGLARY,UNLAWFUL ENTRY,GAS STATION,False,False,511,9,8.0,25.0,18,1157023.0,1877243.0,2020,2020-12-16 19:58:00,41.79789694,-87.55891432,"(41.79789694, -87.55891432)",2020,12,Saturday
10001002,PH130117,2016-02-25 18:10:00,91XX W PULASKI RD,1020,WEAPONS VIOLATION,UNLAWFUL POSS OF HANDGUN,RETAIL STORE,True,True,1611,20,39.0,35.0,26,1190778.0,1926918.0,2016,2016-03-15 18:10:00,41.69205195,-87.77477277,"(41.69205195, -87.77477277)",2016,2,Thursday
10001003,XI261937,2020-08-23 16:33:00,59XX E WESTERN AVE,910,VANDALISM,CRIMINAL DAMAGE,HOSPITAL BUILDING/GROUNDS,True,False,1811,14,24.0,39.0,11,1179992.0,1869783.0,2020,2020-09-05 16:33:00,41.82900534,-87.51815132,"(41.82900534, -87.51815132)",2020,8,Sunday
10001004,MC270128,2019-07-08 20:34:00,51XX S NORTH AVE,1310,NARCOTICS,POSS: COCAINE,RESTAURANT,True,False,411,6,16.0,38.0,08A,1157377.0,1908122.0,2019,2019-08-02 20:34:00,41.98185379,-87.58182018,"(41.98185379, -87.58182018)",2019,7,Monday
10001005,WB437802,2016-07-05 17:46:00,90XX W FULLERTON AVE,320,ROBBERY,STRONGARM - NO WEAPON,STREET,False,False,1811,24,41.0,76.0,16,1195497.0,1874190.0,2016,2016-07-12 17:46:00,41.95993132,-87.58750151,"(41.95993132, -87.58750151)",2016,7,Tuesday
10001006,MV797256,2020-07-12 22:09:00,86XX S COTTAGE GROVE AVE,320,ROBBERY,STRONGARM - NO WEAPON,SIDEWALK,True,False,621,16,9.0,45.0,17,1190541.0,1929103.0,2020,2020-07-22 22:09:00,41.95560882,-87.6689396,"(41.95560882, -87.6689396)",2020,7,Sunday
10001007,NP500451,2022-01-10 09:53:00,59XX S HALSTED ST,110,HOMICIDE,FIRST DEGREE MURDER,VEHICLE NON-COMMERCIAL,True,False,1711,19,42.0,55.0,10,1159032.0,1920112.0,2022,2022-01-25 09:53:00,41.84061179,-87.78808052,"(41.91127812, -87.78808052)",2022,1,Monday
10001008,JK910503,2022-05-08 00:30:00,26XX E GRAND AVE,750,THEFT,THEFT $500 AND UNDER,RESIDENCE,False,False,1911,1,47.0,72.0,11,1180471.0,1913389.0,2022,2022-05-20 00:30:00,41.85990271,-87.60241324,"(41.85990271, -87.60241324)",2022,5,Sunday
10001009,MI698443,2021-07-14 12:06:00,13XX N DIVISION ST,610,BURGLARY,FORCIBLE ENTRY,GAS STATION,False,False,811,7,46.0,5.0,26,1182972.0,1878350.0,2021,2021-07-21 12:06:00,41.71888023,-87.67595884,"(41.71888023, -87.67595884)",2021,7,Wednesday
10001010,JW678318,2016-07-04 14:44:00,57XX N CICERO AVE,510,ASSAULT,AGGRAVATED: HANDGUN,ALLEY,False,False,412,18,30.0,6.0,03,1177249.0,1861194.0,2016,2016-07-20 14:44:00,41.74174675,-87.61000972,"(41.74174675, -87.61000972)",2016,7,Monday
10001011,GY082453,2015-12-26 12:53:00,34XX N MICHIGAN AVE,800,ARSON,AGGRAVATED,STREET,False,False,1811,8,7.0,3.0,17,1186600.0,1876746.0,2015,2016-01-02 12:53:00,41.76222134,-87.651374465,"(41.76222134, -87.55507662)",2015,12,Saturday
10001012,RZ266273,2015-07-06 08:16:00,62XX N PULASKI RD,5003,PUBLIC PEACE VIOLATION,DISORDERLY CONDUCT,STREET,False,False,1411,3,28.0,71.0,17,1153211.0,1890235.0,2015,2015-07-20 08:16:00,41.87970076,-87.651374465,UNKNOWN,2015,7,Monday
10001013,PJ794647,2018-04-12 07:07:00,88XX S CICERO AVE,486,BATTERY,DOMESTIC BATTERY AGGRAVATED,BAR OR TAVERN,False,True,1221,11,24.0,43.0,20,1187991.0,1929880.0,2018,2018-04-20 07:07:00,41.7299474,-87.5837745,"(41.7299474, -87.5837745)",2018,4,Thursday
10001014,BN221235,2020-02-03 15:30:00,29XX W COTTAGE GROVE AVE,910,VANDALISM,CRIMINAL DAMAGE,RESIDENCE,False,False,511,16,24.0,9.0,17,1180323.0,1856721.0,2020,2020-02-27 15:30:00,41.71293697,-87.56304982,"(41.71293697, -87.56304982)",2020,2,Monday
10001015,GK132312,2020-08-04 22:37:00,25XX N MADISON ST,2830,CRIMINAL TRESPASS,TO RESIDENCE,RESIDENCE,True,False,113,14,50.0,40.0,18,1190242.0,1890799.0,2020,2020-08-26 22:37:00,41.72208301,-87.53708817,"(41.72208301, -87.53708817)",2020,8,Tuesday
10001016,RG984955,2015-02-04 08:03:00,45XX E CICERO AVE,560,ASSAULT,SIMPLE,CTA BUS,True,False,911,16,41.0,10.0,19,1194766.0,1878723.0,2015,2015-02-28 08:03:00,41.7737315,-87.78344905,"(41.7737315, -87.78344905)",2015,2,Wednesday
10001017,UH146509,2023-03-09 08:51:00,98XX N WESTERN AVE,650,MOTOR VEHICLE THEFT,AUTOMOBILE,APARTMENT,False,False,1221,2,48.0,5.0,14,1188451.0,1899484.0,2023,2023-03-13 08:51:00,41.69274466,-87.71683046,"(41.69274466, -87.71683046)",2023,3,Thursday
10001018,GE402270,2016-09-02 22:08:00,60XX W MICHIGAN AVE,2830,CRIMINAL TRESPASS,TO RESIDENCE,RETAIL STORE,False,False,121,10,20.0,64.0,15,1190260.0,1928372.0,2016,2016-09-27 22:08:00,41.81432842,-87.77535073,"(41.81432842, -87.77535073)",2016,9,Friday
10001019,KO208196,2021-09-26 20:43:00,95XX S CLARK ST,486,BATTERY,DOMESTIC BATTERY AGGRAVATED,BAR OR TAVERN,False,True,612,7,41.0,8.0,18,1190139.0,1885384.0,2021,2021-09-28 20:43:00,41.75827391,-87.50521633,"(41.75827391, -87.50521633)",2021,9,Sunday
10001020,XU408962,2019-03-03 07:50:00,26XX S CHICAGO AVE,910,VANDALISM,CRIMINAL DAMAGE,RESIDENCE,True,False,2411,6,30.0,48.0,08A,1162101.0,1910714.0,2019,2019-03-07 07:50:00,41.70706085,-87.72628085,"(41.70706085, -87.72628085)",2019,3,Sunday
10001021,ZI187492,2021-08-21 20:57:00,17XX S HALSTED ST,750,THEFT,THEFT $500 AND UNDER,VEHICLE NON-COMMERCIAL,True,True,1011,24,9.0,4.0,10,1160195.0,1912724.0,2021,2021-08-22 20:57:00,41.91110161,-87.60511543,"(41.91110161, -87.60511543)",2021,8,Saturday
10001022,NS601858,2018-07-04 18:39:00,69XX S NORTH AVE,2830,CRIMINAL TRESPASS,TO RESIDENCE,STREET,False,False,312,22,20.0,35.0,09,1166472.0,1866772.0,2018,2018-07-23 18:39:00,41.85018153,-87.54469445,"(41.85018153, -87.54469445)",2018,7,Wednesday
10001023,VJ789327,2022-10-12 10:42:00,66XX N GRAND AVE,5003,PUBLIC PEACE VIOLATION,DISORDERLY CONDUCT,CONVENIENCE STORE,False,False,1611,24,22.0,22.0,20,1152278.0,1889765.0,2022,2022-11-05 10:42:00,41.96781719,-87.65124879,"(41.96781719, -87.65124879)",2022,10,Wednesday
10001024,MP785986,2018-03-02 20:03:00,47XX E PULASKI RD,5003,PUBLIC PEACE VIOLATION,DISORDERLY CONDUCT,COMMERCIAL / BUSINESS OFFICE,False,False,1811,1,25.0,73.0,13,1156295.0,1909337.0,2018,2018-03-16 20:03:00,41.80705238,-87.63609899,"(41.80705238, -87.63609899)",2018,3,Friday
10001025,OK168142,2018-12-21 19:38:00,60XX N GRAND AVE,730,THEFT,SHOPLIFTING,STREET,False,False,121,2,6.0,56.0,08A,1157066.0,1900578.0,2018,2019-01-04 19:38:00,41.94633031,-87.5557222,"(41.94633031, -87.5557222)",2018,12,Friday
10001026,SI767368,2017-10-06 18:38:00,76XX E DIVISION ST,1020,WEAPONS VIOLATION,UNLAWFUL POSS OF HANDGUN,SIDEWALK,False,False,312,18,17.0,35.0,14,1171368.0,1912908.0,2017,2017-10-23 18:38:00,41.73658823,-87.52260585,"(41.73658823, -87.52260585)",2017,10,Friday
10001027,CK877207,2023-12-25 08:46:00,17XX W NORTH AVE,1200,NARCOTICS,POSS: CANNABIS 30GMS OR LESS,GROCERY FOOD STORE,False,False,312,18,15.0,17.0,20,1198249.0,1881531.0,2023,2023-12-29 08:46:00,41.69710054,-87.73601682,"(41.69710054, -87.73601682)",2023,12,Monday
10001028,UX471632,2016-07-10 19:51:00,92XX S GRAND AVE,750,THEFT,THEFT $500 AND UNDER,"SCHOOL, PUBLIC, BUILDING",False,False,113,19,46.0,21.0,15,1167825.0,1913451.0,2016,2016-07-15 19:51:00,41.89375128,-87.69844701,"(41.89375128, -87.69844701)",2016,7,Sunday
10001029,YO799380,2021-10-26 14:47:00,81XX E NORTH AVE,1200,NARCOTICS,POSS: CANNABIS 30GMS OR LESS,CONVENIENCE STORE,True,False,221,6,6.0,45.0,19,1158256.0,1890235.0,2021,2021-11-14 14:47:00,41.69042455,-87.66769322,"(41.69042455, -87.66769322)",2021,10,Tuesday
10001030,XH033876,2017-06-28 02:51:00,79XX W PULASKI RD,486,BATTERY,DOMESTIC BATTERY AGGRAVATED,GROCERY FOOD STORE,True,True,2511,12,4.0,61.0,04B,1191480.0,1868218.0,2017,2017-07-17 02:51:00,41.75988165,-87.66521235,UNKNOWN,2017,6,Wednesday
10001031,UD288985,2015-08-29 15:11:00,32XX E DIVISION ST,650,MOTOR VEHICLE THEFT,AUTOMOBILE,GROCERY FOOD STORE,False,False,211,19,42.0,62.0,05,1187629.0,1890235.0,2015,2015-08-30 15:11:00,41.72637159,-87.651374465,"(41.72637159, -87.62469703)",2015,8,Saturday
10001032,MJ743590,2020-11-23 16:50:00,7XX W DIVISION ST,510,ASSAULT,AGGRAVATED: HANDGUN,SIDEWALK,False,True,122,1,39.0,37.0,01A,1156088.0,1867682.0,2020,2020-12-07 16:50:00,41.97642308,-87.57972646,"(41.97642308, -87.57972646)",2020,11,Monday
10001033,XR691436,2018-04-08 18:08:00,84XX E MADISON ST,460,BATTERY,SIMPLE,OTHER,True,False,812,6,33.0,55.0,07,1151968.0,1913458.0,2018,2018-04-23 18:08:00,41.77640978,-87.59306039,"(41.77640978, -87.59306039)",2018,4,Sunday
10001034,YC384692,2019-03-27 15:02:00,58XX E HALSTED ST,460,BATTERY,SIMPLE,CTA BUS,False,False,1111,19,44.0,72.0,09,1191796.0,1878792.0,2019,2019-04-11 15:02:00,41.94946671,-87.591058,"(41.94946671, -87.591058)",2019,3,Wednesday
10001035,LH453054,2016-10-17 11:13:00,70XX N CLARK ST,320,ROBBERY,STRONGARM - NO WEAPON,COMMERCIAL / BUSINESS OFFICE,False,False,911,4,28.0,35.0,13,1162934.0,1869747.0,2016,2016-11-15 11:13:00,41.98950271,-87.52210935,"(41.98950271, -87.52210935)",2016,10,Monday
10001036,LN571271,2017-06-22 18:46:00,1XX N MADISON ST,750,THEFT,THEFT $500 AND UNDER,PARK PROPERTY,True,False,1511,17,26.0,44.0,07,1199450.0,1862343.0,2017,2017-06-28 18:46:00,41.95730776,-87.50293254,"(41.95730776, -87.50293254)",2017,6,Thursday
10001037,PI756694,2021-01-11 10:41:00,84XX S ASHLAND AVE,910,VANDALISM,CRIMINAL DAMAGE,CTA BUS,True,False,112,2,45.0,27.0,09,1162294.0,1900949.0,2021,2021-01-31 10:41:00,41.71195244,-87.52693542,"(41.71195244, -87.52693542)",2021,1,Monday
10001038,OC789294,2016-02-11 20:50:00,37XX S NORTH AVE,486,BATTERY,DOMESTIC BATTERY AGGRAVATED,RESIDENCE,False,True,121,8,29.0,5.0,08B,1193384.0,1889056.0,2016,2016-02-19 20:50:00,41.90997669,-87.77619654,"(41.90997669, -87.77619654)",2016,2,Thursday
10001039,CT544761,2019-03-15 20:27:00,81XX N CLARK ST,750,THEFT,THEFT $500 AND UNDER,PARKING LOT / GARAGE(NON.RESID.),False,False,711,4,34.0,20.0,07,1174451.0,1878923.0,2019,2019-03-29 20:27:00,41.78228185,-87.71778386,"(41.78228185, -87.71778386)",2019,3,Friday
10001040,BV619630,2016-05-17 12:50:00,54XX W FULLERTON AVE,620,BURGLARY,UNLAWFUL ENTRY,HOSPITAL BUILDING/GROUNDS,False,False,511,1,30.0,16.0,10,1163655.0,1890916.0,2016,2016-05-18 12:50:00,41.89881203,-87.7131595,"(41.89881203, -87.7131595)",2016,5,Tuesday
10001041,NT365389,2022-04-28 14:58:00,46XX S MICHIGAN AVE,1310,NARCOTICS,POSS: COCAINE,GROCERY FOOD STORE,False,False,912,25,29.0,52.0,16,1174032.0,1881523.0,2022,2022-05-24 14:58:00,41.80546006,-87.54160168,"(41.80546006, -87.54160168)",2022,4,Thursday
10001042,QL603438,2016-08-11 15:19:00,69XX W CICERO AVE,750,THEFT,THEFT $500 AND UNDER,COMMERCIAL / BUSINESS OFFICE,False,False,111,9,10.0,22.0,18,1170707.0,1898585.0,2016,2016-09-04 15:19:00,41.85620317,-87.59229751,"(41.85620317, -87.59229751)",2016,8,Thursday
10001043,JS351016,2021-05-10 20:15:00,67XX W MADISON ST,312,ROBBERY,ARMED: HANDGUN,GROCERY FOOD STORE,False,False,221,1,6.0,14.0,09,1162579.0,1892542.0,2021,2021-05-18 20:15:00,41.89057517,-87.6798549,"(41.89057517, -87.6798549)",2021,5,Monday
10001044,RB693696,2022-04-17 16:45:00,70XX E DIVISION ST,850,DECEPTIVE PRACTICE,FRAUD,COMMERCIAL / BUSINESS OFFICE,False,False,812,3,43.0,31.0,06,1198668.0,1869795.0,2022,2022-05-17 16:45:00,41.81726419,-87.61471158,"(41.81726419, -87.61471158)",2022,4,Sunday
10001045,CW198407,2022-02-09 15:45:00,56XX W STATE ST,650,MOTOR VEHICLE THEFT,AUTOMOBILE,OTHER,False,False,1811,20,13.0,51.0,06,1174262.0,1897188.0,2022,2022-02-15 15:45:00,41.84061179,-87.54904702,"(41.94800176, -87.54904702)",2022,2,Wednesday
10001046,AK427693,2016-10-12 07:08:00,54XX S ASHLAND AVE,510,ASSAULT,AGGRAVATED: HANDGUN,RETAIL STORE,True,False,2011,12,41.0,10.0,08A,1158576.0,1874379.0,2016,2016-10-16 07:08:00,41.79555287,-87.56104708,UNKNOWN,2016,10,Wednesday
10001047,MJ772895,2015-08-08 18:20:00,25XX E STATE ST,486,BATTERY,DOMESTIC BATTERY AGGRAVATED,COMMERCIAL / BUSINESS OFFICE,True,True,711,22,49.0,68.0,08B,1157057.0,1872646.0,2015,2015-08-19 18:20:00,41.77209632,-87.75211251,"(41.77209632, -87.75211251)",2015,8,Saturday
10001048,LI401393,2021-12-13 01:30:00,83XX S FULLERTON AVE,1020,WEAPONS VIOLATION,UNLAWFUL POSS OF HANDGUN,SIDEWALK,False,False,611,25,36.0,23.0,19,1187824.0,1889117.0,2021,2021-12-17 01:30:00,41.76245785,-87.52141522,"(41.76245785, -87.52141522)",2021,12,Monday
10001049,VF201679,2021-07-04 10:49:00,13XX S CLARK ST,486,BATTERY,DOMESTIC BATTERY AGGRAVATED,GAS STATION,True,True,411,5,39.0,35.0,19,1153448.0,1854709.0,2021,2021-07-23 10:49:00,41.70530129,-87.75834923,"(41.70530129, -87.75834923)",2021,7,Sunday
10001050,YU074690,2016-06-23 17:38:00,41XX W HALSTED ST,1020,WEAPONS VIOLATION,UNLAWFUL POSS OF HANDGUN,PARK PROPERTY,False,True,221,2,15.0,58.0,10,1162121.0,1905745.0,2016,2016-07-21 17:38:00,41.84061179,-87.69600878,"(41.9859191, -87.69600878)",2016,6,Thursday
10001051,MD993534,2019-06-02 11:13:00,89XX N STATE ST,620,BURGLARY,UNLAWFUL ENTRY,UNKNOWN,False,False,511,9,19.0,33.0,05,1179411.0,1870230.0,2019,2019-06-15 11:13:00,41.85902814,-87.56168537,"(41.85902814, -87.56168537)",2019,6,Sunday
10001052,XH344534,2017-06-13 09:48:00,83XX W GRAND AVE,5003,PUBLIC PEACE VIOLATION,DISORDERLY CONDUCT,UNKNOWN,False,False,113,7,3.0,2.0,12,1198773.0,1877368.0,2017,2017-06-25 09:48:00,41.88968045,-87.73648808,"(41.88968045, -87.73648808)",2017,6,Tuesday
10001053,UV453759,2023-11-06 23:42:00,66XX E WESTERN AVE,1310,NARCOTICS,POSS: COCAINE,CTA TRAIN,True,False,812,18,26.0,9.0,03,1165630.0,1866321.0,2023,2023-11-20 23:42:00,41.7502088,-87.76367377,"(41.7502088, -87.76367377)",2023,11,Monday
10001054,JX681623,2018-07-13 08:36:00,94XX E MADISON ST,265,CRIM SEXUAL ASSAULT,AGGRAVATED: OTHER,UNKNOWN,True,False,1711,14,48.0,35.0,03,1198538.0,1860230.0,2018,2018-08-09 08:36:00,41.69261142,-87.75207324,"(41.69261142, -87.75207324)",2018,7,Friday
10001055,PJ096958,2015-11-14 10:31:00,25XX S COTTAGE GROVE AVE,750,THEFT,THEFT $500 AND UNDER,APARTMENT,True,False,312,6,38.0,72.0,20,1157430.0,1921399.0,2015,2015-11-19 10:31:00,41.75009482,-87.60848773,"(41.75009482, -87.60848773)",2015,11,Saturday
10001056,PR298653,2020-03-31 16:13:00,56XX W NORTH AVE,1240,NARCOTICS,POSS: HEROIN(WHITE),BAR OR TAVERN,True,False,1022,25,19.0,64.0,11,1175288.0,1874856.0,2020,2020-04-22 16:13:00,41.70508923,-87.50690302,"(41.70508923, -87.50690302)",2020,3,Tuesday
10001057,SW986197,2023-10-30 18:10:00,63XX S BROADWAY,740,THEFT,THEFT OVER $500,ALLEY,False,False,1011,17,12.0,49.0,05,1157137.0,1885834.0,2023,2023-11-18 18:10:00,41.75321454,-87.52606896,"(41.75321454, -87.52606896)",2023,10,Monday
10001058,HG820297,2016-03-07 04:06:00,90XX W COTTAGE GROVE AVE,610,BURGLARY,FORCIBLE ENTRY,OTHER,False,False,211,10,39.0,50.0,15,1175107.0,1893911.0,2016,2016-04-06 04:06:00,41.95102667,-87.68124332,"(41.95102667, -87.68124332)",2016,3,Monday
10001059,MM929507,2018-01-23 04:35:00,9XX S PULASKI RD,312,ROBBERY,ARMED: HANDGUN,ALLEY,False,False,212,8,45.0,31.0,17,1159530.0,1887513.0,2018,2018-02-10 04:35:00,41.72639154,-87.62620936,UNKNOWN,2018,1,Tuesday
10001060,EB259401,2016-09-19 10:06:00,76XX S HALSTED ST,1020,WEAPONS VIOLATION,UNLAWFUL POSS OF HANDGUN,OTHER,True,False,412,5,26.0,10.0,01A,1183944.0,1873287.0,2016,2016-10-01 10:06:00,41.88114792,-87.59428002,"(41.88114792, -87.59428002)",2016,9,Monday
10001061,WN228943,2021-06-14 18:00:00,97XX S BROADWAY,1110,SEX OFFENSE,CRIMINAL SEXUAL ABUSE,RETAIL STORE,False,False,2211,1,45.0,14.0,06,1193440.0,1917431.0,2021,2021-06-15 18:00:00,41.71375474,-87.66112593,"(41.71375474, -87.66112593)",2021,6,Monday
10001062,QO181360,2021-03-12 15:08:00,94XX S BROADWAY,1240,NARCOTICS,POSS: HEROIN(WHITE),VEHICLE NON-COMMERCIAL,False,True,113,5,35.0,24.0,16,1186638.0,1891573.0,2021,2021-03-28 15:08:00,41.87697337,-87.60296337,"(41.87697337, -87.60296337)",2021,3,Friday
10001063,RC745149,2019-04-24 09:09:00,22XX W FULLERTON AVE,740,THEFT,THEFT OVER $500,HOSPITAL BUILDING/GROUNDS,True,False,521,2,11.0,12.0,06,1158281.0,1926365.0,2019,2019-05-15 09:09:00,41.85919985,-87.58233601,"(41.85919985, -87.58233601)",2019,4,Wednesday
10001064,YA705703,2017-11-16 19:27:00,83XX N BROADWAY,730,THEFT,SHOPLIFTING,GAS STATION,False,False,321,8,26.0,3.0,06,1190345.0,1925425.0,2017,2017-12-01 19:27:00,41.77965991,-87.65500177,"(41.77965991, -87.65500177)",2017,11,Thursday
10001065,YG380944,2023-10-07 15:16:00,38XX N MADISON ST,910,VANDALISM,CRIMINAL DAMAGE,CTA BUS,False,False,121,16,40.0,63.0,20,1182520.0,1881416.0,2023,2023-10-21 15:16:00,41.90782312,-87.5011434,"(41.90782312, -87.5011434)",2023,10,Saturday
10001066,HK066884,2016-06-18 01:06:00,47XX N COTTAGE GROVE AVE,510,ASSAULT,AGGRAVATED: HANDGUN,RESIDENCE,True,False,612,6,5.0,25.0,02,1153649.0,1899436.0,2016,2016-06-21 01:06:00,41.94494956,-87.63975096,"(41.94494956, -87.63975096)",2016,6,Saturday
10001067,XC788347,2020-09-20 16:12:00,32XX N STATE ST,460,BATTERY,SIMPLE,CTA BUS,False,False,612,25,6.0,21.0,03,1181735.0,1893441.0,2020,2020-10-11 16:12:00,41.8880733,-87.79242805,"(41.8880733, -87.79242805)",2020,9,Sunday
10001068,GZ935141,2015-06-09 17:50:00,86XX S MICHIGAN AVE,740,THEFT,THEFT OVER $500,PARKING LOT / GARAGE(NON.RESID.),True,False,812,16,28.0,40.0,04B,1189926.0,1860314.0,2015,2015-06-13 17:50:00,41.9510005,-87.65998963,"(41.9510005, -87.65998963)",2015,6,Tuesday
10001069,SG865447,2020-04-26 20:23:00,88XX N COTTAGE GROVE AVE,750,THEFT,THEFT $500 AND UNDER,RETAIL STORE,False,False,1221,18,32.0,23.0,14,1181431.0,1877156.0,2020,2020-05-19 20:23:00,41.95292226,-87.74294768,"(41.95292226, -87.74294768)",2020,4,Sunday
10001070,VW896014,2023-02-08 19:50:00,32XX E CICERO AVE,750,THEFT,THEFT $500 AND UNDER,STREET,True,False,2411,12,9.0,31.0,14,1158301.0,1927697.0,2023,2023-03-02 19:50:00,41.81489238,-87.66380786,"(41.81489238, -87.66380786)",2023,2,Wednesday
10001071,FW901382,2018-11-07 09:55:00,47XX N BROADWAY,510,ASSAULT,AGGRAVATED: HANDGUN,GAS STATION,False,False,1711,7,26.0,22.0,10,1151607.0,1872075.0,2018,2018-11-21 09:55:00,41.75514479,-87.69066887,"(41.75514479, -87.69066887)",2018,11,Wednesday
10001072,RH589142,2022-01-05 19:24:00,79XX S CLARK ST,486,BATTERY,DOMESTIC BATTERY AGGRAVATED,OTHER,True,True,122,18,8.0,47.0,19,1170393.0,1910194.0,2022,2022-01-13 19:24:00,41.72337304,-87.50638925,"(41.72337304, -87.50638925)",2022,1,Wednesday
10001073,VO279051,2015-09-08 15:51:00,7XX E GRAND AVE,486,BATTERY,DOMESTIC BATTERY AGGRAVATED,RETAIL STORE,True,True,1711,9,24.0,10.0,07,1158871.0,1904989.0,2015,2015-09-12 15:51:00,41.77338774,-87.53496701,"(41.77338774, -87.53496701)",2015,9,Tuesday
10001074,TX681809,2017-04-22 19:52:00,81XX W CICERO AVE,800,ARSON,AGGRAVATED,STREET,False,False,111,3,18.0,40.0,18,1151324.0,1914720.0,2017,2017-05-13 19:52:00,41.8671014,-87.76573044,UNKNOWN,2017,4,Saturday
10001075,QC158275,2016-03-16 21:20:00,80XX W CICERO AVE,730,THEFT,SHOPLIFTING,STREET,False,True,211,5,47.0,25.0,16,1195518.0,1888447.0,2016,2016-03-17 21:20:00,41.76629582,-87.78418903,"(41.76629582, -87.78418903)",2016,3,Wednesday
10001076,SJ359358,2017-12-06 09:59:00,32XX W HALSTED ST,740,THEFT,THEFT OVER $500,GAS STATION,False,False,211,24,5.0,37.0,05,1173784.0,1917375.0,2017,2017-12-08 09:59:00,41.76721646,-87.79584786,"(41.76721646, -87.79584786)",2017,12,Wednesday
10001077,JF261028,2021-08-26 10:21:00,40XX N STATE ST,320,ROBBERY,STRONGARM - NO WEAPON,"SCHOOL, PUBLIC, BUILDING",False,False,1411,17,31.0,74.0,14,1169497.0,1884763.0,2021,2021-09-06 10:21:00,41.85039265,-87.55045509,"(41.85039265, -87.55045509)",2021,8,Thursday
10001078,CH363821,2021-12-10 18:24:00,22XX N STATE ST,510,ASSAULT,AGGRAVATED: HANDGUN,UNKNOWN,False,False,511,1,40.0,54.0,03,1195337.0,1876132.0,2021,2021-12-24 18:24:00,41.96216052,-87.68216126,"(41.96216052, -87.68216126)",2021,12,Friday
10001079,LF828739,2017-08-17 12:23:00,88XX E MADISON ST,5003,PUBLIC PEACE VIOLATION,DISORDERLY CONDUCT,RESIDENCE,False,False,611,11,11.0,36.0,12,1151903.0,1885780.0,2017,2017-08-25 12:23:00,41.90896884,-87.62278709,"(41.90896884, -87.62278709)",2017,8,Thursday
10001080,UK289500,2022-03-07 04:42:00,42XX S PULASKI RD,1310,NARCOTICS,POSS: COCAINE,BAR OR TAVERN,False,False,321,11,50.0,22.0,12,1174984.0,1904852.0,2022,2022-03-23 04:42:00,41.88036085,-87.74745324,"(41.88036085, -87.74745324)",2022,3,Monday
10001081,EH014125,2016-06-11 11:26:00,49XX S MADISON ST,460,BATTERY,SIMPLE,PARK PROPERTY,False,False,521,11,31.0,41.0,14,1183785.0,1898661.0,2016,2016-06-30 11:26:00,41.71075719,-87.50204285,"(41.71075719, -87.50204285)",2016,6,Saturday
10001082,ZT608206,2020-01-13 08:11:00,7XX S PULASKI RD,740,THEFT,THEFT OVER $500,CTA TRAIN,False,True,511,14,23.0,25.0,11,1174984.0,1856802.0,2020,2020-02-03 08:11:00,41.72072289,-87.51366546,"(41.72072289, -87.51366546)",2020,1,Monday
10001083,IY332602,2021-01-22 04:10:00,59XX S DIVISION ST,850,DECEPTIVE PRACTICE,FRAUD,SIDEWALK,False,False,611,3,3.0,75.0,13,1174933.0,1886614.0,2021,2021-02-13 04:10:00,41.98293226,-87.52045948,"(41.98293226, -87.52045948)",2021,1,Friday
10001084,RZ363700,2015-07-26 08:39:00,11XX S CHICAGO AVE,5003,PUBLIC PEACE VIOLATION,DISORDERLY CONDUCT,APARTMENT,True,True,511,20,21.0,48.0,19,1159607.0,1869959.0,2015,2015-08-02 08:39:00,41.87548065,-87.57466772,"(41.87548065, -87.57466772)",2015,7,Sunday
10001085,SV521243,2016-05-20 19:19:00,85XX S GRAND AVE,730,THEFT,SHOPLIFTING,ALLEY,True,False,321,18,31.0,56.0,08A,1178124.0,1869574.0,2016,2016-05-30 19:19:00,41.98357401,-87.51224489,"(41.98357401, -87.51224489)",2016,5,Friday
10001086,YJ760753,2020-02-03 15:07:00,76XX E CHICAGO AVE,650,MOTOR VEHICLE THEFT,AUTOMOBILE,RETAIL STORE,False,False,1811,12,35.0,24.0,26,1179587.0,1921227.0,2020,2020-02-09 15:07:00,41.8578018,-87.651374465,"(41.8578018, -87.5317965)",2020,2,Monday
10001087,DR397674,2019-02-26 09:55:00,77XX E STATE ST,560,ASSAULT,SIMPLE,GAS STATION,False,False,1811,18,25.0,64.0,14,1175105.0,1887594.0,2019,2019-03-03 09:55:00,41.95717382,-87.5637611,"(41.95717382, -87.5637611)",2019,2,Tuesday
10001088,UT324842,2020-03-05 15:45:00,96XX W ASHLAND AVE,800,ARSON,AGGRAVATED,BAR OR TAVERN,False,False,621,24,32.0,31.0,01A,1154887.0,1903089.0,2020,2020-03-07 15:45:00,41.89187624,-87.76824624,"(41.89187624, -87.76824624)",2020,3,Thursday
10001089,WK989547,2020-08-18 12:05:00,87XX W HALSTED ST,510,ASSAULT,AGGRAVATED: HANDGUN,CTA TRAIN,False,False,1022,25,4.0,55.0,12,1155490.0,1876008.0,2020,2020-08-30 12:05:00,41.79425784,-87.57718532,"(41.79425784, -87.57718532)",2020,8,Tuesday
10001090,XL738634,2017-06-16 10:21:00,11XX S DIVISION ST,5003,PUBLIC PEACE VIOLATION,DISORDERLY CONDUCT,CONVENIENCE STORE,False,False,612,7,12.0,17.0,04B,1180349.0,1855390.0,2017,2017-06-30 10:21:00,41.84322795,-87.68804217,"(41.84322795, -87.68804217)",2017,6,Friday
10001091,GY125704,2017-07-08 05:10:00,55XX E ASHLAND AVE,312,ROBBERY,ARMED: HANDGUN,SIDEWALK,False,False,511,24,4.0,34.0,03,1167377.0,1895071.0,2017,2017-07-24 05:10:00,41.98676857,-87.74587072,"(41.98676857, -87.74587072)",2017,7,Saturday
10001092,QH758020,2020-11-16 13:22:00,59XX E NORTH AVE,650,MOTOR VEHICLE THEFT,AUTOMOBILE,STREET,False,True,312,14,1.0,54.0,14,1160304.0,1890235.0,2020,2020-11-24 13:22:00,41.74656894,-87.67484638,"(41.74656894, -87.67484638)",2020,11,Monday
10001093,RL875599,2022-12-15 14:55:00,2XX S MICHIGAN AVE,610,BURGLARY,FORCIBLE ENTRY,HOSPITAL BUILDING/GROUNDS,False,False,311,14,14.0,42.0,04B,1155796.0,1891188.0,2022,2023-01-07 14:55:00,41.79246219,-87.67605265,"(41.79246219, -87.67605265)",2022,12,Thursday
10001094,KW520266,2020-08-20 19:29:00,10XX S COTTAGE GROVE AVE,510,ASSAULT,AGGRAVATED: HANDGUN,OTHER,False,False,1022,22,2.0,27.0,15,1180833.0,1888412.0,2020,2020-09-05 19:29:00,41.80768487,-87.58398739,"(41.80768487, -87.58398739)",2020,8,Thursday
10001095,JN540773,2023-04-29 07:12:00,7XX S STATE ST,560,ASSAULT,SIMPLE,OTHER,False,False,311,9,48.0,44.0,09,1191523.0,1896563.0,2023,2023-05-04 07:12:00,41.89659884,-87.67563473,"(41.89659884, -87.67563473)",2023,4,Saturday
10001096,KJ599783,2020-09-10 16:10:00,53XX E GRAND AVE,510,ASSAULT,AGGRAVATED: HANDGUN,GAS STATION,True,False,811,1,46.0,10.0,03,1178717.0,1869687.0,2020,2020-10-10 16:10:00,41.82251518,-87.67590323,"(41.82251518, -87.67590323)",2020,9,Thursday
10001097,QA780886,2021-04-20 21:37:00,69XX W MADISON ST,560,ASSAULT,SIMPLE,PARK PROPERTY,False,False,811,10,13.0,33.0,16,1153841.0,1920512.0,2021,2021-05-15 21:37:00,41.98602565,-87.54096763,"(41.98602565, -87.54096763)",2021,4,Tuesday
10001098,AN594019,2019-02-02 22:48:00,86XX S DIVISION ST,1240,NARCOTICS,POSS: HEROIN(WHITE),VEHICLE NON-COMMERCIAL,False,False,221,7,25.0,2.0,09,1170753.0,1858486.0,2019,2019-02-21 22:48:00,41.73627029,-87.66209762,"(41.73627029, -87.66209762)",2019,2,Saturday
10001099,JR388854,2020-05-06 14:14:00,59XX N MICHIGAN AVE,750,THEFT,THEFT $500 AND UNDER,UNKNOWN,False,False,1211,6,2.0,26.0,01A,1168766.0,1883642.0,2020,2020-05-21 14:14:00,41.84098613,-87.50392189,UNKNOWN,2020,5,Wednesday
10001100,WI915184,2023-05-01 23:17:00,55XX N STATE ST,486,BATTERY,DOMESTIC BATTERY AGGRAVATED,CONVENIENCE STORE,False,True,1511,19,42.0,69.0,15,1187752.0,1891398.0,2023,2023-05-15 23:17:00,41.76232604,-87.60167559,"(41.76232604, -87.60167559)",2023,5,Monday
10001101,KX767287,2023-09-29 12:07:00,67XX E CLARK ST,5003,PUBLIC PEACE VIOLATION,DISORDERLY CONDUCT,COMMERCIAL / BUSINESS OFFICE,True,True,111,11,39.0,60.0,06,1194448.0,1852793.0,2023,2023-10-26 12:07:00,41.86397209,-87.78332132,"(41.86397209, -87.78332132)",2023,9,Friday
10001102,CX613375,2019-03-29 15:33:00,81XX N WESTERN AVE,850,DECEPTIVE PRACTICE,FRAUD,COMMERCIAL / BUSINESS OFFICE,False,False,111,5,7.0,26.0,10,1182737.0,1906778.0,2019,2019-04-06 15:33:00,41.88808863,-87.60877968,"(41.88808863, -87.60877968)",2019,3,Friday
10001103,XU802695,2022-08-30 10:49:00,94XX E HALSTED ST,2830,CRIMINAL TRESPASS,TO RESIDENCE,RETAIL STORE,False,False,1211,8,36.0,70.0,05,1199687.0,1880979.0,2022,2022-09-04 10:49:00,41.80675667,-87.67093822,"(41.80675667, -87.67093822)",2022,8,Tuesday
10001104,DF804438,2023-06-25 17:13:00,72XX N MADISON ST,265,CRIM SEXUAL ASSAULT,AGGRAVATED: OTHER,CTA BUS,True,False,111,22,44.0,58.0,08B,1150220.0,1859792.0,2023,2023-07-16 17:13:00,41.76270675,-87.74994677,"(41.76270675, -87.74994677)",2023,6,Sunday
10001105,JM456256,2023-07-24 03:14:00,27XX W MICHIGAN AVE,560,ASSAULT,SIMPLE,GAS STATION,False,False,811,5,34.0,57.0,01A,1195407.0,1869058.0,2023,2023-07-26 03:14:00,41.79725651,-87.61272627,"(41.79725651, -87.61272627)",2023,7,Monday
10001106,DK869783,2017-11-25 18:06:00,69XX S MADISON ST,740,THEFT,THEFT OVER $500,SIDEWALK,False,False,1211,10,21.0,30.0,15,1190338.0,1904233.0,2017,2017-12-18 18:06:00,41.82302073,-87.70986549,"(41.82302073, -87.70986549)",2017,11,Saturday
10001107,WF471454,2018-08-02 15:18:00,65XX S HALSTED ST,910,VANDALISM,CRIMINAL DAMAGE,RETAIL STORE,True,False,912,15,32.0,5.0,06,1150462.0,1898681.0,2018,2018-08-26 15:18:00,41.94969773,-87.50302858,"(41.94969773, -87.50302858)",2018,8,Thursday
10001108,NA689979,2017-09-27 12:56:00,18XX W PULASKI RD,320,ROBBERY,STRONGARM - NO WEAPON,PARK PROPERTY,True,True,1211,5,18.0,42.0,19,1186123.0,1918258.0,2017,2017-10-09 12:56:00,41.94907263,-87.53786308,"(41.94907263, -87.53786308)",2017,9,Wednesday
10001109,KC911615,2019-03-28 17:29:00,61XX W COTTAGE GROVE AVE,560,ASSAULT,SIMPLE,ALLEY,False,False,411,9,31.0,54.0,08A,1184226.0,1877563.0,2019,2019-04-21 17:29:00,41.84061179,-87.79262436,"(41.8797786, -87.79262436)",2019,3,Thursday
10001110,TB240911,2019-05-24 09:15:00,31XX N CLARK ST,1200,NARCOTICS,POSS: CANNABIS 30GMS OR LESS,GAS STATION,True,False,1611,20,17.0,13.0,15,1174984.0,1875463.0,2019,2019-06-15 09:15:00,41.77346143,-87.54700627,"(41.77346143, -87.54700627)",2019,5,Friday
10001111,HQ236585,2019-01-15 14:27:00,53XX E NORTH AVE,510,ASSAULT,AGGRAVATED: HANDGUN,COMMERCIAL / BUSINESS OFFICE,True,False,311,18,38.0,56.0,16,1176225.0,1863809.0,2019,2019-02-11 14:27:00,41.91174343,-87.68999419,"(41.91174343, -87.68999419)",2019,1,Tuesday
10001112,YS465876,2022-06-14 10:13:00,66XX N CICERO AVE,510,ASSAULT,AGGRAVATED: HANDGUN,RESIDENCE,False,False,112,14,13.0,32.0,04B,1187210.0,1927395.0,2022,2022-06-17 10:13:00,41.70256411,-87.65927316,"(41.70256411, -87.65927316)",2022,6,Tuesday
10001113,TN369918,2015-05-22 10:06:00,40XX N BROADWAY,620,BURGLARY,UNLAWFUL ENTRY,SIDEWALK,False,False,611,4,25.0,53.0,09,1176208.0,1879026.0,2015,2015-05-24 10:06:00,41.98541977,-87.5086717,"(41.98541977, -87.5086717)",2015,5,Friday
10001114,XD300345,2015-06-29 19:50:00,80XX N NORTH AVE,650,MOTOR VEHICLE THEFT,AUTOMOBILE,CONVENIENCE STORE,False,True,711,6,25.0,1.0,19,1183006.0,1865940.0,2015,2015-07-01 19:50:00,41.72117116,-87.721446,"(41.72117116, -87.721446)",2015,6,Monday
10001115,QJ160390,2022-08-30 11:57:00,88XX W COTTAGE GROVE AVE,650,MOTOR VEHICLE THEFT,AUTOMOBILE,CTA BUS,False,False,911,18,37.0,25.0,01A,1190012.0,1901379.0,2022,2022-09-06 11:57:00,41.94063757,-87.66172549,"(41.94063757, -87.66172549)",2022,8,Tuesday
10001116,JQ059314,2017-11-09 15:48:00,1XX S HALSTED ST,460,BATTERY,SIMPLE,APARTMENT,False,False,321,12,17.0,9.0,05,1187687.0,1896319.0,2017,2017-11-20 15:48:00,41.85572097,-87.75024968,"(41.85572097, -87.75024968)",2017,11,Thursday
10001117,GK195520,2015-08-22 15:14:00,6XX S FULLERTON AVE,850,DECEPTIVE PRACTICE,FRAUD,"SCHOOL, PUBLIC, BUILDING",True,False,122,5,18.0,77.0,10,1198210.0,1910032.0,2015,2015-09-14 15:14:00,41.76158294,-87.72588054,"(41.76158294, -87.72588054)",2015,8,Saturday
10001118,VI089541,2023-06-30 13:33:00,84XX N MADISON ST,750,THEFT,THEFT $500 AND UNDER,GAS STATION,False,False,1711,7,15.0,4.0,17,1182768.0,1916359.0,2023,2023-07-01 13:33:00,41.71880865,-87.63301247,"(41.71880865, -87.63301247)",2023,6,Friday
10001119,IY747549,2018-03-29 11:36:00,51XX E NORTH AVE,460,BATTERY,SIMPLE,"SCHOOL, PUBLIC, BUILDING",False,False,122,8,37.0,14.0,10,1151478.0,1906802.0,2018,2018-04-21 11:36:00,41.76542732,-87.58572304,"(41.76542732, -87.58572304)",2018,3,Thursday
10001120,FG341674,2021-04-05 07:00:00,37XX N BROADWAY,850,DECEPTIVE PRACTICE,FRAUD,PARKING LOT / GARAGE(NON.RESID.),False,False,511,15,34.0,77.0,19,1176673.0,1925529.0,2021,2021-04-12 07:00:00,41.9420582,-87.76017238,"(41.9420582, -87.76017238)",2021,4,Monday
10001121,AY735168,2019-10-17 09:30:00,79XX S CICERO AVE,5003,PUBLIC PEACE VIOLATION,DISORDERLY CONDUCT,UNKNOWN,True,False,312,3,30.0,41.0,05,1174374.0,1920912.0,2019,2019-11-03 09:30:00,41.71011677,-87.69850909,"(41.71011677, -87.69850909)",2019,10,Thursday
10001122,OK563793,2022-11-26 21:05:00,5XX E STATE ST,1020,WEAPONS VIOLATION,UNLAWFUL POSS OF HANDGUN,CTA BUS,False,False,712,9,40.0,63.0,13,1193471.0,1885962.0,2022,2022-11-29 21:05:00,41.9082542,-87.73948844,UNKNOWN,2022,11,Saturday
10001123,AW988574,2020-04-09 10:57:00,55XX E PULASKI RD,1310,NARCOTICS,POSS: COCAINE,RESIDENCE,False,False,212,19,47.0,75.0,09,1155475.0,1903954.0,2020,2020-04-22 10:57:00,41.91374548,-87.71199862,"(41.91374548, -87.71199862)",2020,4,Thursday
10001124,SO098518,2019-08-08 11:48:00,50XX E FULLERTON AVE,320,ROBBERY,STRONGARM - NO WEAPON,OTHER,False,False,1811,4,3.0,34.0,04B,1172462.0,1923032.0,2019,2019-08-11 11:48:00,41.85677951,-87.5858371,"(41.85677951, -87.5858371)",2019,8,Thursday
10001125,XF534441,2022-01-02 21:01:00,36XX S GRAND AVE,620,BURGLARY,UNLAWFUL ENTRY,RESTAURANT,False,False,911,18,19.0,13.0,26,1173259.0,1868152.0,2022,2022-01-23 21:01:00,41.79042036,-87.651374465,"(41.79042036, -87.68962704)",2022,1,Sunday
10001126,NE758734,2018-01-18 03:28:00,63XX S DIVISION ST,460,BATTERY,SIMPLE,RESTAURANT,False,False,611,15,3.0,20.0,18,1198449.0,1853228.0,2018,2018-01-30 03:28:00,41.70527484,-87.67315738,"(41.70527484, -87.67315738)",2018,1,Thursday
10001127,XX839716,2023-12-09 21:58:00,72XX S FULLERTON AVE,740,THEFT,THEFT OVER $500,CTA TRAIN,False,False,1111,17,45.0,25.0,13,1186638.0,1879298.0,2023,2023-12-29 21:58:00,41.78651085,-87.651374465,"(41.78651085, -87.71724221)",2023,12,Saturday
10001128,JM949857,2020-05-01 12:14:00,51XX W GRAND AVE,740,THEFT,THEFT OVER $500,SIDEWALK,False,False,321,1,17.0,8.0,20,1160048.0,1890235.0,2020,2020-05-24 12:14:00,41.70766172,-87.71194486,"(41.70766172, -87.71194486)",2020,5,Friday
10001129,TI939205,2022-10-23 15:36:00,57XX N ASHLAND AVE,750,THEFT,THEFT $500 AND UNDER,RESTAURANT,False,False,511,22,2.0,38.0,05,1173092.0,1860839.0,2022,2022-11-16 15:36:00,41.83612422,-87.58421311,"(41.83612422, -87.58421311)",2022,10,Sunday
10001130,AQ928170,2016-10-07 23:02:00,9XX S CLARK ST,910,VANDALISM,CRIMINAL DAMAGE,CTA TRAIN,False,True,1022,7,28.0,3.0,11,1151640.0,1915051.0,2016,2016-10-29 23:02:00,41.84061179,-87.589119,"(41.90300876, -87.589119)",2016,10,Friday
10001131,OB959412,2018-02-11 08:41:00,86XX N CHICAGO AVE,610,BURGLARY,FORCIBLE ENTRY,CTA BUS,False,False,521,15,37.0,36.0,16,1171716.0,1855862.0,2018,2018-02-15 08:41:00,41.97351427,-87.64982628,"(41.97351427, -87.64982628)",2018,2,Sunday
10001132,HD195895,2019-08-02 07:07:00,69XX W CLARK ST,460,BATTERY,SIMPLE,ALLEY,False,True,912,16,1.0,45.0,11,1197313.0,1852889.0,2019,2019-08-03 07:07:00,41.97920592,-87.75306814,UNKNOWN,2019,8,Friday
10001133,PF818288,2019-04-18 18:21:00,26XX W CLARK ST,510,ASSAULT,AGGRAVATED: HANDGUN,APARTMENT,False,False,211,12,5.0,47.0,17,1184739.0,1879058.0,2019,2019-05-10 18:21:00,41.8662137,-87.57341313,"(41.8662137, -87.57341313)",2019,4,Thursday
10001134,CN154650,2016-01-01 14:43:00,6XX N MICHIGAN AVE,320,ROBBERY,STRONGARM - NO WEAPON,OTHER,False,False,1121,3,21.0,20.0,13,1183757.0,1870936.0,2016,2016-01-14 14:43:00,41.93372236,-87.76174808,"(41.93372236, -87.76174808)",2016,1,Friday
10001135,WX552128,2022-04-07 19:46:00,66XX N MADISON ST,460,BATTERY,SIMPLE,STREET,True,False,1611,4,9.0,52.0,09,1150710.0,1918134.0,2022,2022-05-06 19:46:00,41.87044217,-87.79751421,"(41.87044217, -87.79751421)",2022,4,Thursday
10001136,AD619244,2018-10-29 22:33:00,73XX E DIVISION ST,110,HOMICIDE,FIRST DEGREE MURDER,RESTAURANT,True,False,2211,25,28.0,76.0,12,1153424.0,1882874.0,2018,2018-11-22 22:33:00,41.7216984,-87.7292259,"(41.7216984, -87.7292259)",2018,10,Monday
10001137,GC873937,2023-09-19 08:29:00,1XX S MICHIGAN AVE,610,BURGLARY,FORCIBLE ENTRY,CTA TRAIN,False,False,1911,9,40.0,66.0,11,1179940.0,1917778.0,2023,2023-10-16 08:29:00,41.96043608,-87.651374465,"(41.96043608, -87.58268584)",2023,9,Tuesday
10001138,UD124127,2021-12-29 13:03:00,73XX E PULASKI RD,610,BURGLARY,FORCIBLE ENTRY,CONVENIENCE STORE,False,True,1022,8,33.0,73.0,26,1169280.0,1920051.0,2021,2022-01-08 13:03:00,41.77120101,-87.78816059,"(41.77120101, -87.78816059)",2021,12,Wednesday
10001139,HV216535,2023-09-27 13:16:00,67XX S CHICAGO AVE,650,MOTOR VEHICLE THEFT,AUTOMOBILE,COMMERCIAL / BUSINESS OFFICE,False,False,1611,19,26.0,16.0,02,1162270.0,1920760.0,2023,2023-10-08 13:16:00,41.94657216,-87.73997672,"(41.94657216, -87.73997672)",2023,9,Wednesday
10001140,QM579199,2019-08-26 20:29:00,79XX E MADISON ST,1200,NARCOTICS,POSS: CANNABIS 30GMS OR LESS,PARKING LOT / GARAGE(NON.RESID.),True,True,1111,6,9.0,40.0,06,1195288.0,1859821.0,2019,2019-09-09 20:29:00,41.74220516,-87.651374465,"(41.74220516, -87.69786314)",2019,8,Monday
10001141,AF971587,2018-04-28 13:58:00,37XX S HALSTED ST,750,THEFT,THEFT $500 AND UNDER,COMMERCIAL / BUSINESS OFFICE,False,False,2011,5,48.0,50.0,19,1163878.0,1929518.0,2018,2018-04-29 13:58:00,41.9230835,-87.5999162,"(41.9230835, -87.5999162)",2018,4,Saturday
10001142,SU761991,2016-07-10 19:45:00,11XX W FULLERTON AVE,320,ROBBERY,STRONGARM - NO WEAPON,COMMERCIAL / BUSINESS OFFICE,True,False,711,4,6.0,8.0,01A,1192309.0,1863873.0,2016,2016-08-09 19:45:00,41.76509684,-87.57749622,"(41.76509684, -87.57749622)",2016,7,Sunday
10001143,ZF355374,2017-01-13 15:16:00,68XX E DIVISION ST,650,MOTOR VEHICLE THEFT,AUTOMOBILE,RETAIL STORE,False,True,121,16,44.0,44.0,08B,1167213.0,1857458.0,2017,2017-01-25 15:16:00,41.93135762,-87.64233792,"(41.93135762, -87.64233792)",2017,1,Friday
10001144,GQ099304,2022-10-05 21:49:00,88XX S MADISON ST,750,THEFT,THEFT $500 AND UNDER,CONVENIENCE STORE,False,False,2411,8,24.0,65.0,07,1185078.0,1907781.0,2022,2022-10-23 21:49:00,41.70679331,-87.68500437,"(41.70679331, -87.68500437)",2022,10,Wednesday
10001145,SI426906,2023-07-17 17:50:00,18XX N WESTERN AVE,850,DECEPTIVE PRACTICE,FRAUD,CONVENIENCE STORE,False,False,211,7,46.0,54.0,17,1189013.0,1876242.0,2023,2023-07-31 17:50:00,41.78767045,-87.58440599,"(41.78767045, -87.58440599)",2023,7,Monday
10001146,UC254401,2018-12-17 12:36:00,71XX N MICHIGAN AVE,1310,NARCOTICS,POSS: COCAINE,CONVENIENCE STORE,True,False,2011,17,44.0,60.0,02,1193256.0,1860811.0,2018,2019-01-06 12:36:00,41.87811325,-87.75388972,"(41.87811325, -87.75388972)",2018,12,Monday
10001147,WX296947,2019-12-29 07:44:00,85XX S FULLERTON AVE,320,ROBBERY,STRONGARM - NO WEAPON,RETAIL STORE,True,False,111,25,1.0,66.0,05,1174187.0,1864671.0,2019,2020-01-24 07:44:00,41.97202129,-87.64554669,"(41.97202129, -87.64554669)",2019,12,Sunday
10001148,UT540607,2023-05-02 12:11:00,33XX S NORTH AVE,110,HOMICIDE,FIRST DEGREE MURDER,OTHER,True,False,611,7,17.0,40.0,06,1183992.0,1889816.0,2023,2023-05-23 12:11:00,41.82898873,-87.59734603,"(41.82898873, -87.59734603)",2023,5,Tuesday
10001149,DV901922,2015-05-03 22:26:00,86XX E FULLERTON AVE,1020,WEAPONS VIOLATION,UNLAWFUL POSS OF HANDGUN,BAR OR TAVERN,False,False,113,25,37.0,77.0,14,1198967.0,1898339.0,2015,2015-05-06 22:26:00,41.80829842,-87.53378313,"(41.80829842, -87.53378313)",2015,5,Sunday
10001150,ER624394,2021-06-04 13:09:00,96XX N FULLERTON AVE,910,VANDALISM,CRIMINAL DAMAGE,RESIDENCE,False,False,1211,12,21.0,69.0,03,1150526.0,1927566.0,2021,2021-07-03 13:09:00,41.83688607,-87.70394722,"(41.83688607, -87.70394722)",2021,6,Friday
10001151,FA621970,2017-08-26 07:36:00,44XX W NORTH AVE,1200,NARCOTICS,POSS: CANNABIS 30GMS OR LESS,PARK PROPERTY,False,False,1022,6,29.0,43.0,18,1179153.0,1855090.0,2017,2017-09-08 07:36:00,41.86402829,-87.57138394,"(41.86402829, -87.57138394)",2017,8,Saturday
10001152,XX755544,2018-05-15 20:32:00,47XX S FULLERTON AVE,910,VANDALISM,CRIMINAL DAMAGE,GROCERY FOOD STORE,False,False,412,3,14.0,47.0,12,1183541.0,1869707.0,2018,2018-05-19 20:32:00,41.83292577,-87.61046239,"(41.83292577, -87.61046239)",2018,5,Tuesday
10001153,KO420045,2021-10-14 13:48:00,14XX S ASHLAND AVE,320,ROBBERY,STRONGARM - NO WEAPON,RESIDENCE,True,False,1911,4,21.0,38.0,26,1156364.0,1869782.0,2021,2021-11-03 13:48:00,41.83347744,-87.78511221,"(41.83347744, -87.78511221)",2021,10,Thursday
10001154,RI409406,2022-01-05 18:04:00,48XX E ASHLAND AVE,650,MOTOR VEHICLE THEFT,AUTOMOBILE,HOSPITAL BUILDING/GROUNDS,False,False,211,20,23.0,53.0,26,1180001.0,1862411.0,2022,2022-01-29 18:04:00,41.96215794,-87.69920102,"(41.96215794, -87.69920102)",2022,1,Wednesday
10001155,KR341510,2019-12-03 16:31:00,95XX W CLARK ST,910,VANDALISM,CRIMINAL DAMAGE,HOSPITAL BUILDING/GROUNDS,False,False,911,12,47.0,25.0,08B,1157832.0,1892099.0,2019,2019-12-07 16:31:00,41.81298222,-87.65467271,"(41.81298222, -87.65467271)",2019,12,Tuesday
10001156,UG402575,2018-06-25 20:22:00,54XX W FULLERTON AVE,560,ASSAULT,SIMPLE,VEHICLE NON-COMMERCIAL,True,True,1811,1,48.0,44.0,20,1178100.0,1901340.0,2018,2018-07-20 20:22:00,41.84893402,-87.7673383,"(41.84893402, -87.7673383)",2018,6,Monday
10001157,IE428423,2019-12-25 14:47:00,65XX N HALSTED ST,850,DECEPTIVE PRACTICE,FRAUD,ALLEY,False,False,1411,15,15.0,26.0,05,1184619.0,1923590.0,2019,2020-01-13 14:47:00,41.73686509,-87.54040727,"(41.73686509, -87.54040727)",2019,12,Wednesday
10001158,PC747336,2022-01-01 15:58:00,74XX E WESTERN AVE,1020,WEAPONS VIOLATION,UNLAWFUL POSS OF HANDGUN,BAR OR TAVERN,True,False,2411,20,28.0,21.0,01A,1198825.0,1882775.0,2022,2022-01-22 15:58:00,41.86624946,-87.66473095,"(41.86624946, -87.66473095)",2022,1,Saturday
10001159,IG424115,2019-01-23 15:15:00,32XX E COTTAGE GROVE AVE,486,BATTERY,DOMESTIC BATTERY AGGRAVATED,CTA BUS,False,True,612,24,40.0,69.0,12,1180046.0,1881224.0,2019,2019-01-27 15:15:00,41.76918381,-87.56220622,"(41.76918381, -87.56220622)",2019,1,Wednesday
10001160,JC233070,2020-10-27 15:23:00,2XX E BROADWAY,1200,NARCOTICS,POSS: CANNABIS 30GMS OR LESS,RETAIL STORE,True,False,521,20,43.0,69.0,17,1151423.0,1854778.0,2020,2020-11-12 15:23:00,41.86839464,-87.60822485,"(41.86839464, -87.60822485)",2020,10,Tuesday
10001161,ZE175955,2021-11-03 10:56:00,75XX N NORTH AVE,460,BATTERY,SIMPLE,GAS STATION,True,False,812,2,50.0,53.0,09,1168421.0,1925591.0,2021,2021-12-03 10:56:00,41.92743024,-87.53696529,"(41.92743024, -87.53696529)",2021,11,Wednesday
10001162,YZ776296,2019-10-07 11:37:00,85XX W MADISON ST,750,THEFT,THEFT $500 AND UNDER,PARKING LOT / GARAGE(NON.RESID.),False,False,2211,17,30.0,29.0,14,1169241.0,1852178.0,2019,2019-11-06 11:37:00,41.76417774,-87.66879658,UNKNOWN,2019,10,Monday
10001163,LD435899,2015-12-01 01:28:00,39XX N CHICAGO AVE,910,VANDALISM,CRIMINAL DAMAGE,RESTAURANT,False,False,312,8,46.0,24.0,18,1169290.0,1851255.0,2015,2015-12-21 01:28:00,41.84503811,-87.69631048,"(41.84503811, -87.69631048)",2015,12,Tuesday
10001164,LF637793,2015-05-21 23:42:00,80XX W ASHLAND AVE,560,ASSAULT,SIMPLE,STREET,False,False,812,10,1.0,64.0,09,1168228.0,1909332.0,2015,2015-06-07 23:42:00,41.89720478,-87.55807583,"(41.89720478, -87.55807583)",2015,5,Thursday
10001165,FC284109,2021-03-14 15:01:00,22XX E HALSTED ST,1200,NARCOTICS,POSS: CANNABIS 30GMS OR LESS,VEHICLE NON-COMMERCIAL,True,False,812,6,31.0,67.0,17,1155581.0,1928281.0,2021,2021-04-10 15:01:00,41.93426661,-87.56872788,"(41.93426661, -87.56872788)",2021,3,Sunday
10001166,UT731097,2020-10-14 22:27:00,73XX E GRAND AVE,1200,NARCOTICS,POSS: CANNABIS 30GMS OR LESS,CTA BUS,True,False,1022,6,13.0,69.0,10,1174037.0,1890235.0,2020,2020-10-29 22:27:00,41.70377837,-87.68027283,"(41.70377837, -87.68027283)",2020,10,Wednesday
10001167,QB021700,2023-05-25 16:39:00,38XX E FULLERTON AVE,610,BURGLARY,FORCIBLE ENTRY,RETAIL STORE,False,False,112,18,36.0,9.0,15,1157562.0,1877408.0,2023,2023-06-18 16:39:00,41.9317773,-87.64142045,"(41.9317773, -87.64142045)",2023,5,Thursday
10001168,OA651448,2015-12-19 13:23:00,6XX E MADISON ST,486,BATTERY,DOMESTIC BATTERY AGGRAVATED,STREET,False,True,521,14,28.0,12.0,02,1183178.0,1878503.0,2015,2016-01-09 13:23:00,41.69499377,-87.71735223,"(41.69499377, -87.71735223)",2015,12,Saturday
10001169,AS207261,2022-10-21 21:41:00,96XX N FULLERTON AVE,750,THEFT,THEFT $500 AND UNDER,OTHER,False,False,1022,18,3.0,29.0,15,1158237.0,1879025.0,2022,2022-11-17 21:41:00,41.77786439,-87.7579686,"(41.77786439, -87.7579686)",2022,10,Friday
10001170,TB592405,2017-11-30 13:37:00,2XX W WESTERN AVE,650,MOTOR VEHICLE THEFT,AUTOMOBILE,PARK PROPERTY,False,False,1911,19,2.0,35.0,08B,1158285.0,1875294.0,2017,2017-12-30 13:37:00,41.91099288,-87.65125544,"(41.91099288, -87.65125544)",2017,11,Thursday
10001171,WF145418,2018-04-19 13:06:00,30XX N ASHLAND AVE,1110,SEX OFFENSE,CRIMINAL SEXUAL ABUSE,COMMERCIAL / BUSINESS OFFICE,True,False,912,6,36.0,13.0,13,1169252.0,1862277.0,2018,2018-05-11 13:06:00,41.78765449,-87.52175594,"(41.78765449, -87.52175594)",2018,4,Thursday
10001172,YV292040,2015-09-03 18:41:00,36XX S NORTH AVE,312,ROBBERY,ARMED: HANDGUN,SIDEWALK,False,False,1221,22,29.0,16.0,02,1174801.0,1924626.0,2015,2015-09-20 18:41:00,41.71686544,-87.69894454,"(41.71686544, -87.69894454)",2015,9,Thursday
10001173,DP884597,2023-11-17 14:38:00,65XX W DIVISION ST,750,THEFT,THEFT $500 AND UNDER,ALLEY,False,True,2011,12,17.0,12.0,18,1174984.0,1853562.0,2023,2023-11-27 14:38:00,41.75575844,-87.58091185,"(41.75575844, -87.58091185)",2023,11,Friday
10001174,FG163853,2017-12-07 20:57:00,56XX S HALSTED ST,312,ROBBERY,ARMED: HANDGUN,GROCERY FOOD STORE,True,False,221,1,11.0,56.0,04B,1169269.0,1894558.0,2017,2017-12-16 20:57:00,41.73647674,-87.69403348,"(41.73647674, -87.69403348)",2017,12,Thursday
10001175,NC714428,2018-01-26 18:33:00,80XX S FULLERTON AVE,620,BURGLARY,UNLAWFUL ENTRY,CTA BUS,False,True,1211,6,45.0,2.0,20,1151630.0,1903116.0,2018,2018-02-25 18:33:00,41.80738748,-87.73834339,"(41.80738748, -87.73834339)",2018,1,Friday
10001176,JX187842,2016-05-21 17:54:00,26XX W FULLERTON AVE,1240,NARCOTICS,POSS: HEROIN(WHITE),APARTMENT,False,False,1221,14,35.0,58.0,03,1163424.0,1898845.0,2016,2016-05-31 17:54:00,41.73531458,-87.62744664,"(41.73531458, -87.62744664)",2016,5,Saturday
10001177,UR800328,2015-05-11 09:25:00,26XX N MADISON ST,460,BATTERY,SIMPLE,CTA TRAIN,False,False,1211,7,7.0,62.0,06,1177728.0,1892720.0,2015,2015-05-15 09:25:00,41.78072212,-87.5254583,"(41.78072212, -87.5254583)",2015,5,Monday
10001178,PC670417,2021-11-22 18:23:00,34XX N MADISON ST,1240,NARCOTICS,POSS: HEROIN(WHITE),RETAIL STORE,False,False,621,3,8.0,46.0,07,1195454.0,1878758.0,2021,2021-11-29 18:23:00,41.76229089,-87.65479275,"(41.76229089, -87.65479275)",2021,11,Monday
10001179,DB208884,2020-07-18 16:38:00,44XX N DIVISION ST,620,BURGLARY,UNLAWFUL ENTRY,PARK PROPERTY,False,False,1911,5,22.0,14.0,07,1182061.0,1925421.0,2020,2020-07-23 16:38:00,41.97748621,-87.67212153,"(41.97748621, -87.67212153)",2020,7,Saturday
10001180,MF590210,2019-09-28 16:26:00,6XX W CICERO AVE,5003,PUBLIC PEACE VIOLATION,DISORDERLY CONDUCT,OTHER,False,True,511,12,4.0,69.0,08B,1183680.0,1863116.0,2019,2019-10-28 16:26:00,41.8074,-87.52100337,"(41.8074, -87.52100337)",2019,9,Saturday
10001181,GM589172,2023-12-05 03:00:00,79XX S HALSTED ST,750,THEFT,THEFT $500 AND UNDER,CTA BUS,False,False,1511,6,42.0,37.0,15,1176171.0,1892740.0,2023,2023-12-26 03:00:00,41.95784377,-87.66533481,"(41.95784377, -87.66533481)",2023,12,Tuesday
10001182,VV572439,2017-10-16 16:54:00,7XX N FULLERTON AVE,312,ROBBERY,ARMED: HANDGUN,"SCHOOL, PUBLIC, BUILDING",True,True,711,10,32.0,48.0,16,1168050.0,1871461.0,2017,2017-11-14 16:54:00,41.85110153,-87.5637765,"(41.85110153, -87.5637765)",2017,10,Monday
10001183,ZS012834,2021-02-06 10:31:00,10XX S CHICAGO AVE,2830,CRIMINAL TRESPASS,TO RESIDENCE,APARTMENT,False,False,1221,2,1.0,64.0,19,1172190.0,1861584.0,2021,2021-02-18 10:31:00,41.70626349,-87.7435145,"(41.70626349, -87.7435145)",2021,2,Saturday
10001184,JH991046,2017-05-05 12:00:00,30XX S WESTERN AVE,460,BATTERY,SIMPLE,COMMERCIAL / BUSINESS OFFICE,True,False,1011,15,11.0,23.0,11,1163816.0,1910842.0,2017,2017-06-02 12:00:00,41.71317856,-87.6836785,"(41.71317856, -87.6836785)",2017,5,Friday
10001185,ML322911,2019-01-22 02:04:00,77XX E HALSTED ST,2830,CRIMINAL TRESPASS,TO RESIDENCE,BAR OR TAVERN,False,False,1111,1,1.0,43.0,10,1190128.0,1929819.0,2019,2019-02-11 02:04:00,41.7598251,-87.6925667,UNKNOWN,2019,1,Tuesday
10001186,SR331595,2018-04-22 17:12:00,92XX W FULLERTON AVE,320,ROBBERY,STRONGARM - NO WEAPON,BAR OR TAVERN,True,False,711,16,29.0,57.0,04B,1174918.0,1865331.0,2018,2018-05-04 17:12:00,41.70315345,-87.6587544,"(41.70315345, -87.6587544)",2018,4,Sunday
10001187,BR207882,2018-07-23 21:07:00,54XX W PULASKI RD,486,BATTERY,DOMESTIC BATTERY AGGRAVATED,APARTMENT,True,True,612,3,17.0,21.0,08B,1165587.0,1879140.0,2018,2018-07-26 21:07:00,41.77782879,-87.55821014,"(41.77782879, -87.55821014)",2018,7,Monday
10001188,FF096640,2023-04-21 20:12:00,14XX S GRAND AVE,750,THEFT,THEFT $500 AND UNDER,GAS STATION,False,False,1511,1,8.0,12.0,04A,1160314.0,1920147.0,2023,2023-04-30 20:12:00,41.84061179,-87.68391425,"(41.82845193, -87.68391425)",2023,4,Friday
10001189,FT197882,2023-09-08 21:59:00,16XX W CLARK ST,910,VANDALISM,CRIMINAL DAMAGE,GAS STATION,False,False,1022,11,19.0,17.0,03,1197963.0,1918144.0,2023,2023-10-02 21:59:00,41.95194459,-87.6341134,"(41.95194459, -87.6341134)",2023,9,Friday
10001190,PG943072,2015-09-13 18:57:00,45XX N MADISON ST,486,BATTERY,DOMESTIC BATTERY AGGRAVATED,VEHICLE NON-COMMERCIAL,True,True,211,10,9.0,10.0,18,1161215.0,1914535.0,2015,2015-10-12 18:57:00,41.843364,-87.67990059,UNKNOWN,2015,9,Sunday
10001191,TA456655,2015-05-19 20:41:00,96XX S WESTERN AVE,650,MOTOR VEHICLE THEFT,AUTOMOBILE,GAS STATION,False,False,511,10,7.0,13.0,12,1182093.0,1873248.0,2015,2015-06-15 20:41:00,41.88597931,-87.5205955,"(41.88597931, -87.5205955)",2015,5,Tuesday
10001192,LP065383,2022-10-19 18:40:00,78XX W CICERO AVE,750,THEFT,THEFT $500 AND UNDER,CONVENIENCE STORE,False,False,1511,9,41.0,37.0,19,1168555.0,1890235.0,2022,2022-11-16 18:40:00,41.76143538,-87.58935968,"(41.76143538, -87.58935968)",2022,10,Wednesday
10001193,MO554130,2023-05-21 07:20:00,46XX N CHICAGO AVE,312,ROBBERY,ARMED: HANDGUN,OTHER,True,True,1211,14,36.0,74.0,20,1151062.0,1907940.0,2023,2023-06-10 07:20:00,41.87604604,-87.7492544,"(41.87604604, -87.7492544)",2023,5,Sunday
10001194,CD984568,2018-01-08 03:44:00,7XX W PULASKI RD,486,BATTERY,DOMESTIC BATTERY AGGRAVATED,ALLEY,True,True,1511,24,25.0,23.0,19,1175526.0,1892619.0,2018,2018-02-01 03:44:00,41.95758189,-87.61657576,"(41.95758189, -87.61657576)",2018,1,Monday
10001195,DI468176,2022-12-11 20:33:00,64XX W PULASKI RD,1020,WEAPONS VIOLATION,UNLAWFUL POSS OF HANDGUN,PARKING LOT / GARAGE(NON.RESID.),False,False,221,12,26.0,55.0,05,1163060.0,1865158.0,2022,2023-01-08 20:33:00,41.89979118,-87.51260797,"(41.89979118, -87.51260797)",2022,12,Sunday
10001196,JW646963,2020-09-12 15:39:00,29XX N CHICAGO AVE,1110,SEX OFFENSE,CRIMINAL SEXUAL ABUSE,ALLEY,True,False,812,22,19.0,19.0,09,1183154.0,1917753.0,2020,2020-10-05 15:39:00,41.78878593,-87.6300275,"(41.78878593, -87.6300275)",2020,9,Saturday
10001197,JT084598,2022-08-21 20:04:00,61XX E PULASKI RD,5003,PUBLIC PEACE VIOLATION,DISORDERLY CONDUCT,SIDEWALK,False,True,611,20,10.0,11.0,01A,1182780.0,1854057.0,2022,2022-08-26 20:04:00,41.95644388,-87.77790434,"(41.95644388, -87.77790434)",2022,8,Sunday
10001198,QD918713,2023-10-22 11:48:00,57XX S FULLERTON AVE,910,VANDALISM,CRIMINAL DAMAGE,APARTMENT,True,False,712,17,4.0,74.0,16,1199199.0,1927995.0,2023,2023-11-02 11:48:00,41.72144803,-87.65598853,"(41.72144803, -87.65598853)",2023,10,Sunday
10001199,UL653333,2021-02-03 12:45:00,16XX N CICERO AVE,460,BATTERY,SIMPLE,CONVENIENCE STORE,True,False,1811,19,36.0,40.0,16,1194394.0,1914315.0,2021,2021-02-23 12:45:00,41.77349187,-87.60499308,"(41.77349187, -87.60499308)",2021,2,Wednesday
10001200,MP513434,2016-06-17 21:58:00,8XX S CLARK ST,910,VANDALISM,CRIMINAL DAMAGE,CTA TRAIN,False,True,221,19,47.0,13.0,09,1182595.0,1868587.0,2016,2016-06-26 21:58:00,41.85662181,-87.74624029,"(41.85662181, -87.74624029)",2016,6,Friday
10001201,ZP325478,2015-03-08 13:26:00,90XX N WESTERN AVE,486,BATTERY,DOMESTIC BATTERY AGGRAVATED,STREET,False,True,511,17,4.0,52.0,12,1189438.0,1855527.0,2015,2015-03-30 13:26:00,41.75987839,-87.77003924,"(41.75987839, -87.77003924)",2015,3,Sunday
10001202,VL614241,2022-04-25 10:26:00,13XX W COTTAGE GROVE AVE,486,BATTERY,DOMESTIC BATTERY AGGRAVATED,GAS STATION,False,True,121,19,38.0,18.0,04B,1175867.0,1853606.0,2022,2022-04-29 10:26:00,41.77603872,-87.651374465,"(41.77603872, -87.52413747)",2022,4,Monday
10001203,IZ395577,2017-06-15 13:58:00,71XX N CICERO AVE,750,THEFT,THEFT $500 AND UNDER,HOSPITAL BUILDING/GROUNDS,True,False,311,22,41.0,16.0,14,1186412.0,1899711.0,2017,2017-06-30 13:58:00,41.73767204,-87.53078718,"(41.73767204, -87.53078718)",2017,6,Thursday
10001204,MZ070767,2023-05-06 18:34:00,48XX E DIVISION ST,610,BURGLARY,FORCIBLE ENTRY,OTHER,False,False,612,3,47.0,58.0,03,1196327.0,1900867.0,2023,2023-05-31 18:34:00,41.98091987,-87.72191,"(41.98091987, -87.72191)",2023,5,Saturday
10001205,BH072363,2015-05-17 13:40:00,1XX N MICHIGAN AVE,1240,NARCOTICS,POSS: HEROIN(WHITE),RETAIL STORE,False,False,112,2,25.0,62.0,08A,1171669.0,1874746.0,2015,2015-06-04 13:40:00,41.92502839,-87.7184693,"(41.92502839, -87.7184693)",2015,5,Sunday
10001206,RC836351,2021-07-07 17:55:00,12XX N COTTAGE GROVE AVE,320,ROBBERY,STRONGARM - NO WEAPON,OTHER,False,True,811,14,28.0,18.0,03,1184834.0,1890235.0,2021,2021-07-17 17:55:00,41.97985678,-87.64089671,"(41.97985678, -87.64089671)",2021,7,Wednesday
10001207,UE254039,2020-07-29 11:40:00,81XX N CICERO AVE,730,THEFT,SHOPLIFTING,BAR OR TAVERN,False,False,1411,25,18.0,62.0,04A,1190927.0,1916652.0,2020,2020-08-12 11:40:00,41.88839119,-87.53657172,"(41.88839119, -87.53657172)",2020,7,Wednesday
10001208,YR247815,2023-07-07 09:43:00,81XX S CLARK ST,750,THEFT,THEFT $500 AND UNDER,GAS STATION,False,False,521,3,43.0,70.0,13,1189951.0,1869366.0,2023,2023-07-17 09:43:00,41.71019316,-87.77359451,"(41.71019316, -87.77359451)",2023,7,Friday
10001209,OQ423684,2018-06-06 01:00:00,83XX E FULLERTON AVE,265,CRIM SEXUAL ASSAULT,AGGRAVATED: OTHER,COMMERCIAL / BUSINESS OFFICE,False,False,812,25,20.0,50.0,04B,1194098.0,1913644.0,2018,2018-06-25 01:00:00,41.76652059,-87.67844683,"(41.76652059, -87.67844683)",2018,6,Wednesday
10001210,PX181562,2016-02-13 21:29:00,89XX N WESTERN AVE,730,THEFT,SHOPLIFTING,COMMERCIAL / BUSINESS OFFICE,False,False,2011,15,9.0,69.0,02,1174984.0,1882022.0,2016,2016-02-17 21:29:00,41.9320194,-87.67024083,"(41.9320194, -87.67024083)",2016,2,Saturday
10001211,HJ489099,2016-04-23 02:23:00,62XX W WESTERN AVE,730,THEFT,SHOPLIFTING,RESIDENCE,False,False,2211,24,28.0,28.0,13,1165150.0,1872197.0,2016,2016-05-21 02:23:00,41.81470092,-87.78607755,"(41.81470092, -87.78607755)",2016,4,Saturday
10001212,YY628690,2021-01-13 12:51:00,91XX W NORTH AVE,560,ASSAULT,SIMPLE,GAS STATION,False,False,511,5,24.0,50.0,09,1163454.0,1876930.0,2021,2021-01-24 12:51:00,41.84061179,-87.57610518,"(41.77013496, -87.57610518)",2021,1,Wednesday
10001213,AK460674,2023-03-25 15:33:00,21XX W NORTH AVE,1310,NARCOTICS,POSS: COCAINE,RESTAURANT,True,False,2011,5,31.0,50.0,08A,1185869.0,1896485.0,2023,2023-04-15 15:33:00,41.85689302,-87.78194263,"(41.85689302, -87.78194263)",2023,3,Saturday
10001214,PK943868,2015-07-09 05:30:00,54XX E HALSTED ST,320,ROBBERY,STRONGARM - NO WEAPON,ALLEY,True,False,911,14,7.0,56.0,04A,1162802.0,1872255.0,2015,2015-07-29 05:30:00,41.92427877,-87.59577104,"(41.92427877, -87.59577104)",2015,7,Thursday
10001215,GV481760,2020-09-18 08:03:00,99XX W BROADWAY,510,ASSAULT,AGGRAVATED: HANDGUN,UNKNOWN,True,False,1711,25,3.0,3.0,06,1186847.0,1851470.0,2020,2020-10-04 08:03:00,41.94499025,-87.70763783,"(41.94499025, -87.70763783)",2020,9,Friday
10001216,ZQ012870,2021-06-02 20:26:00,76XX E WESTERN AVE,460,BATTERY,SIMPLE,PARK PROPERTY,False,False,122,9,3.0,32.0,10,1195283.0,1871053.0,2021,2021-07-01 20:26:00,41.85598937,-87.50195104,"(41.85598937, -87.50195104)",2021,6,Wednesday
10001217,AZ147604,2017-02-12 16:13:00,42XX N CICERO AVE,320,ROBBERY,STRONGARM - NO WEAPON,RESIDENCE,False,False,321,17,23.0,37.0,19,1162066.0,1900224.0,2017,2017-03-08 16:13:00,41.76270095,-87.58414813,"(41.76270095, -87.58414813)",2017,2,Sunday
10001218,UW945445,2016-08-19 11:53:00,94XX E HALSTED ST,312,ROBBERY,ARMED: HANDGUN,RESIDENCE,False,False,611,24,20.0,40.0,07,1188114.0,1888993.0,2016,2016-09-09 11:53:00,41.97625077,-87.58439114,"(41.97625077, -87.58439114)",2016,8,Friday
10001219,DU272094,2023-11-28 13:11:00,59XX N HALSTED ST,750,THEFT,THEFT $500 AND UNDER,SIDEWALK,False,False,1511,10,7.0,41.0,01A,1151009.0,1856199.0,2023,2023-12-25 13:11:00,41.70505868,-87.79452513,"(41.70505868, -87.79452513)",2023,11,Tuesday
10001220,ZS219440,2015-09-16 18:01:00,89XX N HALSTED ST,5003,PUBLIC PEACE VIOLATION,DISORDERLY CONDUCT,"SCHOOL, PUBLIC, BUILDING",False,False,1611,4,26.0,42.0,02,1154581.0,1867511.0,2015,2015-10-15 18:01:00,41.94300332,-87.51368244,"(41.94300332, -87.51368244)",2015,9,Wednesday
10001221,YR294232,2017-05-22 10:38:00,10XX S COTTAGE GROVE AVE,460,BATTERY,SIMPLE,CTA TRAIN,False,False,211,24,43.0,6.0,05,1164471.0,1863744.0,2017,2017-06-07 10:38:00,41.71931199,-87.53565946,"(41.71931199, -87.53565946)",2017,5,Monday
10001222,SO398960,2021-01-31 19:53:00,96XX S HALSTED ST,730,THEFT,SHOPLIFTING,CONVENIENCE STORE,False,True,1911,17,6.0,9.0,09,1166948.0,1856632.0,2021,2021-02-09 19:53:00,41.92585286,-87.51294373,"(41.92585286, -87.51294373)",2021,1,Sunday
10001223,PG757773,2020-06-08 17:26:00,97XX N NORTH AVE,5003,PUBLIC PEACE VIOLATION,DISORDERLY CONDUCT,SIDEWALK,False,False,812,11,17.0,65.0,08A,1158457.0,1874769.0,2020,2020-06-10 17:26:00,41.79498126,-87.5487822,"(41.79498126, -87.5487822)",2020,6,Monday
10001224,GT029769,2016-02-02 13:23:00,49XX E STATE ST,740,THEFT,THEFT OVER $500,PARK PROPERTY,False,False,1511,1,5.0,73.0,16,1177832.0,1882119.0,2016,2016-02-20 13:23:00,41.79623629,-87.65296726,"(41.79623629, -87.65296726)",2016,2,Tuesday
10001225,DX096060,2016-05-22 10:42:00,93XX N BROADWAY,312,ROBBERY,ARMED: HANDGUN,RESTAURANT,False,False,1111,25,27.0,23.0,12,1164665.0,1870382.0,2016,2016-06-08 10:42:00,41.97420979,-87.66672645,"(41.97420979, -87.66672645)",2016,5,Sunday
10001226,SN089512,2019-05-23 14:06:00,59XX E WESTERN AVE,740,THEFT,THEFT OVER $500,CTA BUS,False,False,221,2,21.0,33.0,26,1174715.0,1851112.0,2019,2019-06-14 14:06:00,41.78673381,-87.79121117,"(41.78673381, -87.79121117)",2019,5,Thursday
10001227,TQ519497,2022-09-19 07:46:00,21XX W COTTAGE GROVE AVE,750,THEFT,THEFT $500 AND UNDER,BAR OR TAVERN,False,True,712,6,36.0,30.0,10,1179593.0,1862083.0,2022,2022-09-25 07:46:00,41.75159049,-87.51479594,"(41.75159049, -87.51479594)",2022,9,Monday
10001228,TW514678,2022-09-19 15:56:00,28XX W WESTERN AVE,1110,SEX OFFENSE,CRIMINAL SEXUAL ABUSE,ALLEY,True,False,1811,14,38.0,69.0,16,1170250.0,1860324.0,2022,2022-10-14 15:56:00,41.92226247,-87.69732738,"(41.92226247, -87.69732738)",2022,9,Monday
10001229,KZ139349,2021-12-10 13:56:00,70XX W PULASKI RD,740,THEFT,THEFT OVER $500,OTHER,False,False,1022,4,21.0,16.0,10,1157583.0,1895803.0,2021,2021-12-30 13:56:00,41.71306664,-87.58841541,UNKNOWN,2021,12,Friday
10001230,QL322998,2021-11-21 11:39:00,97XX N STATE ST,850,DECEPTIVE PRACTICE,FRAUD,COMMERCIAL / BUSINESS OFFICE,False,True,1911,19,30.0,27.0,04A,1174984.0,1873000.0,2021,2021-12-06 11:39:00,41.94204304,-87.52556973,"(41.94204304, -87.52556973)",2021,11,Sunday
10001231,QY780416,2023-01-05 14:45:00,37XX W STATE ST,510,ASSAULT,AGGRAVATED: HANDGUN,ALLEY,False,False,113,22,45.0,64.0,08B,1168648.0,1913744.0,2023,2023-01-23 14:45:00,41.84061179,-87.72650716,"(41.944736, -87.72650716)",2023,1,Thursday
10001232,AE130131,2022-01-26 20:57:00,24XX W BROADWAY,510,ASSAULT,AGGRAVATED: HANDGUN,PARKING LOT / GARAGE(NON.RESID.),False,False,811,4,40.0,70.0,08B,1175397.0,1850019.0,2022,2022-02-23 20:57:00,41.83465907,-87.52912902,"(41.83465907, -87.52912902)",2022,1,Wednesday
10001233,NJ021990,2020-04-01 06:51:00,68XX E HALSTED ST,486,BATTERY,DOMESTIC BATTERY AGGRAVATED,STREET,True,True,911,19,33.0,61.0,04A,1193272.0,1909693.0,2020,2020-04-16 06:51:00,41.79843309,-87.73752076,"(41.79843309, -87.73752076)",2020,4,Wednesday
10001234,EF093184,2023-12-30 19:30:00,73XX S CHICAGO AVE,312,ROBBERY,ARMED: HANDGUN,SIDEWALK,False,False,1911,22,10.0,49.0,02,1173273.0,1898940.0,2023,2024-01-13 19:30:00,41.76956852,-87.73216212,"(41.76956852, -87.73216212)",2023,12,Saturday
10001235,YO105312,2015-10-12 17:57:00,89XX E CHICAGO AVE,740,THEFT,THEFT OVER $500,SIDEWALK,False,False,412,14,38.0,37.0,09,1159747.0,1902622.0,2015,2015-10-26 17:57:00,41.81825656,-87.59660326,"(41.81825656, -87.59660326)",2015,10,Monday
10001236,MG037543,2015-07-09 08:00:00,42XX N ASHLAND AVE,1020,WEAPONS VIOLATION,UNLAWFUL POSS OF HANDGUN,CTA BUS,False,False,521,5,14.0,31.0,04B,1178499.0,1850325.0,2015,2015-07-18 08:00:00,41.9176702,-87.76890657,"(41.9176702, -87.76890657)",2015,7,Thursday
10001237,OA695246,2021-10-18 14:27:00,26XX S STATE ST,730,THEFT,SHOPLIFTING,SIDEWALK,False,False,911,15,33.0,4.0,04B,1177737.0,1890235.0,2021,2021-10-25 14:27:00,41.74805961,-87.78263482,"(41.74805961, -87.78263482)",2021,10,Monday
10001238,MB711635,2019-08-23 20:25:00,65XX N COTTAGE GROVE AVE,5003,PUBLIC PEACE VIOLATION,DISORDERLY CONDUCT,UNKNOWN,False,True,1611,18,44.0,23.0,11,1169360.0,1851101.0,2019,2019-09-07 20:25:00,41.81708544,-87.51576982,"(41.81708544, -87.51576982)",2019,8,Friday
10001239,XZ508985,2023-10-26 15:38:00,93XX E CLARK ST,560,ASSAULT,SIMPLE,CTA TRAIN,False,False,113,1,14.0,16.0,10,1180890.0,1923129.0,2023,2023-11-10 15:38:00,41.76932114,-87.58253584,"(41.76932114, -87.58253584)",2023,10,Thursday
10001240,QN707419,2017-01-18 07:04:00,61XX E CICERO AVE,1020,WEAPONS VIOLATION,UNLAWFUL POSS OF HANDGUN,"SCHOOL, PUBLIC, BUILDING",False,False,1121,18,45.0,4.0,17,1196095.0,1898467.0,2017,2017-02-09 07:04:00,41.8145066,-87.651374465,"(41.8145066, -87.78316626)",2017,1,Wednesday
10001241,ZH527284,2015-11-25 12:20:00,86XX E NORTH AVE,1240,NARCOTICS,POSS: HEROIN(WHITE),CTA BUS,False,False,611,19,41.0,13.0,14,1158354.0,1927636.0,2015,2015-12-11 12:20:00,41.9043216,-87.7148884,"(41.9043216, -87.7148884)",2015,11,Wednesday
10001242,VI196325,2018-06-19 20:58:00,15XX W MADISON ST,1240,NARCOTICS,POSS: HEROIN(WHITE),CTA BUS,True,True,1022,16,34.0,36.0,04B,1164715.0,1927641.0,2018,2018-07-19 20:58:00,41.72447898,-87.66733462,"(41.72447898, -87.66733462)",2018,6,Tuesday
10001243,QU866316,2021-11-27 11:27:00,68XX S CICERO AVE,1200,NARCOTICS,POSS: CANNABIS 30GMS OR LESS,BAR OR TAVERN,True,False,612,1,7.0,41.0,16,1161669.0,1882572.0,2021,2021-12-19 11:27:00,41.8214879,-87.52275332,"(41.8214879, -87.52275332)",2021,11,Saturday
10001244,QA714886,2020-07-29 11:35:00,81XX E MICHIGAN AVE,1240,NARCOTICS,POSS: HEROIN(WHITE),UNKNOWN,False,True,1511,19,20.0,26.0,07,1158046.0,1861652.0,2020,2020-07-31 11:35:00,41.78162195,-87.56839279,"(41.78162195, -87.56839279)",2020,7,Wednesday
10001245,SW618938,2016-03-11 14:22:00,52XX S FULLERTON AVE,312,ROBBERY,ARMED: HANDGUN,HOSPITAL BUILDING/GROUNDS,True,False,712,25,38.0,42.0,08A,1154804.0,1920806.0,2016,2016-04-07 14:22:00,41.90607765,-87.78837682,"(41.90607765, -87.78837682)",2016,3,Friday
10001246,RG639419,2016-10-08 07:25:00,64XX N PULASKI RD,460,BATTERY,SIMPLE,RESTAURANT,False,True,113,14,37.0,14.0,04A,1187550.0,1855258.0,2016,2016-10-20 07:25:00,41.84966427,-87.59964947,"(41.84966427, -87.59964947)",2016,10,Saturday
10001247,EV957359,2022-09-10 21:03:00,66XX E CHICAGO AVE,486,BATTERY,DOMESTIC BATTERY AGGRAVATED,GAS STATION,False,True,1511,11,13.0,37.0,05,1154084.0,1882900.0,2022,2022-10-08 21:03:00,41.89157336,-87.72098494,"(41.89157336, -87.72098494)",2022,9,Saturday
10001248,LH622717,2023-11-08 22:47:00,81XX S FULLERTON AVE,2830,CRIMINAL TRESPASS,TO RESIDENCE,CTA BUS,False,True,121,6,49.0,30.0,07,1161549.0,1922823.0,2023,2023-12-04 22:47:00,41.96708947,-87.71786608,"(41.96708947, -87.71786608)",2023,11,Wednesday
10001249,LX600552,2020-04-19 22:08:00,14XX N DIVISION ST,650,MOTOR VEHICLE THEFT,AUTOMOBILE,BAR OR TAVERN,False,False,621,24,41.0,51.0,08B,1190273.0,1866887.0,2020,2020-04-28 22:08:00,41.92612912,-87.5632359,"(41.92612912, -87.5632359)",2020,4,Sunday
10001250,GZ831172,2018-12-27 16:38:00,99XX E CICERO AVE,1310,NARCOTICS,POSS: COCAINE,RESTAURANT,True,True,711,2,50.0,24.0,10,1178187.0,1895430.0,2018,2019-01-12 16:38:00,41.84061179,-87.69088173,"(41.7927162, -87.69088173)",2018,12,Thursday
10001251,NB103606,2023-03-25 10:21:00,27XX N ASHLAND AVE,610,BURGLARY,FORCIBLE ENTRY,RESTAURANT,False,False,811,24,19.0,31.0,14,1192844.0,1899550.0,2023,2023-04-14 10:21:00,41.92502549,-87.52508596,"(41.92502549, -87.52508596)",2023,3,Saturday
10001252,LL076070,2020-06-20 05:54:00,92XX S ASHLAND AVE,460,BATTERY,SIMPLE,"SCHOOL, PUBLIC, BUILDING",False,False,112,16,2.0,48.0,08A,1172189.0,1864344.0,2020,2020-06-21 05:54:00,41.805449,-87.73480614,"(41.805449, -87.73480614)",2020,6,Saturday
10001253,ZX118704,2021-08-09 17:53:00,29XX E GRAND AVE,460,BATTERY,SIMPLE,SIDEWALK,False,False,212,7,25.0,73.0,20,1183943.0,1896898.0,2021,2021-09-05 17:53:00,41.77313322,-87.76771121,"(41.77313322, -87.76771121)",2021,8,Monday
10001254,IJ087836,2023-04-24 23:06:00,28XX E FULLERTON AVE,320,ROBBERY,STRONGARM - NO WEAPON,APARTMENT,False,True,412,24,22.0,29.0,20,1188703.0,1855698.0,2023,2023-05-06 23:06:00,41.88427977,-87.6277604,"(41.88427977, -87.6277604)",2023,4,Monday
10001255,IF489274,2020-11-07 18:48:00,25XX N MICHIGAN AVE,730,THEFT,SHOPLIFTING,ALLEY,True,False,911,16,4.0,1.0,12,1182592.0,1919966.0,2020,2020-12-05 18:48:00,41.78767618,-87.64617923,"(41.78767618, -87.64617923)",2020,11,Saturday
10001256,TI626875,2020-10-12 18:30:00,42XX W PULASKI RD,560,ASSAULT,SIMPLE,RESTAURANT,True,False,911,7,6.0,10.0,13,1156699.0,1902506.0,2020,2020-10-23 18:30:00,41.92796253,-87.63828221,"(41.92796253, -87.63828221)",2020,10,Monday
10001257,BR810979,2017-04-09 16:00:00,43XX N GRAND AVE,610,BURGLARY,FORCIBLE ENTRY,HOSPITAL BUILDING/GROUNDS,False,True,1211,5,50.0,64.0,15,1174984.0,1900893.0,2017,2017-04-28 16:00:00,41.79642428,-87.54388316,"(41.79642428, -87.54388316)",2017,4,Sunday
10001258,TA163333,2019-08-24 14:58:00,31XX E MICHIGAN AVE,486,BATTERY,DOMESTIC BATTERY AGGRAVATED,PARK PROPERTY,False,True,1221,22,27.0,52.0,08A,1185996.0,1854367.0,2019,2019-08-27 14:58:00,41.92886021,-87.50941109,"(41.92886021, -87.50941109)",2019,8,Saturday
10001259,WV893882,2023-07-29 05:00:00,40XX W MICHIGAN AVE,650,MOTOR VEHICLE THEFT,AUTOMOBILE,APARTMENT,False,True,312,18,21.0,3.0,04A,1171311.0,1906212.0,2023,2023-08-12 05:00:00,41.92502636,-87.53263988,"(41.92502636, -87.53263988)",2023,7,Saturday
10001260,KB480521,2015-10-15 18:53:00,56XX W WESTERN AVE,750,THEFT,THEFT $500 AND UNDER,COMMERCIAL / BUSINESS OFFICE,False,False,121,5,38.0,26.0,02,1152808.0,1858924.0,2015,2015-10-29 18:53:00,41.80334944,-87.69451494,"(41.80334944, -87.69451494)",2015,10,Thursday
10001261,OI485917,2019-08-17 14:36:00,29XX N FULLERTON AVE,1310,NARCOTICS,POSS: COCAINE,OTHER,True,False,1911,22,25.0,7.0,15,1157478.0,1919025.0,2019,2019-09-16 14:36:00,41.93821918,-87.54110077,"(41.93821918, -87.54110077)",2019,8,Saturday
10001262,KW708375,2020-08-19 09:44:00,15XX S PULASKI RD,750,THEFT,THEFT $500 AND UNDER,APARTMENT,False,True,2011,1,50.0,5.0,01A,1166647.0,1929039.0,2020,2020-08-27 09:44:00,41.78733598,-87.65356192,"(41.78733598, -87.65356192)",2020,8,Wednesday
10001263,QM571663,2023-12-04 20:07:00,14XX E DIVISION ST,730,THEFT,SHOPLIFTING,RESIDENCE,False,True,1111,8,29.0,11.0,20,1183195.0,1890235.0,2023,2023-12-25 20:07:00,41.77356648,-87.60803749,"(41.77356648, -87.60803749)",2023,12,Monday
10001264,QR485059,2019-11-06 19:18:00,72XX N HALSTED ST,486,BATTERY,DOMESTIC BATTERY AGGRAVATED,STREET,True,True,1811,9,4.0,45.0,14,1180811.0,1922622.0,2019,2019-11-26 19:18:00,41.71947235,-87.57182453,"(41.71947235, -87.57182453)",2019,11,Wednesday
10001265,TT319064,2022-03-01 14:46:00,72XX N MADISON ST,460,BATTERY,SIMPLE,COMMERCIAL / BUSINESS OFFICE,False,False,1221,4,7.0,62.0,02,1170461.0,1919234.0,2022,2022-03-14 14:46:00,41.84061179,-87.50889522,"(41.7734918, -87.50889522)",2022,3,Tuesday
10001266,PP889135,2019-02-06 06:50:00,54XX E WESTERN AVE,740,THEFT,THEFT OVER $500,UNKNOWN,False,False,911,15,26.0,58.0,13,1165505.0,1874299.0,2019,2019-02-23 06:50:00,41.74342199,-87.75430072,"(41.74342199, -87.75430072)",2019,2,Wednesday
10001267,FH512613,2016-08-16 14:48:00,95XX E CLARK ST,610,BURGLARY,FORCIBLE ENTRY,CONVENIENCE STORE,False,False,811,17,4.0,69.0,10,1161739.0,1902697.0,2016,2016-09-01 14:48:00,41.73962739,-87.64815376,"(41.73962739, -87.64815376)",2016,8,Tuesday
10001268,DG602377,2023-07-22 21:23:00,41XX S CICERO AVE,650,MOTOR VEHICLE THEFT,AUTOMOBILE,GAS STATION,False,False,1411,8,11.0,27.0,05,1174984.0,1875569.0,2023,2023-08-17 21:23:00,41.75471244,-87.651374465,"(41.75471244, -87.65150853)",2023,7,Saturday
10001269,ET575870,2017-11-26 21:20:00,70XX S NORTH AVE,750,THEFT,THEFT $500 AND UNDER,ALLEY,False,False,113,11,47.0,67.0,20,1164630.0,1888068.0,2017,2017-12-21 21:20:00,41.84555724,-87.651374465,"(41.84555724, -87.61606989)",2017,11,Sunday
10001270,QL078788,2018-12-13 16:52:00,48XX S ASHLAND AVE,320,ROBBERY,STRONGARM - NO WEAPON,CTA BUS,False,False,412,5,27.0,19.0,03,1168663.0,1851606.0,2018,2019-01-04 16:52:00,41.98158797,-87.50191492,"(41.98158797, -87.50191492)",2018,12,Thursday
10001271,SR798384,2020-06-20 07:28:00,71XX N COTTAGE GROVE AVE,1020,WEAPONS VIOLATION,UNLAWFUL POSS OF HANDGUN,VEHICLE NON-COMMERCIAL,False,False,111,20,35.0,61.0,17,1162408.0,1864744.0,2020,2020-07-09 07:28:00,41.89708846,-87.54523136,"(41.89708846, -87.54523136)",2020,6,Saturday
10001272,LO839456,2019-04-20 08:10:00,16XX S STATE ST,1240,NARCOTICS,POSS: HEROIN(WHITE),RESTAURANT,False,False,621,1,35.0,27.0,11,1156575.0,1895262.0,2019,2019-04-25 08:10:00,41.89298216,-87.56000539,"(41.89298216, -87.56000539)",2019,4,Saturday
10001273,JP664166,2015-10-17 13:37:00,54XX S MICHIGAN AVE,486,BATTERY,DOMESTIC BATTERY AGGRAVATED,RETAIL STORE,True,True,411,14,1.0,40.0,07,1189938.0,1910016.0,2015,2015-11-03 13:37:00,41.80197713,-87.65139052,"(41.80197713, -87.65139052)",2015,10,Saturday
10001274,GZ553552,2022-08-06 22:35:00,27XX W MICHIGAN AVE,610,BURGLARY,FORCIBLE ENTRY,VEHICLE NON-COMMERCIAL,False,False,1011,18,49.0,67.0,05,1173019.0,1872587.0,2022,2022-09-04 22:35:00,41.71752864,-87.53123913,"(41.71752864, -87.53123913)",2022,8,Saturday
10001275,UZ549372,2020-07-17 23:54:00,90XX S STATE ST,460,BATTERY,SIMPLE,SIDEWALK,False,True,122,7,36.0,29.0,08B,1165221.0,1890998.0,2020,2020-07-31 23:54:00,41.96667049,-87.7835535,"(41.96667049, -87.7835535)",2020,7,Friday
10001276,BN473784,2016-01-10 19:44:00,28XX N ASHLAND AVE,510,ASSAULT,AGGRAVATED: HANDGUN,HOSPITAL BUILDING/GROUNDS,False,False,321,8,7.0,16.0,20,1150368.0,1854580.0,2016,2016-02-08 19:44:00,41.8975259,-87.70724916,UNKNOWN,2016,1,Sunday
10001277,BK615024,2017-12-07 07:22:00,59XX S MADISON ST,800,ARSON,AGGRAVATED,UNKNOWN,False,False,211,16,11.0,51.0,03,1154843.0,1853401.0,2017,2017-12-12 07:22:00,41.6929052,-87.69676266,UNKNOWN,2017,12,Thursday
10001278,TX683220,2023-06-22 11:39:00,7XX N DIVISION ST,460,BATTERY,SIMPLE,ALLEY,True,False,1022,3,46.0,31.0,10,1151816.0,1909439.0,2023,2023-07-05 11:39:00,41.7328477,-87.65272177,"(41.7328477, -87.65272177)",2023,6,Thursday
10001279,MC836432,2020-06-10 10:56:00,20XX E MICHIGAN AVE,610,BURGLARY,FORCIBLE ENTRY,UNKNOWN,True,False,812,12,43.0,10.0,17,1172156.0,1854408.0,2020,2020-07-09 10:56:00,41.7276726,-87.62249538,"(41.7276726, -87.62249538)",2020,6,Wednesday
10001280,QG397226,2016-02-19 17:55:00,40XX W CICERO AVE,650,MOTOR VEHICLE THEFT,AUTOMOBILE,GROCERY FOOD STORE,False,False,112,1,45.0,2.0,26,1174407.0,1853503.0,2016,2016-03-07 17:55:00,41.80755449,-87.59550061,"(41.80755449, -87.59550061)",2016,2,Friday
10001281,WT091951,2016-02-05 16:48:00,52XX N WESTERN AVE,910,VANDALISM,CRIMINAL DAMAGE,CTA BUS,True,True,511,22,2.0,18.0,01A,1174984.0,1924505.0,2016,2016-02-26 16:48:00,41.98326133,-87.76845182,"(41.98326133, -87.76845182)",2016,2,Friday
10001282,GZ548836,2022-07-22 18:32:00,2XX S MICHIGAN AVE,620,BURGLARY,UNLAWFUL ENTRY,CONVENIENCE STORE,False,False,911,10,13.0,56.0,05,1187931.0,1889922.0,2022,2022-08-12 18:32:00,41.95111831,-87.63257046,"(41.95111831, -87.63257046)",2022,7,Friday
10001283,ZS349491,2016-04-16 18:37:00,7XX S MICHIGAN AVE,486,BATTERY,DOMESTIC BATTERY AGGRAVATED,PARKING LOT / GARAGE(NON.RESID.),True,True,511,16,19.0,44.0,02,1167756.0,1926575.0,2016,2016-05-16 18:37:00,41.77897793,-87.651374465,"(41.77897793, -87.62585957)",2016,4,Saturday
10001284,EJ392617,2016-10-15 11:03:00,8XX W MICHIGAN AVE,750,THEFT,THEFT $500 AND UNDER,ALLEY,False,False,1121,18,8.0,34.0,14,1150301.0,1873648.0,2016,2016-11-05 11:03:00,41.73526057,-87.74056685,"(41.73526057, -87.74056685)",2016,10,Saturday
10001285,AX791569,2015-05-10 07:15:00,96XX W WESTERN AVE,610,BURGLARY,FORCIBLE ENTRY,SIDEWALK,False,False,1911,22,3.0,45.0,18,1160208.0,1910411.0,2015,2015-05-25 07:15:00,41.72408346,-87.74362153,"(41.72408346, -87.74362153)",2015,5,Sunday
10001286,MA585113,2020-05-18 13:29:00,32XX S CHICAGO AVE,460,BATTERY,SIMPLE,SIDEWALK,False,False,812,12,25.0,22.0,08B,1184025.0,1901901.0,2020,2020-06-05 13:29:00,41.96650835,-87.651374465,"(41.96650835, -87.78260938)",2020,5,Monday
10001287,WI042062,2022-07-17 21:34:00,24XX S STATE ST,750,THEFT,THEFT $500 AND UNDER,HOSPITAL BUILDING/GROUNDS,False,False,221,15,22.0,73.0,10,1192719.0,1852825.0,2022,2022-08-11 21:34:00,41.94832998,-87.63116056,"(41.94832998, -87.63116056)",2022,7,Sunday
10001288,YH859135,2022-10-22 18:04:00,38XX E CHICAGO AVE,486,BATTERY,DOMESTIC BATTERY AGGRAVATED,CONVENIENCE STORE,True,True,812,24,8.0,3.0,14,1172909.0,1898150.0,2022,2022-11-10 18:04:00,41.83688215,-87.76953509,"(41.83688215, -87.76953509)",2022,10,Saturday
10001289,RQ060476,2019-08-20 15:38:00,63XX N PULASKI RD,460,BATTERY,SIMPLE,RESTAURANT,False,False,2011,22,30.0,21.0,07,1160922.0,1927063.0,2019,2019-08-31 15:38:00,41.75797419,-87.58520101,"(41.75797419, -87.58520101)",2019,8,Tuesday
10001290,LG264509,2021-06-22 20:28:00,35XX S CICERO AVE,740,THEFT,THEFT OVER $500,RESTAURANT,False,False,113,19,6.0,56.0,20,1173539.0,1850594.0,2021,2021-07-05 20:28:00,41.87818019,-87.62509606,"(41.87818019, -87.62509606)",2021,6,Tuesday
10001291,VI398491,2016-08-08 14:04:00,40XX N CLARK ST,460,BATTERY,SIMPLE,PARK PROPERTY,True,False,321,10,30.0,49.0,10,1189557.0,1868316.0,2016,2016-08-12 14:04:00,41.82837898,-87.65555722,UNKNOWN,2016,8,Monday
10001292,XU206091,2022-04-04 16:38:00,56XX N STATE ST,650,MOTOR VEHICLE THEFT,AUTOMOBILE,PARK PROPERTY,True,False,113,8,36.0,25.0,10,1199770.0,1858323.0,2022,2022-04-13 16:38:00,41.7997725,-87.64786926,"(41.7997725, -87.64786926)",2022,4,Monday
10001293,HA276725,2015-05-20 22:51:00,76XX S MICHIGAN AVE,320,ROBBERY,STRONGARM - NO WEAPON,PARK PROPERTY,True,False,412,16,14.0,56.0,04B,1159499.0,1922871.0,2015,2015-06-07 22:51:00,41.89686423,-87.64511618,"(41.89686423, -87.64511618)",2015,5,Wednesday
10001294,RN012446,2016-01-28 10:14:00,85XX S CHICAGO AVE,1310,NARCOTICS,POSS: COCAINE,RETAIL STORE,False,False,321,17,42.0,17.0,06,1153759.0,1877628.0,2016,2016-02-27 10:14:00,41.84061179,-87.76902048,"(41.92428476, -87.76902048)",2016,1,Thursday
10001295,PF636270,2015-02-28 15:26:00,68XX S GRAND AVE,560,ASSAULT,SIMPLE,PARKING LOT / GARAGE(NON.RESID.),True,False,1611,25,17.0,68.0,05,1170872.0,1892962.0,2015,2015-03-30 15:26:00,41.69908462,-87.62370195,"(41.69908462, -87.62370195)",2015,2,Saturday
10001296,LX871983,2017-10-20 17:15:00,13XX N MADISON ST,560,ASSAULT,SIMPLE,RESIDENCE,True,False,312,15,38.0,67.0,12,1181616.0,1915137.0,2017,2017-11-16 17:15:00,41.74230037,-87.66839865,"(41.74230037, -87.66839865)",2017,10,Friday
10001297,VO940981,2021-04-18 21:00:00,52XX S PULASKI RD,460,BATTERY,SIMPLE,CTA TRAIN,True,False,321,10,29.0,14.0,09,1177424.0,1874605.0,2021,2021-04-27 21:00:00,41.91718441,-87.76155188,"(41.91718441, -87.76155188)",2021,4,Sunday
10001298,MV379533,2017-09-10 14:36:00,52XX S CICERO AVE,312,ROBBERY,ARMED: HANDGUN,CONVENIENCE STORE,False,False,912,20,4.0,55.0,12,1162550.0,1867544.0,2017,2017-10-08 14:36:00,41.8994114,-87.62190094,"(41.8994114, -87.62190094)",2017,9,Sunday
10001299,GI183619,2021-01-03 23:59:00,5XX E ASHLAND AVE,910,VANDALISM,CRIMINAL DAMAGE,ALLEY,False,False,1211,18,45.0,25.0,11,1187929.0,1920935.0,2021,2021-01-29 23:59:00,41.85967129,-87.75014101,"(41.85967129, -87.75014101)",2021,1,Sunday
10001300,GQ485073,2015-01-14 22:28:00,39XX S FULLERTON AVE,486,BATTERY,DOMESTIC BATTERY AGGRAVATED,APARTMENT,True,True,2211,15,14.0,21.0,01A,1199641.0,1908098.0,2015,2015-02-07 22:28:00,41.75683804,-87.56231222,"(41.75683804, -87.56231222)",2015,1,Wednesday
10001301,JJ333659,2023-02-19 19:13:00,6XX N NORTH AVE,2830,CRIMINAL TRESPASS,TO RESIDENCE,CONVENIENCE STORE,True,False,611,7,44.0,11.0,10,1168357.0,1873274.0,2023,2023-03-11 19:13:00,41.7399404,-87.65871544,"(41.7399404, -87.65871544)",2023,2,Sunday
10001302,FC306263,2017-05-10 16:40:00,87XX N MADISON ST,486,BATTERY,DOMESTIC BATTERY AGGRAVATED,COMMERCIAL / BUSINESS OFFICE,True,True,2011,10,8.0,7.0,12,1196405.0,1916243.0,2017,2017-06-04 16:40:00,41.9236434,-87.57608956,"(41.9236434, -87.57608956)",2017,5,Wednesday
10001303,PP447579,2020-01-24 12:21:00,70XX S BROADWAY,620,BURGLARY,UNLAWFUL ENTRY,SIDEWALK,False,False,112,12,17.0,51.0,15,1151069.0,1865548.0,2020,2020-02-21 12:21:00,41.92244659,-87.74580249,"(41.92244659, -87.74580249)",2020,1,Friday
10001304,PR290172,2017-07-02 22:33:00,21XX S MICHIGAN AVE,910,VANDALISM,CRIMINAL DAMAGE,GAS STATION,False,False,311,9,22.0,14.0,05,1193328.0,1898997.0,2017,2017-07-17 22:33:00,41.96234728,-87.53604945,"(41.96234728, -87.53604945)",2017,7,Sunday
10001305,ZB034996,2023-10-07 21:48:00,10XX E WESTERN AVE,1020,WEAPONS VIOLATION,UNLAWFUL POSS OF HANDGUN,VEHICLE NON-COMMERCIAL,False,False,121,17,9.0,32.0,26,1176344.0,1865846.0,2023,2023-10-25 21:48:00,41.81572925,-87.6659764,"(41.81572925, -87.6659764)",2023,10,Saturday
10001306,FY535421,2019-09-24 15:21:00,89XX E BROADWAY,910,VANDALISM,CRIMINAL DAMAGE,PARK PROPERTY,True,False,311,16,38.0,16.0,18,1196129.0,1893047.0,2019,2019-10-19 15:21:00,41.79034486,-87.5989952,"(41.79034486, -87.5989952)",2019,9,Tuesday
10001307,UG244327,2015-02-03 16:30:00,37XX N BROADWAY,1310,NARCOTICS,POSS: COCAINE,CTA TRAIN,False,False,211,15,15.0,73.0,18,1179204.0,1909670.0,2015,2015-02-20 16:30:00,41.85176926,-87.72819508,"(41.85176926, -87.72819508)",2015,2,Tuesday
10001308,RA634484,2020-02-13 12:05:00,41XX W WESTERN AVE,750,THEFT,THEFT $500 AND UNDER,UNKNOWN,False,True,612,22,16.0,16.0,07,1177942.0,1920571.0,2020,2020-03-12 12:05:00,41.8246502,-87.74949798,"(41.8246502, -87.74949798)",2020,2,Thursday
10001309,KG252529,2020-01-25 20:59:00,95XX W HALSTED ST,1200,NARCOTICS,POSS: CANNABIS 30GMS OR LESS,CTA TRAIN,True,False,611,10,50.0,51.0,13,1170162.0,1882506.0,2020,2020-02-10 20:59:00,41.84061179,-87.7798854,"(41.92331204, -87.7798854)",2020,1,Saturday
10001310,JB500152,2018-02-07 17:28:00,17XX N GRAND AVE,460,BATTERY,SIMPLE,BAR OR TAVERN,True,False,712,11,15.0,40.0,04A,1174984.0,1876918.0,2018,2018-02-08 17:28:00,41.76453322,-87.651374465,"(41.76453322, -87.72298777)",2018,2,Wednesday
10001311,AH996366,2019-04-28 12:18:00,41XX S BROADWAY,850,DECEPTIVE PRACTICE,FRAUD,CTA TRAIN,False,False,1121,12,26.0,68.0,03,1158470.0,1867478.0,2019,2019-05-19 12:18:00,41.70150433,-87.77611066,"(41.70150433, -87.77611066)",2019,4,Sunday
10001312,CW798897,2021-05-26 19:12:00,58XX W NORTH AVE,620,BURGLARY,UNLAWFUL ENTRY,CTA TRAIN,False,False,812,8,15.0,40.0,09,1154683.0,1871420.0,2021,2021-06-21 19:12:00,41.78321388,-87.75359355,"(41.78321388, -87.75359355)",2021,5,Wednesday
10001313,TO746430,2017-10-03 18:40:00,85XX N CICERO AVE,1200,NARCOTICS,POSS: CANNABIS 30GMS OR LESS,BAR OR TAVERN,False,False,612,12,9.0,28.0,04B,1164072.0,1909821.0,2017,2017-10-17 18:40:00,41.90034204,-87.53075263,"(41.90034204, -87.53075263)",2017,10,Tuesday
10001314,UZ277827,2017-05-18 12:52:00,66XX N CICERO AVE,730,THEFT,SHOPLIFTING,CTA BUS,True,False,1121,9,12.0,44.0,26,1187397.0,1850186.0,2017,2017-06-08 12:52:00,41.84061179,-87.67314912,"(41.8905054, -87.67314912)",2017,5,Thursday
10001315,UL612015,2016-07-21 18:03:00,14XX N CHICAGO AVE,312,ROBBERY,ARMED: HANDGUN,"SCHOOL, PUBLIC, BUILDING",False,False,621,12,43.0,41.0,12,1151154.0,1900186.0,2016,2016-08-15 18:03:00,41.72934198,-87.67954496,"(41.72934198, -87.67954496)",2016,7,Thursday
10001316,WG276971,2017-11-07 18:03:00,88XX S MICHIGAN AVE,620,BURGLARY,UNLAWFUL ENTRY,APARTMENT,False,False,212,6,50.0,27.0,09,1174825.0,1851207.0,2017,2017-11-26 18:03:00,41.70434936,-87.65834797,"(41.70434936, -87.65834797)",2017,11,Tuesday
10001317,BP395344,2016-08-27 21:19:00,75XX E PULASKI RD,910,VANDALISM,CRIMINAL DAMAGE,BAR OR TAVERN,False,False,911,17,24.0,40.0,18,1190513.0,1897543.0,2016,2016-09-16 21:19:00,41.89743279,-87.54970964,"(41.89743279, -87.54970964)",2016,8,Saturday
10001318,TI466348,2021-10-09 14:12:00,97XX N GRAND AVE,460,BATTERY,SIMPLE,CTA BUS,False,False,2411,25,5.0,72.0,11,1188343.0,1891810.0,2021,2021-10-10 14:12:00,41.87934878,-87.62344603,"(41.87934878, -87.62344603)",2021,10,Saturday
10001319,FA325446,2021-07-02 16:02:00,7XX W BROADWAY,486,BATTERY,DOMESTIC BATTERY AGGRAVATED,UNKNOWN,False,True,812,5,3.0,63.0,17,1162604.0,1913451.0,2021,2021-07-24 16:02:00,41.84061179,-87.76193792,"(41.88890328, -87.76193792)",2021,7,Friday
10001320,YX069444,2021-06-09 15:58:00,10XX W CLARK ST,510,ASSAULT,AGGRAVATED: HANDGUN,CONVENIENCE STORE,True,True,221,24,40.0,1.0,19,1195489.0,1898833.0,2021,2021-06-27 15:58:00,41.74875751,-87.68073086,"(41.74875751, -87.68073086)",2021,6,Wednesday
10001321,HU336203,2021-02-05 11:43:00,6XX N FULLERTON AVE,560,ASSAULT,SIMPLE,PARKING LOT / GARAGE(NON.RESID.),False,True,122,7,1.0,1.0,17,1154528.0,1862667.0,2021,2021-03-06 11:43:00,41.94973788,-87.73363809,"(41.94973788, -87.73363809)",2021,2,Friday
10001322,GO048064,2023-04-17 11:17:00,80XX S HALSTED ST,1020,WEAPONS VIOLATION,UNLAWFUL POSS OF HANDGUN,HOSPITAL BUILDING/GROUNDS,False,True,121,4,3.0,49.0,16,1174572.0,1886250.0,2023,2023-05-03 11:17:00,41.82626637,-87.60683135,"(41.82626637, -87.60683135)",2023,4,Monday
10001323,TY980566,2022-02-25 21:27:00,94XX E CLARK ST,510,ASSAULT,AGGRAVATED: HANDGUN,VEHICLE NON-COMMERCIAL,False,False,1221,11,35.0,48.0,13,1186575.0,1881877.0,2022,2022-03-21 21:27:00,41.69638648,-87.73241793,"(41.69638648, -87.73241793)",2022,2,Friday
10001324,JG387427,2015-06-26 16:18:00,20XX W GRAND AVE,1110,SEX OFFENSE,CRIMINAL SEXUAL ABUSE,VEHICLE NON-COMMERCIAL,True,False,511,7,13.0,34.0,01A,1173150.0,1852582.0,2015,2015-07-07 16:18:00,41.85337088,-87.79218784,"(41.85337088, -87.79218784)",2015,6,Friday
10001325,WC130380,2017-02-27 20:22:00,71XX N DIVISION ST,750,THEFT,THEFT $500 AND UNDER,CTA BUS,False,False,411,6,6.0,61.0,08A,1177204.0,1922550.0,2017,2017-03-16 20:22:00,41.89554714,-87.54032742,UNKNOWN,2017,2,Monday
10001326,LA346298,2020-12-14 21:54:00,15XX N MICHIGAN AVE,560,ASSAULT,SIMPLE,CONVENIENCE STORE,False,False,521,16,27.0,55.0,13,1174199.0,1916249.0,2020,2021-01-05 21:54:00,41.79014774,-87.52036676,"(41.79014774, -87.52036676)",2020,12,Monday
10001327,KX079667,2018-04-10 23:21:00,74XX E HALSTED ST,1310,NARCOTICS,POSS: COCAINE,UNKNOWN,True,False,1011,11,30.0,57.0,20,1174119.0,1910271.0,2018,2018-04-16 23:21:00,41.88202377,-87.65260616,"(41.88202377, -87.65260616)",2018,4,Tuesday
10001328,QQ936827,2022-03-31 20:22:00,10XX N CHICAGO AVE,320,ROBBERY,STRONGARM - NO WEAPON,RESIDENCE,True,True,521,4,40.0,49.0,12,1157547.0,1907418.0,2022,2022-04-21 20:22:00,41.78208702,-87.52673402,"(41.78208702, -87.52673402)",2022,3,Thursday
10001329,GF822409,2019-11-15 09:47:00,45XX N PULASKI RD,610,BURGLARY,FORCIBLE ENTRY,CTA BUS,False,False,1111,18,6.0,42.0,02,1198519.0,1896055.0,2019,2019-12-10 09:47:00,41.92747118,-87.74209605,"(41.92747118, -87.74209605)",2019,11,Friday
10001330,SN076534,2016-01-21 19:29:00,18XX W CICERO AVE,620,BURGLARY,UNLAWFUL ENTRY,COMMERCIAL / BUSINESS OFFICE,False,False,1511,5,7.0,69.0,06,1165071.0,1898216.0,2016,2016-02-03 19:29:00,41.87517025,-87.71418514,"(41.87517025, -87.71418514)",2016,1,Thursday
10001331,ZT294781,2017-07-03 07:59:00,33XX N GRAND AVE,910,VANDALISM,CRIMINAL DAMAGE,OTHER,False,False,311,11,34.0,13.0,01A,1199140.0,1867835.0,2017,2017-07-09 07:59:00,41.85812001,-87.6605106,"(41.85812001, -87.6605106)",2017,7,Monday
10001332,SY445515,2020-03-04 07:23:00,57XX E MADISON ST,510,ASSAULT,AGGRAVATED: HANDGUN,ALLEY,False,False,712,25,10.0,71.0,10,1166354.0,1900049.0,2020,2020-03-27 07:23:00,41.69874956,-87.61214612,"(41.69874956, -87.61214612)",2020,3,Wednesday
10001333,KU065162,2023-10-06 08:16:00,55XX E BROADWAY,265,CRIM SEXUAL ASSAULT,AGGRAVATED: OTHER,"SCHOOL, PUBLIC, BUILDING",True,False,1811,5,19.0,70.0,14,1190346.0,1874737.0,2023,2023-10-18 08:16:00,41.88900785,-87.53601259,"(41.88900785, -87.53601259)",2023,10,Friday
10001334,VP804259,2018-07-07 16:18:00,83XX E PULASKI RD,1110,SEX OFFENSE,CRIMINAL SEXUAL ABUSE,UNKNOWN,False,True,311,1,44.0,13.0,11,1174984.0,1923162.0,2018,2018-07-25 16:18:00,41.95599283,-87.50610609,"(41.95599283, -87.50610609)",2018,7,Saturday
10001335,DK341015,2016-11-13 17:02:00,54XX E MADISON ST,312,ROBBERY,ARMED: HANDGUN,CTA TRAIN,False,False,2411,14,17.0,13.0,13,1157727.0,1895203.0,2016,2016-12-11 17:02:00,41.85675454,-87.71137523,"(41.85675454, -87.71137523)",2016,11,Sunday
10001336,UR607140,2016-05-07 21:49:00,95XX W COTTAGE GROVE AVE,560,ASSAULT,SIMPLE,RESIDENCE,True,False,611,18,1.0,1.0,15,1177307.0,1881783.0,2016,2016-05-25 21:49:00,41.74853514,-87.63857616,"(41.74853514, -87.63857616)",2016,5,Saturday
10001337,VS381525,2022-04-06 13:07:00,94XX S COTTAGE GROVE AVE,320,ROBBERY,STRONGARM - NO WEAPON,RETAIL STORE,False,False,122,9,5.0,45.0,13,1188929.0,1921581.0,2022,2022-04-18 13:07:00,41.70785274,-87.79921748,"(41.70785274, -87.79921748)",2022,4,Wednesday
10001338,XQ266804,2022-03-26 18:39:00,45XX W ASHLAND AVE,460,BATTERY,SIMPLE,APARTMENT,False,False,121,12,39.0,12.0,15,1167972.0,1917934.0,2022,2022-04-06 18:39:00,41.84061179,-87.51795622,"(41.91394227, -87.51795622)",2022,3,Saturday
10001339,HW900994,2015-12-20 11:37:00,24XX W WESTERN AVE,486,BATTERY,DOMESTIC BATTERY AGGRAVATED,RESTAURANT,True,True,2511,25,49.0,8.0,02,1181360.0,1862546.0,2015,2016-01-09 11:37:00,41.8185788,-87.63010943,"(41.8185788, -87.63010943)",2015,12,Sunday
10001340,LA548969,2016-12-14 14:35:00,85XX N CHICAGO AVE,750,THEFT,THEFT $500 AND UNDER,PARKING LOT / GARAGE(NON.RESID.),False,False,1811,18,26.0,45.0,19,1151070.0,1854464.0,2016,2017-01-13 14:35:00,41.83797487,-87.74438024,"(41.83797487, -87.74438024)",2016,12,Wednesday
10001341,HQ676093,2019-09-24 16:44:00,20XX E COTTAGE GROVE AVE,730,THEFT,SHOPLIFTING,STREET,False,True,2411,19,18.0,55.0,11,1155560.0,1912431.0,2019,2019-10-17 16:44:00,41.79183814,-87.60400646,"(41.79183814, -87.60400646)",2019,9,Tuesday
10001342,DN068606,2019-01-12 20:30:00,28XX E GRAND AVE,1020,WEAPONS VIOLATION,UNLAWFUL POSS OF HANDGUN,RESTAURANT,False,False,1811,17,11.0,37.0,16,1197852.0,1925514.0,2019,2019-02-04 20:30:00,41.84061179,-87.51420628,"(41.80590164, -87.51420628)",2019,1,Saturday
10001343,JY331559,2015-07-06 18:10:00,97XX S FULLERTON AVE,910,VANDALISM,CRIMINAL DAMAGE,GROCERY FOOD STORE,False,False,1411,1,21.0,73.0,19,1171636.0,1894421.0,2015,2015-07-13 18:10:00,41.75443956,-87.56685319,"(41.75443956, -87.56685319)",2015,7,Monday
10001344,PQ924216,2019-06-30 12:32:00,57XX E ASHLAND AVE,910,VANDALISM,CRIMINAL DAMAGE,GAS STATION,True,False,121,4,15.0,6.0,08B,1167028.0,1869946.0,2019,2019-07-16 12:32:00,41.7683581,-87.60767768,"(41.7683581, -87.60767768)",2019,6,Sunday
10001345,GY106494,2015-09-26 16:37:00,74XX N PULASKI RD,730,THEFT,SHOPLIFTING,BAR OR TAVERN,False,False,1811,24,26.0,26.0,05,1166284.0,1872352.0,2015,2015-10-09 16:37:00,41.79919158,-87.61494786,"(41.79919158, -87.61494786)",2015,9,Saturday
10001346,ZH465574,2019-04-02 04:16:00,61XX E PULASKI RD,750,THEFT,THEFT $500 AND UNDER,RESIDENCE,False,False,1711,22,1.0,76.0,08A,1184222.0,1895875.0,2019,2019-04-20 04:16:00,41.71980848,-87.72251188,"(41.71980848, -87.72251188)",2019,4,Tuesday
10001347,ZA382167,2015-08-17 16:12:00,25XX N ASHLAND AVE,740,THEFT,THEFT OVER $500,RETAIL STORE,False,False,321,22,27.0,41.0,09,1151814.0,1913050.0,2015,2015-08-20 16:12:00,41.82410752,-87.63068447,"(41.82410752, -87.63068447)",2015,8,Monday
10001348,TT937286,2016-01-21 18:26:00,40XX N COTTAGE GROVE AVE,800,ARSON,AGGRAVATED,ALLEY,False,False,1511,3,15.0,5.0,17,1184746.0,1869341.0,2016,2016-02-07 18:26:00,41.75291137,-87.56561241,"(41.75291137, -87.56561241)",2016,1,Thursday
10001349,DT037838,2020-03-20 11:13:00,60XX E STATE ST,486,BATTERY,DOMESTIC BATTERY AGGRAVATED,VEHICLE NON-COMMERCIAL,True,True,311,4,19.0,77.0,04A,1185041.0,1862308.0,2020,2020-03-31 11:13:00,41.81349636,-87.7598607,"(41.81349636, -87.7598607)",2020,3,Friday
10001350,RY238466,2017-10-03 19:25:00,93XX N CLARK ST,1020,WEAPONS VIOLATION,UNLAWFUL POSS OF HANDGUN,GROCERY FOOD STORE,False,False,411,3,46.0,52.0,10,1158552.0,1862059.0,2017,2017-10-12 19:25:00,41.97278199,-87.78868116,"(41.97278199, -87.78868116)",2017,10,Tuesday
10001351,YZ603564,2023-06-04 08:46:00,6XX W HALSTED ST,650,MOTOR VEHICLE THEFT,AUTOMOBILE,ALLEY,False,False,312,11,19.0,61.0,07,1196640.0,1914221.0,2023,2023-06-12 08:46:00,41.95747467,-87.52171982,"(41.95747467, -87.52171982)",2023,6,Sunday
10001352,PB874988,2022-06-15 10:21:00,57XX E NORTH AVE,730,THEFT,SHOPLIFTING,APARTMENT,False,False,1611,12,26.0,31.0,17,1163031.0,1866791.0,2022,2022-06-27 10:21:00,41.84774476,-87.75384786,"(41.84774476, -87.75384786)",2022,6,Wednesday
10001353,IY847712,2018-05-30 11:56:00,98XX N NORTH AVE,910,VANDALISM,CRIMINAL DAMAGE,STREET,False,True,1221,12,2.0,40.0,18,1167350.0,1875859.0,2018,2018-06-29 11:56:00,41.81371229,-87.5483678,"(41.81371229, -87.5483678)",2018,5,Wednesday
10001354,DD148910,2021-04-27 15:54:00,20XX W WESTERN AVE,610,BURGLARY,FORCIBLE ENTRY,RETAIL STORE,False,False,812,8,25.0,31.0,02,1165061.0,1907499.0,2021,2021-05-01 15:54:00,41.92909095,-87.77272679,UNKNOWN,2021,4,Tuesday
10001355,QV572213,2017-08-05 18:49:00,31XX E STATE ST,1020,WEAPONS VIOLATION,UNLAWFUL POSS OF HANDGUN,CONVENIENCE STORE,True,False,212,2,1.0,4.0,20,1182964.0,1862889.0,2017,2017-08-28 18:49:00,41.97147357,-87.74861013,"(41.97147357, -87.74861013)",2017,8,Saturday
10001356,PK820411,2019-03-20 11:57:00,83XX W STATE ST,850,DECEPTIVE PRACTICE,FRAUD,CTA TRAIN,False,False,1221,19,49.0,77.0,01A,1163753.0,1894146.0,2019,2019-04-14 11:57:00,41.75465926,-87.77926557,"(41.75465926, -87.77926557)",2019,3,Wednesday
10001357,HE111525,2021-08-04 08:20:00,65XX S HALSTED ST,730,THEFT,SHOPLIFTING,VEHICLE NON-COMMERCIAL,False,False,2011,22,43.0,70.0,06,1187062.0,1905296.0,2021,2021-08-30 08:20:00,41.82646492,-87.63683259,"(41.82646492, -87.63683259)",2021,8,Wednesday
10001358,NV552860,2020-06-10 18:49:00,50XX W MICHIGAN AVE,750,THEFT,THEFT $500 AND UNDER,ALLEY,False,False,621,10,3.0,13.0,10,1179513.0,1862387.0,2020,2020-06-29 18:49:00,41.79151816,-87.75187926,"(41.79151816, -87.75187926)",2020,6,Wednesday
10001359,TP734506,2018-11-01 16:51:00,3XX E CICERO AVE,650,MOTOR VEHICLE THEFT,AUTOMOBILE,CONVENIENCE STORE,False,False,1211,8,14.0,67.0,18,1186568.0,1914530.0,2018,2018-11-25 16:51:00,41.84061179,-87.651374465,"(41.79956331, -87.61275848)",2018,11,Thursday
10001360,YJ357561,2015-10-14 16:38:00,71XX S CHICAGO AVE,2830,CRIMINAL TRESPASS,TO RESIDENCE,APARTMENT,False,False,1022,10,33.0,39.0,08A,1158409.0,1899581.0,2015,2015-11-10 16:38:00,41.90572866,-87.57403096,"(41.90572866, -87.57403096)",2015,10,Wednesday
10001361,YT530281,2022-01-07 07:07:00,83XX N CLARK ST,510,ASSAULT,AGGRAVATED: HANDGUN,GAS STATION,False,False,911,25,4.0,48.0,12,1171141.0,1882652.0,2022,2022-01-31 07:07:00,41.78098444,-87.77848795,"(41.78098444, -87.77848795)",2022,1,Friday
10001362,QA972909,2019-07-30 18:18:00,43XX W CICERO AVE,312,ROBBERY,ARMED: HANDGUN,GROCERY FOOD STORE,True,False,1411,10,4.0,27.0,03,1189744.0,1853440.0,2019,2019-08-07 18:18:00,41.94256398,-87.72005255,"(41.94256398, -87.72005255)",2019,7,Tuesday
10001363,TC282736,2019-12-01 18:42:00,11XX N HALSTED ST,312,ROBBERY,ARMED: HANDGUN,PARKING LOT / GARAGE(NON.RESID.),False,False,1611,10,19.0,21.0,15,1182952.0,1852392.0,2019,2019-12-14 18:42:00,41.75982692,-87.651374465,"(41.75982692, -87.65999594)",2019,12,Sunday
10001364,SK021008,2015-10-12 20:42:00,77XX S MICHIGAN AVE,910,VANDALISM,CRIMINAL DAMAGE,VEHICLE NON-COMMERCIAL,False,False,412,2,29.0,22.0,17,1158649.0,1890235.0,2015,2015-11-06 20:42:00,41.93168072,-87.52474537,"(41.93168072, -87.52474537)",2015,10,Monday
10001365,OD794607,2021-03-01 12:24:00,43XX W MICHIGAN AVE,460,BATTERY,SIMPLE,SIDEWALK,False,False,1211,1,50.0,56.0,03,1176119.0,1877645.0,2021,2021-03-15 12:24:00,41.72472873,-87.76519529,"(41.72472873, -87.76519529)",2021,3,Monday
10001366,JD644014,2016-01-30 11:48:00,64XX S MADISON ST,910,VANDALISM,CRIMINAL DAMAGE,STREET,True,True,221,22,13.0,34.0,26,1150520.0,1870380.0,2016,2016-02-11 11:48:00,41.94710221,-87.51095449,"(41.94710221, -87.51095449)",2016,1,Saturday
10001367,VP078705,2019-11-25 19:02:00,95XX S HALSTED ST,850,DECEPTIVE PRACTICE,FRAUD,SIDEWALK,False,False,311,22,28.0,76.0,17,1154956.0,1851194.0,2019,2019-12-19 19:02:00,41.93376988,-87.67774715,"(41.93376988, -87.67774715)",2019,11,Monday
10001368,SV146457,2022-11-10 20:41:00,82XX S BROADWAY,560,ASSAULT,SIMPLE,PARK PROPERTY,False,False,712,18,34.0,58.0,08A,1181131.0,1914041.0,2022,2022-11-16 20:41:00,41.8673471,-87.52884382,"(41.8673471, -87.52884382)",2022,11,Thursday
10001369,MN820623,2021-05-05 18:08:00,65XX N MICHIGAN AVE,510,ASSAULT,AGGRAVATED: HANDGUN,"SCHOOL, PUBLIC, BUILDING",True,False,412,16,10.0,35.0,13,1161678.0,1880833.0,2021,2021-05-28 18:08:00,41.83122387,-87.61474082,"(41.83122387, -87.61474082)",2021,5,Wednesday
10001370,BR945798,2023-11-16 14:05:00,18XX W NORTH AVE,5003,PUBLIC PEACE VIOLATION,DISORDERLY CONDUCT,UNKNOWN,True,False,112,14,42.0,21.0,20,1198358.0,1908679.0,2023,2023-12-13 14:05:00,41.96511499,-87.62311086,"(41.96511499, -87.62311086)",2023,11,Thursday
10001371,LU306639,2020-05-09 13:30:00,51XX W FULLERTON AVE,560,ASSAULT,SIMPLE,STREET,True,False,1111,15,2.0,68.0,11,1182408.0,1877714.0,2020,2020-05-16 13:30:00,41.7555632,-87.62503551,"(41.7555632, -87.62503551)",2020,5,Saturday
10001372,SP759401,2015-05-27 13:23:00,7XX E MICHIGAN AVE,110,HOMICIDE,FIRST DEGREE MURDER,SIDEWALK,False,False,122,15,19.0,40.0,11,1163062.0,1883422.0,2015,2015-06-25 13:23:00,41.92245092,-87.54673302,"(41.92245092, -87.54673302)",2015,5,Wednesday
10001373,VI871839,2017-08-28 08:05:00,6XX E PULASKI RD,610,BURGLARY,FORCIBLE ENTRY,ALLEY,False,False,211,16,18.0,73.0,20,1151164.0,1905448.0,2017,2017-09-12 08:05:00,41.82063605,-87.70014788,"(41.82063605, -87.70014788)",2017,8,Monday
10001374,HP101057,2015-08-30 10:31:00,32XX E FULLERTON AVE,510,ASSAULT,AGGRAVATED: HANDGUN,VEHICLE NON-COMMERCIAL,False,False,912,19,28.0,57.0,09,1174984.0,1890235.0,2015,2015-09-09 10:31:00,41.80016706,-87.73898648,UNKNOWN,2015,8,Sunday
10001375,CA822527,2016-09-15 20:16:00,15XX W NORTH AVE,1020,WEAPONS VIOLATION,UNLAWFUL POSS OF HANDGUN,PARK PROPERTY,False,False,111,4,50.0,52.0,10,1185214.0,1892781.0,2016,2016-10-15 20:16:00,41.86304088,-87.69575112,"(41.86304088, -87.69575112)",2016,9,Thursday
10001376,XS535429,2019-12-24 08:06:00,93XX E ASHLAND AVE,730,THEFT,SHOPLIFTING,VEHICLE NON-COMMERCIAL,False,True,321,11,18.0,5.0,10,1165113.0,1913616.0,2019,2019-12-25 08:06:00,41.94479571,-87.64303314,"(41.94479571, -87.64303314)",2019,12,Tuesday
10001377,QV542764,2015-06-24 09:34:00,30XX W STATE ST,610,BURGLARY,FORCIBLE ENTRY,SIDEWALK,False,False,211,19,29.0,53.0,13,1192361.0,1903570.0,2015,2015-07-04 09:34:00,41.84061179,-87.58042464,"(41.76650502, -87.58042464)",2015,6,Wednesday
10001378,KA560094,2016-11-10 18:34:00,97XX W FULLERTON AVE,740,THEFT,THEFT OVER $500,OTHER,False,False,711,11,11.0,26.0,04A,1198825.0,1926788.0,2016,2016-12-10 18:34:00,41.7135265,-87.77918234,"(41.7135265, -87.77918234)",2016,11,Thursday
10001379,ZZ601263,2023-06-22 17:35:00,26XX E NORTH AVE,650,MOTOR VEHICLE THEFT,AUTOMOBILE,UNKNOWN,False,False,712,11,17.0,6.0,15,1178713.0,1881952.0,2023,2023-07-19 17:35:00,41.69532878,-87.73023138,"(41.69532878, -87.73023138)",2023,6,Thursday
10001380,BB762992,2015-11-11 13:59:00,67XX W MICHIGAN AVE,560,ASSAULT,SIMPLE,ALLEY,False,False,1221,1,31.0,3.0,14,1164574.0,1892148.0,2015,2015-11-18 13:59:00,41.72132139,-87.78726577,"(41.72132139, -87.78726577)",2015,11,Wednesday
10001381,QU444307,2017-03-27 20:35:00,26XX E STATE ST,740,THEFT,THEFT OVER $500,GAS STATION,True,False,712,4,20.0,63.0,02,1161118.0,1917532.0,2017,2017-04-13 20:35:00,41.82735686,-87.5255363,"(41.82735686, -87.5255363)",2017,3,Monday
10001382,SQ577166,2020-01-27 10:24:00,41XX W DIVISION ST,5003,PUBLIC PEACE VIOLATION,DISORDERLY CONDUCT,HOSPITAL BUILDING/GROUNDS,False,False,1411,9,12.0,33.0,18,1171727.0,1867911.0,2020,2020-01-30 10:24:00,41.91934426,-87.77205408,"(41.91934426, -87.77205408)",2020,1,Monday
10001383,RU969641,2023-07-21 13:16:00,20XX E DIVISION ST,750,THEFT,THEFT $500 AND UNDER,HOSPITAL BUILDING/GROUNDS,False,False,1511,14,2.0,11.0,17,1194907.0,1890235.0,2023,2023-08-18 13:16:00,41.8686399,-87.7080278,"(41.8686399, -87.7080278)",2023,7,Friday
10001384,XJ313262,2016-05-12 11:07:00,44XX S CICERO AVE,320,ROBBERY,STRONGARM - NO WEAPON,RETAIL STORE,False,False,111,7,29.0,35.0,12,1167803.0,1915043.0,2016,2016-06-10 11:07:00,41.92455068,-87.67455474,"(41.92455068, -87.67455474)",2016,5,Thursday
10001385,BO636680,2018-09-10 10:42:00,65XX S MICHIGAN AVE,750,THEFT,THEFT $500 AND UNDER,BAR OR TAVERN,False,False,121,24,11.0,24.0,10,1162998.0,1919248.0,2018,2018-09-20 10:42:00,41.70008793,-87.72288824,"(41.70008793, -87.72288824)",2018,9,Monday
10001386,UB692873,2022-09-25 16:17:00,40XX E COTTAGE GROVE AVE,1240,NARCOTICS,POSS: HEROIN(WHITE),BAR OR TAVERN,True,False,521,24,50.0,35.0,09,1194929.0,1869204.0,2022,2022-10-16 16:17:00,41.87596251,-87.60132406,"(41.87596251, -87.60132406)",2022,9,Sunday
10001387,XD817298,2020-01-23 14:56:00,69XX N MADISON ST,460,BATTERY,SIMPLE,BAR OR TAVERN,True,False,1511,9,43.0,23.0,14,1172271.0,1886488.0,2020,2020-02-21 14:56:00,41.82960496,-87.76657003,"(41.82960496, -87.76657003)",2020,1,Thursday
10001388,YB135612,2016-04-25 14:26:00,62XX W COTTAGE GROVE AVE,5003,PUBLIC PEACE VIOLATION,DISORDERLY CONDUCT,HOSPITAL BUILDING/GROUNDS,False,False,712,4,28.0,22.0,12,1186149.0,1901443.0,2016,2016-05-23 14:26:00,41.87519867,-87.63633791,"(41.87519867, -87.63633791)",2016,4,Monday
10001389,TF422948,2022-06-19 17:29:00,80XX S BROADWAY,730,THEFT,SHOPLIFTING,RESIDENCE,False,False,1811,5,22.0,59.0,01A,1179882.0,1854412.0,2022,2022-07-09 17:29:00,41.97698137,-87.50102364,"(41.97698137, -87.50102364)",2022,6,Sunday
10001390,IO181302,2018-09-26 06:05:00,13XX W BROADWAY,510,ASSAULT,AGGRAVATED: HANDGUN,"SCHOOL, PUBLIC, BUILDING",False,False,112,22,1.0,58.0,06,1159870.0,1919639.0,2018,2018-10-22 06:05:00,41.81823144,-87.59975944,"(41.81823144, -87.59975944)",2018,9,Wednesday
10001391,JN731088,2018-05-13 18:28:00,13XX W MICHIGAN AVE,460,BATTERY,SIMPLE,RETAIL STORE,False,False,2211,22,5.0,38.0,07,1187828.0,1887698.0,2018,2018-05-24 18:28:00,41.94472247,-87.57111084,"(41.94472247, -87.57111084)",2018,5,Sunday
10001392,WT563701,2017-08-01 14:27:00,97XX S DIVISION ST,560,ASSAULT,SIMPLE,RETAIL STORE,False,False,712,15,41.0,39.0,06,1183084.0,1924468.0,2017,2017-08-09 14:27:00,41.84232772,-87.76487866,"(41.84232772, -87.76487866)",2017,8,Tuesday
10001393,YF155585,2017-05-20 18:50:00,16XX N ASHLAND AVE,610,BURGLARY,FORCIBLE ENTRY,STREET,False,False,2411,11,4.0,56.0,04B,1186893.0,1890211.0,2017,2017-06-10 18:50:00,41.74084525,-87.62724458,"(41.74084525, -87.62724458)",2017,5,Saturday
10001394,NC728922,2018-05-05 15:27:00,88XX E DIVISION ST,750,THEFT,THEFT $500 AND UNDER,UNKNOWN,False,False,1011,15,36.0,8.0,09,1192746.0,1850490.0,2018,2018-05-08 15:27:00,41.70143657,-87.58178195,"(41.70143657, -87.58178195)",2018,5,Saturday
10001395,GH449508,2021-06-10 12:40:00,85XX N HALSTED ST,1200,NARCOTICS,POSS: CANNABIS 30GMS OR LESS,COMMERCIAL / BUSINESS OFFICE,True,False,2011,24,42.0,17.0,18,1179815.0,1890235.0,2021,2021-07-04 12:40:00,41.86857047,-87.651374465,"(41.86857047, -87.50937821)",2021,6,Thursday
10001396,QZ684105,2015-11-02 14:33:00,78XX E CHICAGO AVE,730,THEFT,SHOPLIFTING,UNKNOWN,False,False,812,4,49.0,11.0,06,1150902.0,1880800.0,2015,2015-11-03 14:33:00,41.75500671,-87.651374465,"(41.75500671, -87.5774317)",2015,11,Monday
10001397,GH833965,2023-11-28 19:27:00,77XX W STATE ST,750,THEFT,THEFT $500 AND UNDER,RETAIL STORE,False,False,1811,6,20.0,72.0,08B,1176975.0,1919132.0,2023,2023-12-22 19:27:00,41.9798694,-87.55395228,"(41.9798694, -87.55395228)",2023,11,Tuesday
10001398,QR305868,2016-02-13 06:40:00,64XX W MICHIGAN AVE,650,MOTOR VEHICLE THEFT,AUTOMOBILE,STREET,True,True,2011,7,24.0,26.0,11,1153679.0,1881715.0,2016,2016-03-03 06:40:00,41.84061179,-87.56716872,"(41.8439279, -87.56716872)",2016,2,Saturday
10001399,TD355565,2022-05-28 16:09:00,58XX W PULASKI RD,910,VANDALISM,CRIMINAL DAMAGE,STREET,False,False,1411,19,41.0,42.0,06,1152254.0,1888260.0,2022,2022-06-08 16:09:00,41.90451634,-87.51183215,"(41.90451634, -87.51183215)",2022,5,Saturday
10001400,NJ718911,2018-11-30 18:07:00,1XX N CLARK ST,560,ASSAULT,SIMPLE,SIDEWALK,False,False,121,9,26.0,41.0,02,1169314.0,1889541.0,2018,2018-12-30 18:07:00,41.76282627,-87.54665036,"(41.76282627, -87.54665036)",2018,11,Friday
10001401,XB113518,2019-04-27 08:53:00,58XX N HALSTED ST,560,ASSAULT,SIMPLE,SIDEWALK,True,False,621,15,6.0,35.0,16,1188978.0,1928200.0,2019,2019-05-09 08:53:00,41.97828257,-87.57105374,"(41.97828257, -87.57105374)",2019,4,Saturday
10001402,CE290453,2018-11-05 22:08:00,90XX N MICHIGAN AVE,486,BATTERY,DOMESTIC BATTERY AGGRAVATED,PARK PROPERTY,True,True,311,25,27.0,10.0,03,1185717.0,1873885.0,2018,2018-12-05 22:08:00,41.93534156,-87.67612078,"(41.93534156, -87.67612078)",2018,11,Monday
10001403,SJ697250,2020-08-30 12:18:00,66XX N MADISON ST,910,VANDALISM,CRIMINAL DAMAGE,PARK PROPERTY,True,False,321,10,19.0,51.0,06,1180137.0,1854462.0,2020,2020-09-07 12:18:00,41.91499008,-87.72084829,"(41.91499008, -87.72084829)",2020,8,Sunday
10001404,SU142314,2016-05-15 22:53:00,71XX E CHICAGO AVE,320,ROBBERY,STRONGARM - NO WEAPON,RETAIL STORE,False,False,1221,20,6.0,45.0,03,1154203.0,1877165.0,2016,2016-05-27 22:53:00,41.91431417,-87.57512671,"(41.91431417, -87.57512671)",2016,5,Sunday
10001405,CJ737228,2015-04-03 21:39:00,63XX N CICERO AVE,730,THEFT,SHOPLIFTING,RESIDENCE,False,True,1011,24,30.0,40.0,09,1157280.0,1874989.0,2015,2015-04-06 21:39:00,41.88435784,-87.5843018,"(41.88435784, -87.5843018)",2015,4,Friday
10001406,TO394599,2018-03-01 11:41:00,17XX W STATE ST,1200,NARCOTICS,POSS: CANNABIS 30GMS OR LESS,GROCERY FOOD STORE,True,False,912,18,44.0,4.0,20,1173921.0,1887940.0,2018,2018-03-17 11:41:00,41.73142796,-87.76005866,"(41.73142796, -87.76005866)",2018,3,Thursday
10001407,MB931008,2022-10-01 14:18:00,15XX N BROADWAY,1310,NARCOTICS,POSS: COCAINE,CONVENIENCE STORE,False,False,321,22,25.0,58.0,13,1175301.0,1925645.0,2022,2022-10-21 14:18:00,41.74700012,-87.63057893,"(41.74700012, -87.63057893)",2022,10,Saturday
10001408,RX444198,2017-07-04 10:45:00,95XX W BROADWAY,650,MOTOR VEHICLE THEFT,AUTOMOBILE,RESIDENCE,False,False,211,5,14.0,71.0,11,1197499.0,1884510.0,2017,2017-08-03 10:45:00,41.7235124,-87.53150307,"(41.7235124, -87.53150307)",2017,7,Tuesday
10001409,TW484530,2020-07-19 08:41:00,69XX E NORTH AVE,1020,WEAPONS VIOLATION,UNLAWFUL POSS OF HANDGUN,GROCERY FOOD STORE,False,False,411,18,26.0,2.0,15,1192026.0,1877113.0,2020,2020-07-31 08:41:00,41.81096207,-87.74667577,"(41.81096207, -87.74667577)",2020,7,Sunday
10001410,OK941545,2018-06-10 11:03:00,7XX E BROADWAY,560,ASSAULT,SIMPLE,CTA BUS,True,False,2411,17,17.0,66.0,12,1191287.0,1882481.0,2018,2018-06-15 11:03:00,41.97115633,-87.66753192,"(41.97115633, -87.66753192)",2018,6,Sunday
10001411,HT634487,2019-03-16 18:29:00,16XX S MADISON ST,460,BATTERY,SIMPLE,STREET,False,False,212,8,45.0,32.0,08B,1170769.0,1876167.0,2019,2019-04-14 18:29:00,41.96108503,-87.76863366,"(41.96108503, -87.76863366)",2019,3,Saturday
10001412,BJ791814,2015-03-22 06:12:00,58XX S CLARK ST,750,THEFT,THEFT $500 AND UNDER,GROCERY FOOD STORE,False,False,1411,9,7.0,20.0,11,1178734.0,1894337.0,2015,2015-03-26 06:12:00,41.74262293,-87.60850566,"(41.74262293, -87.60850566)",2015,3,Sunday
10001413,IS981240,2019-11-29 12:32:00,59XX S NORTH AVE,486,BATTERY,DOMESTIC BATTERY AGGRAVATED,"SCHOOL, PUBLIC, BUILDING",True,True,411,5,10.0,4.0,02,1164628.0,1895666.0,2019,2019-12-23 12:32:00,41.77256025,-87.79894155,"(41.77256025, -87.79894155)",2019,11,Friday
10001414,RD352178,2019-05-16 19:39:00,70XX E CLARK ST,620,BURGLARY,UNLAWFUL ENTRY,ALLEY,False,False,111,6,4.0,48.0,09,1195520.0,1859081.0,2019,2019-05-23 19:39:00,41.80908831,-87.62950203,"(41.80908831, -87.62950203)",2019,5,Thursday
10001415,CH721089,2017-09-30 22:06:00,56XX E CICERO AVE,2830,CRIMINAL TRESPASS,TO RESIDENCE,STREET,True,False,811,12,8.0,60.0,15,1178828.0,1852197.0,2017,2017-10-27 22:06:00,41.8670722,-87.74635016,"(41.8670722, -87.74635016)",2017,9,Saturday
10001416,YX751026,2018-09-23 21:36:00,83XX W GRAND AVE,486,BATTERY,DOMESTIC BATTERY AGGRAVATED,COMMERCIAL / BUSINESS OFFICE,True,True,321,14,32.0,38.0,26,1188687.0,1928758.0,2018,2018-09-30 21:36:00,41.80925177,-87.77538757,"(41.80925177, -87.77538757)",2018,9,Sunday
10001417,CS361515,2015-07-01 11:50:00,92XX S DIVISION ST,460,BATTERY,SIMPLE,PARKING LOT / GARAGE(NON.RESID.),True,False,411,1,26.0,31.0,04A,1170488.0,1872299.0,2015,2015-07-18 11:50:00,41.87283796,-87.63533348,"(41.87283796, -87.63533348)",2015,7,Wednesday
10001418,YA037824,2018-07-01 15:24:00,22XX W GRAND AVE,730,THEFT,SHOPLIFTING,RESTAURANT,False,True,912,2,10.0,55.0,02,1163259.0,1889142.0,2018,2018-07-04 15:24:00,41.91446926,-87.57272527,"(41.91446926, -87.57272527)",2018,7,Sunday
10001419,CJ761905,2019-01-03 21:05:00,10XX W MADISON ST,2830,CRIMINAL TRESPASS,TO RESIDENCE,PARKING LOT / GARAGE(NON.RESID.),False,False,811,20,3.0,52.0,04A,1170212.0,1898416.0,2019,2019-01-22 21:05:00,41.74278247,-87.74415936,"(41.74278247, -87.74415936)",2019,1,Thursday
10001420,AP292578,2023-11-13 21:59:00,31XX W DIVISION ST,750,THEFT,THEFT $500 AND UNDER,VEHICLE NON-COMMERCIAL,False,False,912,3,32.0,52.0,15,1196454.0,1917252.0,2023,2023-11-26 21:59:00,41.89096667,-87.54115105,"(41.89096667, -87.54115105)",2023,11,Monday
10001421,RA401084,2019-04-16 18:01:00,79XX S DIVISION ST,610,BURGLARY,FORCIBLE ENTRY,PARKING LOT / GARAGE(NON.RESID.),False,False,912,1,31.0,76.0,01A,1157156.0,1929901.0,2019,2019-05-04 18:01:00,41.69757326,-87.74407528,"(41.69757326, -87.74407528)",2019,4,Tuesday
10001422,TW513619,2016-12-19 18:43:00,94XX S NORTH AVE,486,BATTERY,DOMESTIC BATTERY AGGRAVATED,OTHER,True,True,2011,18,40.0,36.0,07,1187071.0,1860076.0,2016,2017-01-02 18:43:00,41.73734087,-87.55303191,"(41.73734087, -87.55303191)",2016,12,Monday
10001423,EJ232177,2021-08-11 20:52:00,39XX E ASHLAND AVE,460,BATTERY,SIMPLE,PARKING LOT / GARAGE(NON.RESID.),False,False,1911,1,39.0,69.0,08A,1186158.0,1885007.0,2021,2021-09-05 20:52:00,41.87749127,-87.73066263,"(41.87749127, -87.73066263)",2021,8,Wednesday
10001424,UH531148,2021-06-27 09:55:00,1XX W COTTAGE GROVE AVE,800,ARSON,AGGRAVATED,UNKNOWN,True,False,912,20,29.0,33.0,12,1199434.0,1912509.0,2021,2021-07-03 09:55:00,41.80838957,-87.5555561,"(41.80838957, -87.5555561)",2021,6,Sunday
10001425,WU946839,2020-05-15 06:43:00,52XX E CHICAGO AVE,5003,PUBLIC PEACE VIOLATION,DISORDERLY CONDUCT,PARK PROPERTY,False,False,311,18,6.0,28.0,08A,1179147.0,1856981.0,2020,2020-05-18 06:43:00,41.74799256,-87.62799484,"(41.74799256, -87.62799484)",2020,5,Friday
10001426,WG671692,2015-11-05 22:38:00,74XX E WESTERN AVE,486,BATTERY,DOMESTIC BATTERY AGGRAVATED,CTA TRAIN,True,True,1022,15,38.0,57.0,26,1163736.0,1874507.0,2015,2015-11-18 22:38:00,41.74513519,-87.74080653,"(41.74513519, -87.74080653)",2015,11,Thursday
10001427,FL165325,2016-08-17 07:11:00,30XX E GRAND AVE,5003,PUBLIC PEACE VIOLATION,DISORDERLY CONDUCT,UNKNOWN,False,False,2211,10,9.0,14.0,01A,1193693.0,1890235.0,2016,2016-09-08 07:11:00,41.84396419,-87.59955411,"(41.84396419, -87.59955411)",2016,8,Wednesday
10001428,GQ788296,2017-06-10 12:27:00,30XX S CHICAGO AVE,312,ROBBERY,ARMED: HANDGUN,ALLEY,True,False,521,7,44.0,38.0,11,1181639.0,1855160.0,2017,2017-07-04 12:27:00,41.71335462,-87.59788748,"(41.71335462, -87.59788748)",2017,6,Saturday
10001429,TR507326,2019-06-19 22:08:00,72XX W WESTERN AVE,1020,WEAPONS VIOLATION,UNLAWFUL POSS OF HANDGUN,RETAIL STORE,False,False,812,24,38.0,33.0,20,1165181.0,1886868.0,2019,2019-07-08 22:08:00,41.74211726,-87.6463334,"(41.74211726, -87.6463334)",2019,6,Wednesday
10001430,MD744789,2017-07-02 14:44:00,89XX S NORTH AVE,730,THEFT,SHOPLIFTING,ALLEY,False,True,212,14,6.0,56.0,20,1184097.0,1888727.0,2017,2017-07-12 14:44:00,41.77181139,-87.73204496,"(41.77181139, -87.73204496)",2017,7,Sunday
10001431,TY329071,2023-08-19 15:38:00,57XX W MADISON ST,610,BURGLARY,FORCIBLE ENTRY,GROCERY FOOD STORE,True,False,621,16,10.0,7.0,11,1187795.0,1858457.0,2023,2023-09-02 15:38:00,41.87385711,-87.78044489,"(41.87385711, -87.78044489)",2023,8,Saturday
10001432,CD976347,2019-11-15 07:45:00,76XX N BROADWAY,610,BURGLARY,FORCIBLE ENTRY,GAS STATION,False,False,121,19,47.0,35.0,12,1166814.0,1877655.0,2019,2019-11-23 07:45:00,41.72771009,-87.686409,"(41.72771009, -87.686409)",2019,11,Friday
10001433,NK851762,2019-10-18 15:13:00,53XX S CHICAGO AVE,320,ROBBERY,STRONGARM - NO WEAPON,CTA TRAIN,False,False,1811,10,13.0,46.0,13,1180323.0,1920563.0,2019,2019-11-16 15:13:00,41.87527775,-87.76757861,"(41.87527775, -87.76757861)",2019,10,Friday
10001434,NG867753,2019-02-28 21:40:00,44XX S CLARK ST,460,BATTERY,SIMPLE,SIDEWALK,False,False,911,22,49.0,43.0,18,1171249.0,1895449.0,2019,2019-03-11 21:40:00,41.96757376,-87.5579634,"(41.96757376, -87.5579634)",2019,2,Thursday
10001435,MA071646,2022-11-26 08:10:00,40XX S CHICAGO AVE,486,BATTERY,DOMESTIC BATTERY AGGRAVATED,APARTMENT,False,True,712,3,23.0,33.0,04B,1170068.0,1917410.0,2022,2022-12-26 08:10:00,41.98363823,-87.79004752,"(41.98363823, -87.79004752)",2022,11,Saturday
10001436,MV928172,2020-01-29 20:42:00,80XX E MICHIGAN AVE,750,THEFT,THEFT $500 AND UNDER,RESIDENCE,True,False,811,16,37.0,63.0,04A,1182779.0,1911324.0,2020,2020-02-27 20:42:00,41.86483367,-87.68143078,"(41.86483367, -87.68143078)",2020,1,Wednesday
10001437,ZI256069,2022-11-07 10:01:00,79XX N CHICAGO AVE,910,VANDALISM,CRIMINAL DAMAGE,RETAIL STORE,True,False,113,6,38.0,46.0,05,1183722.0,1917667.0,2022,2022-11-08 10:01:00,41.78115511,-87.72298555,"(41.78115511, -87.72298555)",2022,11,Monday
10001438,FD747282,2017-10-03 20:54:00,18XX E HALSTED ST,560,ASSAULT,SIMPLE,VEHICLE NON-COMMERCIAL,False,False,1111,19,35.0,40.0,16,1178072.0,1913358.0,2017,2017-10-24 20:54:00,41.70261289,-87.58611664,"(41.70261289, -87.58611664)",2017,10,Tuesday
10001439,UR865909,2020-06-05 19:40:00,81XX S HALSTED ST,320,ROBBERY,STRONGARM - NO WEAPON,BAR OR TAVERN,False,False,113,7,19.0,30.0,04A,1177352.0,1890235.0,2020,2020-06-12 19:40:00,41.96496906,-87.66383469,"(41.96496906, -87.66383469)",2020,6,Friday
10001440,HB061276,2017-08-22 22:35:00,46XX W BROADWAY,5003,PUBLIC PEACE VIOLATION,DISORDERLY CONDUCT,"SCHOOL, PUBLIC, BUILDING",False,False,111,14,37.0,62.0,07,1172486.0,1920620.0,2017,2017-08-30 22:35:00,41.84061179,-87.56207731,"(41.94204396, -87.56207731)",2017,8,Tuesday
10001441,DX662978,2017-12-10 22:09:00,87XX E FULLERTON AVE,460,BATTERY,SIMPLE,PARK PROPERTY,False,False,911,8,5.0,61.0,18,1182135.0,1902391.0,2017,2017-12-12 22:09:00,41.69300593,-87.78668248,"(41.69300593, -87.78668248)",2017,12,Sunday
10001442,AA996996,2017-06-05 22:18:00,45XX E COTTAGE GROVE AVE,320,ROBBERY,STRONGARM - NO WEAPON,RETAIL STORE,False,False,712,25,4.0,23.0,16,1161773.0,1894587.0,2017,2017-06-23 22:18:00,41.84061179,-87.58870473,"(41.87472038, -87.58870473)",2017,6,Monday
10001443,AZ161061,2023-12-15 19:44:00,96XX S HALSTED ST,730,THEFT,SHOPLIFTING,STREET,False,False,311,16,1.0,25.0,08A,1180614.0,1860715.0,2023,2024-01-02 19:44:00,41.82561926,-87.70153843,"(41.82561926, -87.70153843)",2023,12,Friday
10001444,EC345611,2019-01-03 21:07:00,90XX N COTTAGE GROVE AVE,1020,WEAPONS VIOLATION,UNLAWFUL POSS OF HANDGUN,ALLEY,False,False,121,15,14.0,60.0,06,1196594.0,1909573.0,2019,2019-01-08 21:07:00,41.8721748,-87.56896265,"(41.8721748, -87.56896265)",2019,1,Thursday
10001445,TM974145,2019-02-14 22:59:00,39XX E HALSTED ST,560,ASSAULT,SIMPLE,ALLEY,False,False,2211,14,11.0,9.0,17,1151643.0,1921694.0,2019,2019-02-26 22:59:00,41.90761203,-87.54650612,"(41.90761203, -87.54650612)",2019,2,Thursday
10001446,WB363193,2019-11-25 14:22:00,77XX W CLARK ST,320,ROBBERY,STRONGARM - NO WEAPON,APARTMENT,False,False,1511,25,21.0,64.0,13,1197053.0,1854180.0,2019,2019-12-24 14:22:00,41.85822098,-87.54152885,"(41.85822098, -87.54152885)",2019,11,Monday
10001447,IW616131,2021-02-12 04:49:00,54XX S GRAND AVE,1200,NARCOTICS,POSS: CANNABIS 30GMS OR LESS,"SCHOOL, PUBLIC, BUILDING",True,False,1011,14,27.0,1.0,04A,1168564.0,1907282.0,2021,2021-02-22 04:49:00,41.93567117,-87.74493796,"(41.93567117, -87.74493796)",2021,2,Friday
10001448,JU575268,2016-07-04 21:24:00,77XX E CLARK ST,5003,PUBLIC PEACE VIOLATION,DISORDERLY CONDUCT,RETAIL STORE,False,False,711,11,47.0,13.0,20,1165755.0,1857803.0,2016,2016-07-12 21:24:00,41.94589934,-87.61098643,"(41.94589934, -87.61098643)",2016,7,Monday
10001449,MH520084,2018-11-27 22:41:00,6XX N HALSTED ST,320,ROBBERY,STRONGARM - NO WEAPON,APARTMENT,True,False,312,22,46.0,44.0,26,1156487.0,1850561.0,2018,2018-12-18 22:41:00,41.88568281,-87.651374465,"(41.88568281, -87.70349203)",2018,11,Tuesday
10001450,EA205205,2023-06-05 12:48:00,38XX E CLARK ST,610,BURGLARY,FORCIBLE ENTRY,CTA TRAIN,True,False,621,24,7.0,58.0,20,1188827.0,1866634.0,2023,2023-06-18 12:48:00,41.79864444,-87.65277445,"(41.79864444, -87.65277445)",2023,6,Monday
10001451,CR517815,2018-06-27 08:56:00,49XX N NORTH AVE,650,MOTOR VEHICLE THEFT,AUTOMOBILE,HOSPITAL BUILDING/GROUNDS,False,False,511,22,4.0,74.0,17,1199115.0,1918388.0,2018,2018-07-01 08:56:00,41.91773913,-87.50558518,"(41.91773913, -87.50558518)",2018,6,Wednesday
10001452,XW641073,2016-10-17 15:47:00,77XX N DIVISION ST,1020,WEAPONS VIOLATION,UNLAWFUL POSS OF HANDGUN,PARKING LOT / GARAGE(NON.RESID.),False,False,311,15,38.0,17.0,08A,1178167.0,1903711.0,2016,2016-10-19 15:47:00,41.72312577,-87.68762347,"(41.72312577, -87.68762347)",2016,10,Monday
10001453,GO474050,2018-10-01 22:30:00,89XX E HALSTED ST,650,MOTOR VEHICLE THEFT,AUTOMOBILE,RESIDENCE,False,False,412,9,39.0,34.0,15,1173832.0,1895367.0,2018,2018-10-08 22:30:00,41.88813396,-87.73986856,"(41.88813396, -87.73986856)",2018,10,Monday
10001454,TM868719,2016-01-20 11:10:00,54XX S CICERO AVE,486,BATTERY,DOMESTIC BATTERY AGGRAVATED,STREET,False,True,111,3,41.0,57.0,18,1157227.0,1890257.0,2016,2016-01-29 11:10:00,41.95348805,-87.57138554,"(41.95348805, -87.57138554)",2016,1,Wednesday
10001455,AU651200,2017-09-06 21:07:00,86XX E MICHIGAN AVE,2830,CRIMINAL TRESPASS,TO RESIDENCE,"SCHOOL, PUBLIC, BUILDING",False,False,212,17,33.0,72.0,04B,1187944.0,1914097.0,2017,2017-09-26 21:07:00,41.79597727,-87.76657722,"(41.79597727, -87.76657722)",2017,9,Wednesday
10001456,BQ319665,2015-08-31 20:47:00,53XX S COTTAGE GROVE AVE,320,ROBBERY,STRONGARM - NO WEAPON,PARK PROPERTY,False,False,812,17,37.0,22.0,07,1196086.0,1890235.0,2015,2015-09-22 20:47:00,41.83940456,-87.73311064,"(41.83940456, -87.73311064)",2015,8,Monday
10001457,BW129399,2016-03-09 20:17:00,15XX S MADISON ST,320,ROBBERY,STRONGARM - NO WEAPON,COMMERCIAL / BUSINESS OFFICE,True,False,1121,16,50.0,49.0,04B,1169443.0,1916250.0,2016,2016-03-10 20:17:00,41.79135504,-87.55484669,"(41.79135504, -87.55484669)",2016,3,Wednesday
10001458,LJ220231,2021-08-27 11:17:00,40XX S WESTERN AVE,510,ASSAULT,AGGRAVATED: HANDGUN,RESTAURANT,True,False,1211,20,18.0,77.0,08A,1188177.0,1873107.0,2021,2021-09-18 11:17:00,41.94279259,-87.60238602,"(41.94279259, -87.60238602)",2021,8,Friday
10001459,BY077642,2018-07-22 08:56:00,61XX E ASHLAND AVE,320,ROBBERY,STRONGARM - NO WEAPON,VEHICLE NON-COMMERCIAL,False,False,712,18,35.0,51.0,03,1194753.0,1870000.0,2018,2018-08-08 08:56:00,41.95543368,-87.61688703,"(41.95543368, -87.61688703)",2018,7,Sunday
10001460,XB204249,2017-10-26 20:10:00,24XX S GRAND AVE,740,THEFT,THEFT OVER $500,CTA TRAIN,False,False,111,4,11.0,41.0,04B,1154897.0,1873037.0,2017,2017-11-04 20:10:00,41.89321995,-87.71748367,"(41.89321995, -87.71748367)",2017,10,Thursday
10001461,YN297875,2020-02-11 10:23:00,54XX S COTTAGE GROVE AVE,312,ROBBERY,ARMED: HANDGUN,BAR OR TAVERN,False,False,812,4,1.0,68.0,05,1184119.0,1893685.0,2020,2020-02-17 10:23:00,41.8820478,-87.69028812,"(41.8820478, -87.69028812)",2020,2,Tuesday
10001462,VF267746,2021-09-30 17:11:00,41XX E PULASKI RD,460,BATTERY,SIMPLE,COMMERCIAL / BUSINESS OFFICE,False,False,611,4,32.0,72.0,19,1160023.0,1923458.0,2021,2021-10-18 17:11:00,41.69062097,-87.72343791,"(41.69062097, -87.72343791)",2021,9,Thursday
10001463,GN879119,2015-05-11 21:39:00,64XX S BROADWAY,320,ROBBERY,STRONGARM - NO WEAPON,CONVENIENCE STORE,True,False,521,3,44.0,59.0,20,1150189.0,1891261.0,2015,2015-06-01 21:39:00,41.73013323,-87.60561729,"(41.73013323, -87.60561729)",2015,5,Monday
10001464,DX207453,2016-04-01 17:32:00,81XX N CHICAGO AVE,265,CRIM SEXUAL ASSAULT,AGGRAVATED: OTHER,GROCERY FOOD STORE,False,False,321,25,12.0,61.0,17,1151865.0,1880712.0,2016,2016-04-28 17:32:00,41.87704594,-87.7470554,"(41.87704594, -87.7470554)",2016,4,Friday
10001465,WT382799,2023-06-05 08:28:00,3XX S NORTH AVE,486,BATTERY,DOMESTIC BATTERY AGGRAVATED,RESTAURANT,True,True,521,2,8.0,17.0,02,1168394.0,1851960.0,2023,2023-06-18 08:28:00,41.73128472,-87.5469169,"(41.73128472, -87.5469169)",2023,6,Monday
10001466,DR972701,2019-02-08 16:55:00,43XX N HALSTED ST,1110,SEX OFFENSE,CRIMINAL SEXUAL ABUSE,CTA BUS,True,False,212,8,4.0,23.0,04B,1159684.0,1918261.0,2019,2019-02-21 16:55:00,41.85078634,-87.74239988,"(41.85078634, -87.74239988)",2019,2,Friday
10001467,JX903299,2016-10-17 21:09:00,78XX N BROADWAY,740,THEFT,THEFT OVER $500,ALLEY,False,False,1022,6,21.0,37.0,12,1168802.0,1914939.0,2016,2016-11-05 21:09:00,41.90115946,-87.71642889,"(41.90115946, -87.71642889)",2016,10,Monday
10001468,SE054912,2016-05-29 09:58:00,97XX S BROADWAY,1020,WEAPONS VIOLATION,UNLAWFUL POSS OF HANDGUN,STREET,False,False,1511,17,25.0,10.0,05,1199751.0,1876826.0,2016,2016-06-21 09:58:00,41.69356029,-87.55857601,"(41.69356029, -87.55857601)",2016,5,Sunday
10001469,YC776210,2022-04-03 09:54:00,78XX E COTTAGE GROVE AVE,1240,NARCOTICS,POSS: HEROIN(WHITE),RESTAURANT,True,False,521,18,40.0,63.0,17,1167161.0,1921038.0,2022,2022-04-28 09:54:00,41.72685842,-87.68597727,"(41.72685842, -87.68597727)",2022,4,Sunday
10001470,GJ215978,2020-12-15 20:15:00,48XX W FULLERTON AVE,650,MOTOR VEHICLE THEFT,AUTOMOBILE,BAR OR TAVERN,False,False,911,18,46.0,48.0,13,1166034.0,1900691.0,2020,2020-12-26 20:15:00,41.97487593,-87.6718524,"(41.97487593, -87.6718524)",2020,12,Tuesday
10001471,JC962912,2015-09-10 20:56:00,52XX W CLARK ST,910,VANDALISM,CRIMINAL DAMAGE,COMMERCIAL / BUSINESS OFFICE,False,False,1411,16,34.0,56.0,16,1155349.0,1892395.0,2015,2015-10-10 20:56:00,41.75977071,-87.651374465,UNKNOWN,2015,9,Thursday
10001472,BR028296,2016-08-24 19:39:00,6XX S NORTH AVE,850,DECEPTIVE PRACTICE,FRAUD,COMMERCIAL / BUSINESS OFFICE,False,False,412,12,40.0,50.0,05,1172619.0,1879298.0,2016,2016-09-19 19:39:00,41.85784773,-87.65424548,"(41.85784773, -87.65424548)",2016,8,Wednesday
10001473,QC285546,2019-05-07 17:46:00,91XX W MICHIGAN AVE,740,THEFT,THEFT OVER $500,SIDEWALK,False,True,2211,5,46.0,68.0,07,1159479.0,1852709.0,2019,2019-05-15 17:46:00,41.71741802,-87.77671612,"(41.71741802, -87.77671612)",2019,5,Tuesday
10001474,TB005324,2015-07-13 06:01:00,87XX W NORTH AVE,750,THEFT,THEFT $500 AND UNDER,UNKNOWN,False,True,1411,24,39.0,57.0,19,1174984.0,1860581.0,2015,2015-07-26 06:01:00,41.89671198,-87.78348611,"(41.89671198, -87.78348611)",2015,7,Monday
10001475,US179454,2019-06-10 16:13:00,94XX W PULASKI RD,320,ROBBERY,STRONGARM - NO WEAPON,SIDEWALK,False,True,212,22,3.0,41.0,03,1188068.0,1921455.0,2019,2019-07-08 16:13:00,41.96681108,-87.55032966,"(41.96681108, -87.55032966)",2019,6,Monday
10001476,BW078238,2021-04-07 08:09:00,58XX S WESTERN AVE,1310,NARCOTICS,POSS: COCAINE,GAS STATION,False,False,612,4,37.0,49.0,12,1175343.0,1880891.0,2021,2021-04-19 08:09:00,41.96512593,-87.51893159,"(41.96512593, -87.51893159)",2021,4,Wednesday
10001477,QD291143,2023-11-22 08:20:00,38XX S CLARK ST,1240,NARCOTICS,POSS: HEROIN(WHITE),CONVENIENCE STORE,True,False,121,9,41.0,68.0,05,1166434.0,1928630.0,2023,2023-12-19 08:20:00,41.79358717,-87.5488625,"(41.79358717, -87.5488625)",2023,11,Wednesday
10001478,MF098626,2021-11-26 20:08:00,66XX W MICHIGAN AVE,1310,NARCOTICS,POSS: COCAINE,CTA TRAIN,True,False,1111,8,7.0,68.0,05,1165361.0,1920753.0,2021,2021-11-27 20:08:00,41.92575375,-87.66132846,"(41.92575375, -87.66132846)",2021,11,Friday
10001479,QW793492,2022-12-14 17:27:00,42XX E MADISON ST,730,THEFT,SHOPLIFTING,CTA BUS,False,False,122,10,40.0,77.0,18,1156150.0,1883202.0,2022,2023-01-04 17:27:00,41.76710554,-87.58556877,"(41.76710554, -87.58556877)",2022,12,Wednesday
10001480,RI208006,2020-03-16 19:09:00,99XX E DIVISION ST,1200,NARCOTICS,POSS: CANNABIS 30GMS OR LESS,"SCHOOL, PUBLIC, BUILDING",False,False,1121,6,30.0,49.0,18,1156404.0,1918899.0,2020,2020-04-15 19:09:00,41.91009043,-87.61052759,"(41.91009043, -87.61052759)",2020,3,Monday
10001481,UR391072,2021-03-15 09:13:00,94XX W CHICAGO AVE,460,BATTERY,SIMPLE,HOSPITAL BUILDING/GROUNDS,True,False,611,8,26.0,43.0,18,1156625.0,1910909.0,2021,2021-03-20 09:13:00,41.84440853,-87.75142657,"(41.84440853, -87.75142657)",2021,3,Monday
10001482,EB347407,2019-02-05 18:30:00,46XX S CLARK ST,620,BURGLARY,UNLAWFUL ENTRY,OTHER,False,False,221,4,20.0,12.0,03,1174984.0,1862301.0,2019,2019-02-06 18:30:00,41.92161016,-87.76761342,"(41.92161016, -87.76761342)",2019,2,Tuesday
10001483,DA332441,2016-07-15 08:51:00,59XX W CICERO AVE,486,BATTERY,DOMESTIC BATTERY AGGRAVATED,UNKNOWN,True,True,211,3,3.0,72.0,04B,1164745.0,1851210.0,2016,2016-07-27 08:51:00,41.88333878,-87.54351232,"(41.88333878, -87.54351232)",2016,7,Friday
10001484,WZ481276,2017-07-16 18:06:00,36XX N CLARK ST,750,THEFT,THEFT $500 AND UNDER,PARK PROPERTY,False,False,121,10,16.0,11.0,03,1193995.0,1888059.0,2017,2017-07-19 18:06:00,41.86901793,-87.54062276,"(41.86901793, -87.54062276)",2017,7,Sunday
10001485,WD558138,2015-09-17 14:19:00,72XX E FULLERTON AVE,740,THEFT,THEFT OVER $500,COMMERCIAL / BUSINESS OFFICE,False,False,2411,5,45.0,70.0,07,1164219.0,1887965.0,2015,2015-10-10 14:19:00,41.95162178,-87.6932708,"(41.95162178, -87.6932708)",2015,9,Thursday
10001486,FT674639,2023-03-02 18:17:00,42XX E CHICAGO AVE,740,THEFT,THEFT OVER $500,CTA TRAIN,False,False,221,4,2.0,2.0,15,1191482.0,1887857.0,2023,2023-03-07 18:17:00,41.80983644,-87.76714527,"(41.80983644, -87.76714527)",2023,3,Thursday
10001487,CV137402,2015-02-04 03:42:00,59XX W PULASKI RD,320,ROBBERY,STRONGARM - NO WEAPON,SIDEWALK,False,False,911,5,42.0,45.0,06,1181979.0,1882024.0,2015,2015-02-25 03:42:00,41.94819635,-87.74500943,"(41.94819635, -87.74500943)",2015,2,Wednesday
10001488,JS559972,2018-04-19 20:40:00,30XX E PULASKI RD,740,THEFT,THEFT OVER $500,ALLEY,False,False,812,4,22.0,12.0,03,1177381.0,1855593.0,2018,2018-04-25 20:40:00,41.75608349,-87.65135841,"(41.75608349, -87.65135841)",2018,4,Thursday
10001489,II341649,2017-04-07 21:27:00,86XX W FULLERTON AVE,730,THEFT,SHOPLIFTING,STREET,True,False,2511,5,1.0,77.0,04B,1185183.0,1894668.0,2017,2017-04-10 21:27:00,41.88828117,-87.60163603,"(41.88828117, -87.60163603)",2017,4,Friday
10001490,ZE715367,2023-04-12 14:21:00,91XX E BROADWAY,510,ASSAULT,AGGRAVATED: HANDGUN,CTA TRAIN,False,False,1111,9,19.0,11.0,19,1154189.0,1875587.0,2023,2023-05-01 14:21:00,41.75163825,-87.57024316,"(41.75163825, -87.57024316)",2023,4,Wednesday
10001491,IW042368,2015-12-31 14:22:00,38XX E CLARK ST,740,THEFT,THEFT OVER $500,CONVENIENCE STORE,False,False,1211,3,13.0,8.0,15,1153926.0,1903612.0,2015,2016-01-13 14:22:00,41.87603593,-87.5135731,"(41.87603593, -87.5135731)",2015,12,Thursday
10001492,TM538408,2018-11-19 21:32:00,6XX E GRAND AVE,510,ASSAULT,AGGRAVATED: HANDGUN,APARTMENT,False,False,412,4,26.0,32.0,06,1194443.0,1906463.0,2018,2018-11-26 21:32:00,41.75650731,-87.56442121,"(41.75650731, -87.56442121)",2018,11,Monday
10001493,QG126814,2020-10-12 22:45:00,64XX E WESTERN AVE,460,BATTERY,SIMPLE,VEHICLE NON-COMMERCIAL,False,False,1111,15,6.0,7.0,08A,1160459.0,1890235.0,2020,2020-10-17 22:45:00,41.79384245,-87.54578463,"(41.79384245, -87.54578463)",2020,10,Monday
10001494,OW958140,2015-02-01 21:31:00,73XX N CICERO AVE,650,MOTOR VEHICLE THEFT,AUTOMOBILE,RESIDENCE,False,False,1711,14,41.0,28.0,03,1181570.0,1890235.0,2015,2015-02-05 21:31:00,41.75465721,-87.59689924,"(41.75465721, -87.59689924)",2015,2,Sunday
10001495,UC922874,2019-12-06 18:20:00,52XX W MADISON ST,320,ROBBERY,STRONGARM - NO WEAPON,"SCHOOL, PUBLIC, BUILDING",True,False,311,5,9.0,53.0,04A,1180733.0,1863444.0,2019,2019-12-30 18:20:00,41.79013741,-87.59416267,"(41.79013741, -87.59416267)",2019,12,Friday
10001496,PL472645,2023-10-14 20:21:00,15XX W PULASKI RD,650,MOTOR VEHICLE THEFT,AUTOMOBILE,VEHICLE NON-COMMERCIAL,True,False,912,8,32.0,55.0,09,1187672.0,1883908.0,2023,2023-11-03 20:21:00,41.95344409,-87.651374465,"(41.95344409, -87.70385357)",2023,10,Saturday
10001497,CD335448,2021-08-24 14:40:00,63XX S COTTAGE GROVE AVE,730,THEFT,SHOPLIFTING,GROCERY FOOD STORE,False,False,712,16,21.0,58.0,15,1162647.0,1861392.0,2021,2021-09-10 14:40:00,41.899954,-87.70862999,"(41.899954, -87.70862999)",2021,8,Tuesday
10001498,IG889728,2022-11-26 18:20:00,40XX N COTTAGE GROVE AVE,740,THEFT,THEFT OVER $500,CTA TRAIN,False,False,1121,15,40.0,73.0,07,1173965.0,1889356.0,2022,2022-12-19 18:20:00,41.83711636,-87.72005322,"(41.83711636, -87.72005322)",2022,11,Saturday
10001499,GW079524,2019-09-23 20:23:00,88XX W GRAND AVE,1020,WEAPONS VIOLATION,UNLAWFUL POSS OF HANDGUN,SIDEWALK,False,False,1111,6,46.0,6.0,13,1161654.0,1890235.0,2019,2019-10-07 20:23:00,41.95010298,-87.53240993,"(41.95010298, -87.53240993)",2019,9,Monday
10001500,KH438525,2023-04-02 11:47:00,11XX N DIVISION ST,610,BURGLARY,FORCIBLE ENTRY,OTHER,False,False,221,18,12.0,62.0,06,1190776.0,1923217.0,2023,2023-04-27 11:47:00,41.89624464,-87.52372102,"(41.89624464, -87.52372102)",2023,4,Sunday
10001501,PX127805,2023-03-20 21:29:00,79XX N NORTH AVE,610,BURGLARY,FORCIBLE ENTRY,VEHICLE NON-COMMERCIAL,False,False,212,20,31.0,11.0,19,1192130.0,1883338.0,2023,2023-04-12 21:29:00,41.82743124,-87.51141996,"(41.82743124, -87.51141996)",2023,3,Monday
10001502,CH179308,2022-05-28 23:36:00,41XX S CLARK ST,486,BATTERY,DOMESTIC BATTERY AGGRAVATED,ALLEY,True,True,112,10,10.0,3.0,02,1166547.0,1901318.0,2022,2022-06-14 23:36:00,41.97261981,-87.51820412,"(41.97261981, -87.51820412)",2022,5,Saturday
10001503,DT441991,2019-09-07 21:04:00,57XX W HALSTED ST,750,THEFT,THEFT $500 AND UNDER,GAS STATION,False,False,321,19,18.0,73.0,16,1160300.0,1926553.0,2019,2019-09-08 21:04:00,41.7061212,-87.56816825,"(41.7061212, -87.56816825)",2019,9,Saturday
10001504,IZ011604,2022-06-17 22:40:00,5XX E STATE ST,740,THEFT,THEFT OVER $500,"SCHOOL, PUBLIC, BUILDING",False,False,2011,25,20.0,72.0,02,1153319.0,1919611.0,2022,2022-06-24 22:40:00,41.79880133,-87.50604187,"(41.79880133, -87.50604187)",2022,6,Friday
10001505,CV442703,2022-01-09 14:51:00,94XX S COTTAGE GROVE AVE,740,THEFT,THEFT OVER $500,CONVENIENCE STORE,False,False,321,20,31.0,51.0,08B,1192677.0,1902745.0,2022,2022-01-26 14:51:00,41.92509927,-87.65928455,"(41.92509927, -87.65928455)",2022,1,Sunday
10001506,JB495674,2018-01-26 18:42:00,62XX N CLARK ST,650,MOTOR VEHICLE THEFT,AUTOMOBILE,VEHICLE NON-COMMERCIAL,False,False,211,9,38.0,50.0,05,1154603.0,1881711.0,2018,2018-02-23 18:42:00,41.88316209,-87.61005741,"(41.88316209, -87.61005741)",2018,1,Friday
10001507,PL123492,2015-09-27 17:36:00,17XX S GRAND AVE,620,BURGLARY,UNLAWFUL ENTRY,APARTMENT,False,False,1511,24,39.0,12.0,01A,1199028.0,1900954.0,2015,2015-10-04 17:36:00,41.69031234,-87.54119945,"(41.69031234, -87.54119945)",2015,9,Sunday
10001508,AS138446,2018-10-26 20:19:00,91XX S COTTAGE GROVE AVE,650,MOTOR VEHICLE THEFT,AUTOMOBILE,GROCERY FOOD STORE,False,False,1111,22,6.0,70.0,18,1175560.0,1905756.0,2018,2018-11-19 20:19:00,41.93963716,-87.61968426,"(41.93963716, -87.61968426)",2018,10,Friday
10001509,JG143277,2022-10-12 21:56:00,23XX E GRAND AVE,1240,NARCOTICS,POSS: HEROIN(WHITE),UNKNOWN,True,False,312,7,1.0,75.0,04B,1175263.0,1867799.0,2022,2022-10-23 21:56:00,41.77636086,-87.79458034,"(41.77636086, -87.79458034)",2022,10,Wednesday
10001510,DI776414,2021-05-24 08:27:00,9XX N STATE ST,1310,NARCOTICS,POSS: COCAINE,OTHER,True,True,1511,6,10.0,33.0,14,1184017.0,1890185.0,2021,2021-06-07 08:27:00,41.98401482,-87.75433374,"(41.98401482, -87.75433374)",2021,5,Monday
10001511,NY284593,2023-06-23 20:49:00,68XX S CHICAGO AVE,910,VANDALISM,CRIMINAL DAMAGE,PARKING LOT / GARAGE(NON.RESID.),False,False,412,8,33.0,26.0,17,1185986.0,1881884.0,2023,2023-06-30 20:49:00,41.8561747,-87.73692468,"(41.8561747, -87.73692468)",2023,6,Friday
10001512,YE977031,2021-02-03 23:14:00,86XX S PULASKI RD,5003,PUBLIC PEACE VIOLATION,DISORDERLY CONDUCT,CTA TRAIN,False,False,221,24,24.0,18.0,01A,1196179.0,1897746.0,2021,2021-02-27 23:14:00,41.80307017,-87.64507585,"(41.80307017, -87.64507585)",2021,2,Wednesday
10001513,NU820240,2019-12-25 20:34:00,57XX E DIVISION ST,486,BATTERY,DOMESTIC BATTERY AGGRAVATED,RESTAURANT,True,True,2411,15,29.0,30.0,17,1180440.0,1878710.0,2019,2020-01-22 20:34:00,41.84983232,-87.77971688,"(41.84983232, -87.77971688)",2019,12,Wednesday
10001514,GK254136,2017-02-08 13:06:00,47XX W COTTAGE GROVE AVE,560,ASSAULT,SIMPLE,APARTMENT,False,False,2511,19,18.0,15.0,07,1179016.0,1851715.0,2017,2017-02-25 13:06:00,41.80803633,-87.73655756,"(41.80803633, -87.73655756)",2017,2,Wednesday
10001515,YB205427,2020-11-19 19:50:00,83XX E MICHIGAN AVE,486,BATTERY,DOMESTIC BATTERY AGGRAVATED,RESTAURANT,True,True,1611,1,38.0,76.0,08A,1178422.0,1912730.0,2020,2020-11-20 19:50:00,41.9598135,-87.52014681,"(41.9598135, -87.52014681)",2020,11,Thursday
10001516,GA104308,2016-02-15 19:31:00,97XX E CICERO AVE,312,ROBBERY,ARMED: HANDGUN,OTHER,True,False,1221,20,39.0,57.0,03,1195372.0,1908436.0,2016,2016-03-02 19:31:00,41.89929017,-87.70775736,"(41.89929017, -87.70775736)",2016,2,Monday
10001517,AP760359,2016-03-19 11:15:00,44XX N STATE ST,850,DECEPTIVE PRACTICE,FRAUD,"SCHOOL, PUBLIC, BUILDING",True,False,111,19,25.0,77.0,14,1188083.0,1920863.0,2016,2016-04-16 11:15:00,41.95726588,-87.7788882,"(41.95726588, -87.7788882)",2016,3,Saturday
10001518,FB535500,2018-10-19 09:11:00,58XX W PULASKI RD,510,ASSAULT,AGGRAVATED: HANDGUN,CTA TRAIN,False,False,2511,4,20.0,69.0,03,1174984.0,1879889.0,2018,2018-10-24 09:11:00,41.74686072,-87.55949103,"(41.74686072, -87.55949103)",2018,10,Friday
10001519,HD495655,2023-10-22 05:08:00,30XX S HALSTED ST,2830,CRIMINAL TRESPASS,TO RESIDENCE,COMMERCIAL / BUSINESS OFFICE,False,True,1611,17,19.0,6.0,18,1184341.0,1896232.0,2023,2023-11-08 05:08:00,41.93823272,-87.50554936,"(41.93823272, -87.50554936)",2023,10,Sunday
10001520,GY092085,2019-01-11 04:24:00,96XX W MADISON ST,486,BATTERY,DOMESTIC BATTERY AGGRAVATED,CTA TRAIN,False,True,212,2,36.0,25.0,10,1163133.0,1908364.0,2019,2019-02-08 04:24:00,41.73493089,-87.67748179,"(41.73493089, -87.67748179)",2019,1,Friday
10001521,HK100896,2022-09-16 22:16:00,51XX N BROADWAY,2830,CRIMINAL TRESPASS,TO RESIDENCE,GAS STATION,True,False,1411,16,20.0,68.0,10,1189293.0,1908140.0,2022,2022-10-03 22:16:00,41.73595264,-87.79176536,"(41.73595264, -87.79176536)",2022,9,Friday
10001522,MF155731,2015-04-30 23:39:00,75XX N BROADWAY,750,THEFT,THEFT $500 AND UNDER,COMMERCIAL / BUSINESS OFFICE,False,False,1221,18,24.0,48.0,07,1190221.0,1890235.0,2015,2015-05-01 23:39:00,41.95739341,-87.73617187,"(41.95739341, -87.73617187)",2015,4,Thursday
10001523,LZ912826,2023-10-07 11:04:00,18XX S FULLERTON AVE,460,BATTERY,SIMPLE,"SCHOOL, PUBLIC, BUILDING",True,True,521,10,12.0,33.0,20,1156538.0,1901842.0,2023,2023-11-06 11:04:00,41.93402219,-87.62573383,UNKNOWN,2023,10,Saturday
10001524,XB035696,2018-06-18 13:51:00,98XX N MADISON ST,610,BURGLARY,FORCIBLE ENTRY,SIDEWALK,False,False,612,6,33.0,57.0,12,1194944.0,1894197.0,2018,2018-06-25 13:51:00,41.81505382,-87.67897658,"(41.81505382, -87.67897658)",2018,6,Monday
10001525,WZ816898,2021-02-04 23:47:00,93XX N BROADWAY,750,THEFT,THEFT $500 AND UNDER,RESTAURANT,False,True,212,11,30.0,70.0,18,1195541.0,1914016.0,2021,2021-03-02 23:47:00,41.83426568,-87.61370153,"(41.83426568, -87.61370153)",2021,2,Thursday
10001526,MU436351,2019-07-24 22:26:00,88XX W CICERO AVE,750,THEFT,THEFT $500 AND UNDER,RETAIL STORE,False,False,1121,5,26.0,51.0,19,1166626.0,1912182.0,2019,2019-08-20 22:26:00,41.94700167,-87.70588927,"(41.94700167, -87.70588927)",2019,7,Wednesday
10001527,TF601614,2019-10-24 23:32:00,43XX N CHICAGO AVE,750,THEFT,THEFT $500 AND UNDER,CTA BUS,False,True,1711,10,40.0,14.0,26,1175836.0,1882311.0,2019,2019-11-21 23:32:00,41.80547817,-87.75194863,"(41.80547817, -87.75194863)",2019,10,Thursday
10001528,RD676635,2023-11-05 09:10:00,67XX E CLARK ST,1310,NARCOTICS,POSS: COCAINE,RESTAURANT,False,True,1411,6,15.0,15.0,10,1177878.0,1920490.0,2023,2023-11-29 09:10:00,41.89968018,-87.53968397,"(41.89968018, -87.53968397)",2023,11,Sunday
10001529,IP911954,2019-07-27 13:31:00,41XX E MADISON ST,620,BURGLARY,UNLAWFUL ENTRY,RESTAURANT,False,False,221,20,26.0,50.0,18,1156216.0,1890483.0,2019,2019-08-15 13:31:00,41.77675079,-87.7552003,"(41.77675079, -87.7552003)",2019,7,Saturday
10001530,LR399341,2019-04-09 11:58:00,79XX N CLARK ST,750,THEFT,THEFT $500 AND UNDER,BAR OR TAVERN,False,False,511,10,20.0,42.0,11,1151003.0,1915519.0,2019,2019-04-13 11:58:00,41.97810837,-87.54705547,UNKNOWN,2019,4,Tuesday
10001531,WJ081378,2015-01-24 15:36:00,42XX S FULLERTON AVE,650,MOTOR VEHICLE THEFT,AUTOMOBILE,HOSPITAL BUILDING/GROUNDS,False,True,712,17,42.0,14.0,10,1179121.0,1905245.0,2015,2015-02-05 15:36:00,41.86486243,-87.7704086,"(41.86486243, -87.7704086)",2015,1,Saturday
10001532,RG716005,2020-04-02 19:12:00,85XX N NORTH AVE,910,VANDALISM,CRIMINAL DAMAGE,STREET,False,False,1221,1,39.0,5.0,01A,1162537.0,1850256.0,2020,2020-04-23 19:12:00,41.90703879,-87.68444966,"(41.90703879, -87.68444966)",2020,4,Thursday
10001533,FV176350,2016-11-12 10:31:00,60XX S CHICAGO AVE,750,THEFT,THEFT $500 AND UNDER,GROCERY FOOD STORE,False,False,121,15,40.0,42.0,08A,1152242.0,1896811.0,2016,2016-11-20 10:31:00,41.96503995,-87.68424835,"(41.96503995, -87.68424835)",2016,11,Saturday
10001534,WS062930,2022-08-05 18:51:00,21XX W CLARK ST,740,THEFT,THEFT OVER $500,OTHER,False,False,312,20,28.0,38.0,13,1180503.0,1899772.0,2022,2022-08-25 18:51:00,41.9371906,-87.5854956,"(41.9371906, -87.5854956)",2022,8,Friday
10001535,NP938513,2016-10-02 18:59:00,47XX W PULASKI RD,460,BATTERY,SIMPLE,RESTAURANT,False,False,113,6,28.0,6.0,06,1158362.0,1891651.0,2016,2016-10-12 18:59:00,41.88377848,-87.60233378,"(41.88377848, -87.60233378)",2016,10,Sunday
10001536,EQ269947,2016-10-27 16:49:00,95XX N HALSTED ST,560,ASSAULT,SIMPLE,RESTAURANT,True,False,1121,18,44.0,43.0,03,1188623.0,1854658.0,2016,2016-11-22 16:49:00,41.83713584,-87.67297331,"(41.83713584, -87.67297331)",2016,10,Thursday
10001537,YR939346,2018-09-20 19:29:00,28XX N PULASKI RD,320,ROBBERY,STRONGARM - NO WEAPON,PARK PROPERTY,False,False,521,20,33.0,68.0,08B,1156359.0,1862055.0,2018,2018-09-30 19:29:00,41.98117524,-87.63142167,"(41.98117524, -87.63142167)",2018,9,Thursday
10001538,EC159108,2022-12-29 19:09:00,28XX N COTTAGE GROVE AVE,560,ASSAULT,SIMPLE,"SCHOOL, PUBLIC, BUILDING",False,False,911,9,31.0,14.0,02,1152321.0,1922800.0,2022,2023-01-22 19:09:00,41.957439,-87.79484446,"(41.957439, -87.79484446)",2022,12,Thursday
10001539,MN080136,2017-08-02 18:26:00,51XX W GRAND AVE,620,BURGLARY,UNLAWFUL ENTRY,CTA TRAIN,False,False,612,5,8.0,38.0,18,1163333.0,1859970.0,2017,2017-08-26 18:26:00,41.72192088,-87.60619938,"(41.72192088, -87.60619938)",2017,8,Wednesday
10001540,JI199747,2019-08-25 17:02:00,23XX S WESTERN AVE,910,VANDALISM,CRIMINAL DAMAGE,APARTMENT,False,True,2011,7,46.0,50.0,07,1172221.0,1895405.0,2019,2019-09-01 17:02:00,41.95291604,-87.5441735,UNKNOWN,2019,8,Sunday
10001541,ZZ185586,2021-11-11 19:34:00,74XX S WESTERN AVE,460,BATTERY,SIMPLE,SIDEWALK,False,True,2411,18,39.0,11.0,17,1196899.0,1929296.0,2021,2021-11-25 19:34:00,41.84061179,-87.66901198,"(41.89875887, -87.66901198)",2021,11,Thursday
10001542,ZN893572,2018-10-11 07:54:00,65XX W DIVISION ST,650,MOTOR VEHICLE THEFT,AUTOMOBILE,ALLEY,False,False,511,11,34.0,51.0,04B,1158291.0,1887881.0,2018,2018-11-10 07:54:00,41.75322273,-87.73869009,"(41.75322273, -87.73869009)",2018,10,Thursday
10001543,LO095533,2021-11-27 11:29:00,88XX N ASHLAND AVE,750,THEFT,THEFT $500 AND UNDER,VEHICLE NON-COMMERCIAL,False,True,711,22,26.0,47.0,06,1153319.0,1853615.0,2021,2021-12-04 11:29:00,41.79197396,-87.66831578,"(41.79197396, -87.66831578)",2021,11,Saturday
10001544,QW776119,2023-08-17 12:47:00,6XX E STATE ST,5003,PUBLIC PEACE VIOLATION,DISORDERLY CONDUCT,RETAIL STORE,True,False,1121,6,26.0,71.0,16,1181228.0,1890235.0,2023,2023-08-21 12:47:00,41.9806801,-87.79853152,"(41.9806801, -87.79853152)",2023,8,Thursday
10001545,IP702250,2022-01-21 11:10:00,29XX S BROADWAY,610,BURGLARY,FORCIBLE ENTRY,RESTAURANT,True,False,612,14,15.0,54.0,26,1156782.0,1905367.0,2022,2022-02-10 11:10:00,41.93112391,-87.70903763,"(41.93112391, -87.70903763)",2022,1,Friday
10001546,WU564168,2022-04-21 12:40:00,50XX N CLARK ST,1310,NARCOTICS,POSS: COCAINE,APARTMENT,True,True,411,16,28.0,65.0,11,1157620.0,1912667.0,2022,2022-04-27 12:40:00,41.88425488,-87.76936812,"(41.88425488, -87.76936812)",2022,4,Thursday
10001547,MM347101,2015-11-03 15:41:00,7XX E CICERO AVE,620,BURGLARY,UNLAWFUL ENTRY,GAS STATION,True,False,121,8,8.0,57.0,11,1174984.0,1850136.0,2015,2015-11-10 15:41:00,41.95859337,-87.7282268,"(41.95859337, -87.7282268)",2015,11,Tuesday
10001548,DR138086,2019-08-30 11:48:00,97XX E COTTAGE GROVE AVE,486,BATTERY,DOMESTIC BATTERY AGGRAVATED,RETAIL STORE,False,True,122,3,13.0,31.0,16,1175157.0,1898815.0,2019,2019-09-08 11:48:00,41.79703468,-87.62154593,"(41.79703468, -87.62154593)",2019,8,Friday
10001549,VN317462,2019-04-03 14:05:00,18XX E PULASKI RD,312,ROBBERY,ARMED: HANDGUN,CTA TRAIN,True,False,412,14,20.0,54.0,06,1175751.0,1901112.0,2019,2019-04-10 14:05:00,41.78044439,-87.74937068,"(41.78044439, -87.74937068)",2019,4,Wednesday
10001550,ZN098031,2021-10-24 15:43:00,20XX E CLARK ST,5003,PUBLIC PEACE VIOLATION,DISORDERLY CONDUCT,VEHICLE NON-COMMERCIAL,True,False,711,10,1.0,56.0,02,1182033.0,1875877.0,2021,2021-11-06 15:43:00,41.89762266,-87.56401287,"(41.89762266, -87.56401287)",2021,10,Sunday
10001551,MN949434,2022-01-18 14:52:00,37XX S NORTH AVE,650,MOTOR VEHICLE THEFT,AUTOMOBILE,ALLEY,False,False,1221,15,20.0,22.0,09,1197360.0,1890235.0,2022,2022-02-17 14:52:00,41.74624922,-87.53788094,"(41.74624922, -87.53788094)",2022,1,Tuesday
10001552,WJ344140,2016-06-27 15:49:00,38XX E WESTERN AVE,1200,NARCOTICS,POSS: CANNABIS 30GMS OR LESS,RETAIL STORE,True,False,1211,19,9.0,13.0,03,1156031.0,1895333.0,2016,2016-07-15 15:49:00,41.81511014,-87.54171243,"(41.81511014, -87.54171243)",2016,6,Monday
10001553,EI950538,2016-10-07 23:29:00,79XX S PULASKI RD,850,DECEPTIVE PRACTICE,FRAUD,APARTMENT,False,True,122,11,46.0,52.0,10,1169126.0,1903793.0,2016,2016-10-26 23:29:00,41.69323202,-87.52591976,"(41.69323202, -87.52591976)",2016,10,Friday
10001554,SD690117,2023-03-06 22:47:00,82XX E WESTERN AVE,510,ASSAULT,AGGRAVATED: HANDGUN,HOSPITAL BUILDING/GROUNDS,False,True,311,3,12.0,7.0,10,1161717.0,1892253.0,2023,2023-03-09 22:47:00,41.94289375,-87.75830778,"(41.94289375, -87.75830778)",2023,3,Monday
10001555,KQ715388,2022-01-10 19:39:00,69XX S CICERO AVE,510,ASSAULT,AGGRAVATED: HANDGUN,SIDEWALK,False,False,611,17,49.0,61.0,13,1199563.0,1881201.0,2022,2022-01-29 19:39:00,41.87048388,-87.66829868,"(41.87048388, -87.66829868)",2022,1,Monday
10001556,FT526598,2016-09-27 20:24:00,66XX N HALSTED ST,650,MOTOR VEHICLE THEFT,AUTOMOBILE,HOSPITAL BUILDING/GROUNDS,False,False,712,3,20.0,72.0,17,1171952.0,1854028.0,2016,2016-10-14 20:24:00,41.72700837,-87.64827841,"(41.72700837, -87.64827841)",2016,9,Tuesday
10001557,SH929746,2022-01-06 12:00:00,74XX N ASHLAND AVE,740,THEFT,THEFT OVER $500,CTA TRAIN,False,False,121,9,37.0,44.0,05,1154840.0,1917239.0,2022,2022-01-21 12:00:00,41.94407207,-87.74875744,"(41.94407207, -87.74875744)",2022,1,Thursday
10001558,EW327197,2022-05-05 18:14:00,61XX W COTTAGE GROVE AVE,1200,NARCOTICS,POSS: CANNABIS 30GMS OR LESS,GROCERY FOOD STORE,True,False,412,8,33.0,14.0,07,1183236.0,1856116.0,2022,2022-05-10 18:14:00,41.91084362,-87.6551665,"(41.91084362, -87.6551665)",2022,5,Thursday
10001559,NW886855,2023-09-15 11:27:00,78XX N MADISON ST,850,DECEPTIVE PRACTICE,FRAUD,STREET,False,False,212,18,18.0,62.0,05,1195085.0,1912084.0,2023,2023-09-29 11:27:00,41.96319607,-87.78238983,"(41.96319607, -87.78238983)",2023,9,Friday
10001560,VK105156,2021-08-22 23:32:00,11XX W FULLERTON AVE,740,THEFT,THEFT OVER $500,CTA BUS,False,False,212,18,38.0,2.0,07,1184662.0,1876927.0,2021,2021-08-28 23:32:00,41.85135523,-87.54526646,"(41.85135523, -87.54526646)",2021,8,Sunday
10001561,ZE010253,2020-12-18 10:31:00,81XX N COTTAGE GROVE AVE,510,ASSAULT,AGGRAVATED: HANDGUN,RESIDENCE,False,True,911,16,48.0,6.0,01A,1162775.0,1868607.0,2020,2021-01-09 10:31:00,41.93541645,-87.57738742,"(41.93541645, -87.57738742)",2020,12,Friday
10001562,HA260062,2022-01-11 17:09:00,68XX S CICERO AVE,1240,NARCOTICS,POSS: HEROIN(WHITE),PARK PROPERTY,True,False,521,11,37.0,53.0,12,1174984.0,1897259.0,2022,2022-02-06 17:09:00,41.9151944,-87.57178085,"(41.9151944, -87.57178085)",2022,1,Tuesday
10001563,OP228031,2023-03-25 11:26:00,66XX N NORTH AVE,750,THEFT,THEFT $500 AND UNDER,CONVENIENCE STORE,False,False,112,19,44.0,18.0,03,1176163.0,1916666.0,2023,2023-04-04 11:26:00,41.72794351,-87.70714344,"(41.72794351, -87.70714344)",2023,3,Saturday
10001564,BU489240,2016-09-17 02:37:00,4XX N GRAND AVE,1200,NARCOTICS,POSS: CANNABIS 30GMS OR LESS,GROCERY FOOD STORE,False,False,2211,15,1.0,35.0,18,1157878.0,1865497.0,2016,2016-09-20 02:37:00,41.72285414,-87.57931786,"(41.72285414, -87.57931786)",2016,9,Saturday
10001565,IK437998,2015-07-28 20:19:00,36XX N DIVISION ST,730,THEFT,SHOPLIFTING,CONVENIENCE STORE,True,False,1221,2,26.0,47.0,26,1169413.0,1877716.0,2015,2015-08-13 20:19:00,41.73768025,-87.67504239,"(41.73768025, -87.67504239)",2015,7,Tuesday
10001566,WP665845,2019-02-13 17:31:00,31XX S CHICAGO AVE,320,ROBBERY,STRONGARM - NO WEAPON,BAR OR TAVERN,False,False,411,20,12.0,53.0,26,1174984.0,1852262.0,2019,2019-03-06 17:31:00,41.73117437,-87.66187184,"(41.73117437, -87.66187184)",2019,2,Wednesday
10001567,GY833785,2022-06-18 20:34:00,36XX N STATE ST,460,BATTERY,SIMPLE,SIDEWALK,True,False,111,7,9.0,16.0,01A,1191320.0,1850768.0,2022,2022-06-30 20:34:00,41.84061179,-87.63676008,"(41.96030728, -87.63676008)",2022,6,Saturday
10001568,NF585534,2020-06-23 03:47:00,78XX N WESTERN AVE,312,ROBBERY,ARMED: HANDGUN,CTA TRAIN,True,False,2511,22,3.0,42.0,11,1150346.0,1881272.0,2020,2020-07-20 03:47:00,41.8282855,-87.61944099,"(41.8282855, -87.61944099)",2020,6,Tuesday
10001569,RG628774,2022-12-15 15:11:00,81XX W HALSTED ST,730,THEFT,SHOPLIFTING,HOSPITAL BUILDING/GROUNDS,False,False,712,15,46.0,74.0,16,1167875.0,1871765.0,2022,2023-01-04 15:11:00,41.89668099,-87.61316505,"(41.89668099, -87.61316505)",2022,12,Thursday
10001570,LH721126,2020-12-28 06:47:00,26XX W STATE ST,650,MOTOR VEHICLE THEFT,AUTOMOBILE,HOSPITAL BUILDING/GROUNDS,False,False,1211,19,35.0,50.0,17,1161286.0,1895918.0,2020,2021-01-23 06:47:00,41.80039932,-87.79250547,"(41.80039932, -87.79250547)",2020,12,Monday
10001571,GN523235,2018-06-26 01:24:00,21XX W CICERO AVE,560,ASSAULT,SIMPLE,"SCHOOL, PUBLIC, BUILDING",False,False,1121,10,31.0,69.0,20,1187629.0,1867252.0,2018,2018-07-02 01:24:00,41.79731424,-87.66798615,"(41.79731424, -87.66798615)",2018,6,Tuesday
10001572,LB051728,2018-04-27 22:24:00,10XX E NORTH AVE,910,VANDALISM,CRIMINAL DAMAGE,ALLEY,False,False,1221,15,7.0,63.0,18,1178313.0,1850238.0,2018,2018-05-15 22:24:00,41.70717144,-87.52921514,"(41.70717144, -87.52921514)",2018,4,Friday
10001573,YJ413188,2020-11-27 02:29:00,88XX S STATE ST,1020,WEAPONS VIOLATION,UNLAWFUL POSS OF HANDGUN,UNKNOWN,True,False,912,20,45.0,44.0,11,1153684.0,1884114.0,2020,2020-12-22 02:29:00,41.91954767,-87.71065512,UNKNOWN,2020,11,Friday
10001574,VD684346,2017-03-05 15:07:00,94XX E PULASKI RD,510,ASSAULT,AGGRAVATED: HANDGUN,PARK PROPERTY,False,True,1022,8,42.0,62.0,04B,1150240.0,1916675.0,2017,2017-03-29 15:07:00,41.97279797,-87.66308151,"(41.97279797, -87.66308151)",2017,3,Sunday
10001575,KH061152,2016-10-01 14:35:00,96XX W CHICAGO AVE,460,BATTERY,SIMPLE,PARKING LOT / GARAGE(NON.RESID.),False,False,1511,18,36.0,5.0,20,1189658.0,1892372.0,2016,2016-10-21 14:35:00,41.88007093,-87.7142674,"(41.88007093, -87.7142674)",2016,10,Saturday
10001576,HY756090,2020-07-02 23:13:00,62XX W GRAND AVE,486,BATTERY,DOMESTIC BATTERY AGGRAVATED,HOSPITAL BUILDING/GROUNDS,True,True,1221,4,6.0,71.0,16,1181353.0,1871899.0,2020,2020-07-13 23:13:00,41.80799177,-87.7221237,"(41.80799177, -87.7221237)",2020,7,Thursday
10001577,NH184240,2015-08-13 21:42:00,86XX E FULLERTON AVE,312,ROBBERY,ARMED: HANDGUN,GAS STATION,False,False,1211,18,34.0,49.0,01A,1150458.0,1904883.0,2015,2015-08-31 21:42:00,41.90912793,-87.74758491,"(41.90912793, -87.74758491)",2015,8,Thursday
10001578,UC073240,2020-11-05 08:39:00,56XX W STATE ST,650,MOTOR VEHICLE THEFT,AUTOMOBILE,GAS STATION,False,False,1811,24,31.0,7.0,08A,1189391.0,1923658.0,2020,2020-11-22 08:39:00,41.88827942,-87.67183732,"(41.88827942, -87.67183732)",2020,11,Thursday
10001579,UM120017,2019-03-13 12:44:00,1XX S COTTAGE GROVE AVE,620,BURGLARY,UNLAWFUL ENTRY,STREET,False,False,1911,22,24.0,63.0,04B,1155737.0,1893439.0,2019,2019-04-04 12:44:00,41.96992835,-87.52412454,"(41.96992835, -87.52412454)",2019,3,Wednesday
10001580,KV962565,2020-01-04 18:15:00,71XX S DIVISION ST,510,ASSAULT,AGGRAVATED: HANDGUN,BAR OR TAVERN,False,False,312,25,42.0,28.0,03,1199712.0,1906490.0,2020,2020-01-14 18:15:00,41.8719274,-87.74352946,"(41.8719274, -87.74352946)",2020,1,Saturday
10001581,JY025981,2018-10-03 14:30:00,79XX N STATE ST,740,THEFT,THEFT OVER $500,RETAIL STORE,False,False,121,24,13.0,60.0,16,1176261.0,1877815.0,2018,2018-10-07 14:30:00,41.7796572,-87.54520399,"(41.7796572, -87.54520399)",2018,10,Wednesday
10001582,RD090696,2018-01-01 11:19:00,32XX N HALSTED ST,650,MOTOR VEHICLE THEFT,AUTOMOBILE,RESIDENCE,False,False,1711,8,6.0,19.0,17,1197342.0,1886682.0,2018,2018-01-14 11:19:00,41.89619959,-87.78713631,"(41.89619959, -87.78713631)",2018,1,Monday
10001583,TM724983,2017-07-30 15:00:00,61XX S BROADWAY,610,BURGLARY,FORCIBLE ENTRY,"SCHOOL, PUBLIC, BUILDING",False,False,1411,19,29.0,64.0,01A,1157921.0,1908029.0,2017,2017-08-24 15:00:00,41.91527095,-87.73830739,"(41.91527095, -87.73830739)",2017,7,Sunday
10001584,DF968193,2018-12-20 20:15:00,78XX W ASHLAND AVE,800,ARSON,AGGRAVATED,OTHER,False,False,121,15,31.0,31.0,09,1171141.0,1909490.0,2018,2019-01-04 20:15:00,41.85141856,-87.77685263,"(41.85141856, -87.77685263)",2018,12,Thursday
10001585,HV469021,2023-09-12 19:29:00,39XX E MADISON ST,460,BATTERY,SIMPLE,CTA TRAIN,False,False,121,25,27.0,58.0,05,1185981.0,1915373.0,2023,2023-09-13 19:29:00,41.90103894,-87.58085005,"(41.90103894, -87.58085005)",2023,9,Tuesday
10001586,DE183840,2018-07-23 17:51:00,45XX E FULLERTON AVE,320,ROBBERY,STRONGARM - NO WEAPON,RETAIL STORE,False,False,1121,8,37.0,36.0,06,1150628.0,1895803.0,2018,2018-08-06 17:51:00,41.7541177,-87.77013625,"(41.7541177, -87.77013625)",2018,7,Monday
10001587,RV267315,2021-02-19 02:15:00,81XX N NORTH AVE,740,THEFT,THEFT OVER $500,ALLEY,False,True,2011,15,48.0,40.0,20,1178940.0,1899639.0,2021,2021-03-05 02:15:00,41.88459727,-87.651374465,"(41.88459727, -87.55270178)",2021,2,Friday
10001588,LB480045,2015-01-17 03:55:00,68XX N BROADWAY,730,THEFT,SHOPLIFTING,CTA BUS,False,False,911,6,9.0,8.0,02,1178793.0,1878748.0,2015,2015-01-22 03:55:00,41.70275447,-87.62406879,"(41.70275447, -87.62406879)",2015,1,Saturday
10001589,BR833917,2023-11-13 13:20:00,3XX S CHICAGO AVE,910,VANDALISM,CRIMINAL DAMAGE,STREET,False,False,1611,14,33.0,68.0,12,1197407.0,1865748.0,2023,2023-11-15 13:20:00,41.9236525,-87.74515726,"(41.9236525, -87.74515726)",2023,11,Monday
10001590,HS309881,2019-10-17 17:16:00,33XX W WESTERN AVE,320,ROBBERY,STRONGARM - NO WEAPON,CTA BUS,False,False,1121,24,48.0,41.0,26,1188662.0,1924589.0,2019,2019-11-11 17:16:00,41.84061179,-87.65995728,"(41.81470498, -87.65995728)",2019,10,Thursday
10001591,ID244499,2016-12-31 09:11:00,93XX S CLARK ST,800,ARSON,AGGRAVATED,STREET,True,False,521,11,47.0,70.0,06,1174984.0,1919673.0,2016,2017-01-05 09:11:00,41.92118193,-87.75066968,"(41.92118193, -87.75066968)",2016,12,Saturday
10001592,CI666004,2019-04-11 09:46:00,51XX W CICERO AVE,460,BATTERY,SIMPLE,GAS STATION,True,False,2511,17,39.0,31.0,04B,1178894.0,1872813.0,2019,2019-04-20 09:46:00,41.97712009,-87.64753946,"(41.97712009, -87.64753946)",2019,4,Thursday
10001593,SX219129,2016-07-10 22:31:00,12XX S CHICAGO AVE,460,BATTERY,SIMPLE,GAS STATION,True,False,621,25,48.0,69.0,16,1155270.0,1865843.0,2016,2016-07-12 22:31:00,41.96984739,-87.70409489,"(41.96984739, -87.70409489)",2016,7,Sunday
10001594,WE644776,2020-06-18 18:04:00,11XX N ASHLAND AVE,910,VANDALISM,CRIMINAL DAMAGE,APARTMENT,True,False,1022,15,24.0,25.0,07,1154145.0,1887838.0,2020,2020-06-20 18:04:00,41.90728389,-87.651374465,"(41.90728389, -87.63050848)",2020,6,Thursday
10001595,AM213128,2019-04-23 14:53:00,29XX E CICERO AVE,650,MOTOR VEHICLE THEFT,AUTOMOBILE,BAR OR TAVERN,False,False,411,3,48.0,72.0,08B,1174040.0,1890213.0,2019,2019-04-27 14:53:00,41.71608607,-87.79477936,"(41.71608607, -87.79477936)",2019,4,Tuesday
10001596,UN207307,2019-06-05 16:13:00,98XX S MADISON ST,750,THEFT,THEFT $500 AND UNDER,CTA BUS,False,False,2211,11,43.0,36.0,17,1151432.0,1914737.0,2019,2019-06-14 16:13:00,41.89025107,-87.74912583,"(41.89025107, -87.74912583)",2019,6,Wednesday
10001597,HM861959,2015-06-10 16:22:00,58XX W PULASKI RD,460,BATTERY,SIMPLE,CONVENIENCE STORE,True,True,1811,8,19.0,72.0,05,1159321.0,1907980.0,2015,2015-07-07 16:22:00,41.84061179,-87.57379393,"(41.8723915, -87.57379393)",2015,6,Wednesday
10001598,TW028611,2020-07-05 21:27:00,3XX N MICHIGAN AVE,460,BATTERY,SIMPLE,COMMERCIAL / BUSINESS OFFICE,False,False,1221,17,26.0,41.0,01A,1175098.0,1901106.0,2020,2020-07-08 21:27:00,41.83211759,-87.6159971,"(41.83211759, -87.6159971)",2020,7,Sunday
10001599,BT794509,2021-05-26 09:22:00,37XX E NORTH AVE,850,DECEPTIVE PRACTICE,FRAUD,VEHICLE NON-COMMERCIAL,True,False,2211,24,36.0,10.0,12,1162490.0,1885863.0,2021,2021-06-17 09:22:00,41.97171162,-87.72002994,"(41.97171162, -87.72002994)",2021,5,Wednesday
10001600,KO585503,2022-01-22 22:06:00,17XX W CHICAGO AVE,560,ASSAULT,SIMPLE,OTHER,True,False,2411,18,30.0,16.0,15,1189417.0,1867822.0,2022,2022-02-01 22:06:00,41.91616391,-87.54028785,"(41.91616391, -87.54028785)",2022,1,Saturday
10001601,PX446760,2020-01-30 18:43:00,58XX W MADISON ST,750,THEFT,THEFT $500 AND UNDER,GAS STATION,False,False,1011,18,41.0,55.0,18,1186666.0,1879692.0,2020,2020-02-26 18:43:00,41.92737616,-87.52210306,"(41.92737616, -87.52210306)",2020,1,Thursday
10001602,AT304820,2017-07-06 17:17:00,48XX E NORTH AVE,510,ASSAULT,AGGRAVATED: HANDGUN,GAS STATION,False,False,411,10,45.0,12.0,16,1152609.0,1869670.0,2017,2017-07-21 17:17:00,41.81130152,-87.69865064,UNKNOWN,2017,7,Thursday
10001603,LT786701,2016-11-04 23:49:00,28XX W STATE ST,740,THEFT,THEFT OVER $500,RESIDENCE,False,False,812,6,38.0,45.0,16,1160899.0,1890965.0,2016,2016-11-26 23:49:00,41.83997748,-87.6144509,"(41.83997748, -87.6144509)",2016,11,Friday
10001604,FJ770619,2020-02-04 00:34:00,49XX S CLARK ST,460,BATTERY,SIMPLE,PARK PROPERTY,True,False,1511,10,35.0,51.0,17,1174984.0,1900499.0,2020,2020-03-04 00:34:00,41.91634333,-87.75249334,"(41.91634333, -87.75249334)",2020,2,Tuesday
10001605,MC569910,2022-12-31 11:54:00,43XX S STATE ST,610,BURGLARY,FORCIBLE ENTRY,HOSPITAL BUILDING/GROUNDS,True,False,1211,12,26.0,55.0,08A,1155938.0,1858896.0,2022,2023-01-04 11:54:00,41.875909,-87.64675672,"(41.875909, -87.64675672)",2022,12,Saturday
10001606,JB777064,2016-01-04 15:18:00,32XX S MADISON ST,486,BATTERY,DOMESTIC BATTERY AGGRAVATED,UNKNOWN,True,True,211,17,46.0,33.0,05,1165001.0,1856871.0,2016,2016-01-07 15:18:00,41.94062466,-87.69636477,"(41.94062466, -87.69636477)",2016,1,Monday
10001607,MQ820719,2018-04-21 11:20:00,56XX W FULLERTON AVE,1310,NARCOTICS,POSS: COCAINE,CTA TRAIN,False,True,122,11,42.0,1.0,19,1173051.0,1914565.0,2018,2018-04-27 11:20:00,41.79976768,-87.651374465,UNKNOWN,2018,4,Saturday
10001608,DL026117,2017-12-23 09:22:00,47XX N PULASKI RD,510,ASSAULT,AGGRAVATED: HANDGUN,RESTAURANT,False,False,113,3,34.0,36.0,11,1185556.0,1900958.0,2017,2018-01-16 09:22:00,41.75259906,-87.75397506,"(41.75259906, -87.75397506)",2017,12,Saturday
10001609,DO371986,2021-06-16 20:41:00,17XX E CICERO AVE,620,BURGLARY,UNLAWFUL ENTRY,COMMERCIAL / BUSINESS OFFICE,False,False,1011,12,4.0,13.0,11,1182940.0,1915458.0,2021,2021-06-17 20:41:00,41.89284233,-87.5173653,"(41.89284233, -87.5173653)",2021,6,Wednesday
10001610,QC469129,2017-09-05 19:07:00,56XX N FULLERTON AVE,850,DECEPTIVE PRACTICE,FRAUD,SIDEWALK,False,False,621,7,42.0,22.0,17,1169999.0,1904558.0,2017,2017-09-22 19:07:00,41.86115603,-87.65193235,"(41.86115603, -87.65193235)",2017,9,Tuesday
10001611,ON615125,2021-02-03 21:46:00,64XX N DIVISION ST,312,ROBBERY,ARMED: HANDGUN,SIDEWALK,False,False,621,10,23.0,3.0,20,1155176.0,1890235.0,2021,2021-02-08 21:46:00,41.89761708,-87.6276466,"(41.89761708, -87.6276466)",2021,2,Wednesday
10001612,KT122997,2022-10-23 22:57:00,26XX W PULASKI RD,620,BURGLARY,UNLAWFUL ENTRY,HOSPITAL BUILDING/GROUNDS,True,False,521,24,42.0,57.0,12,1174984.0,1862697.0,2022,2022-11-14 22:57:00,41.75531083,-87.7582839,"(41.75531083, -87.7582839)",2022,10,Sunday
10001613,HG527193,2017-05-29 11:04:00,81XX S CLARK ST,750,THEFT,THEFT $500 AND UNDER,HOSPITAL BUILDING/GROUNDS,False,True,712,12,30.0,76.0,07,1167489.0,1864127.0,2017,2017-05-30 11:04:00,41.89741943,-87.74524819,"(41.89741943, -87.74524819)",2017,5,Monday
10001614,ZG854229,2016-05-10 19:42:00,85XX W GRAND AVE,750,THEFT,THEFT $500 AND UNDER,GROCERY FOOD STORE,False,False,411,1,28.0,55.0,06,1158664.0,1852102.0,2016,2016-05-25 19:42:00,41.7210594,-87.67135995,"(41.7210594, -87.67135995)",2016,5,Tuesday
10001615,EC682166,2016-06-30 19:55:00,75XX S CHICAGO AVE,320,ROBBERY,STRONGARM - NO WEAPON,RESIDENCE,False,False,112,2,33.0,23.0,02,1175720.0,1864595.0,2016,2016-07-18 19:55:00,41.94610856,-87.62180927,"(41.94610856, -87.62180927)",2016,6,Thursday
10001616,UR722401,2016-11-17 12:01:00,66XX S MADISON ST,265,CRIM SEXUAL ASSAULT,AGGRAVATED: OTHER,STREET,False,False,1411,25,11.0,22.0,17,1173180.0,1928063.0,2016,2016-11-18 12:01:00,41.84061179,-87.69166486,"(41.73085762, -87.69166486)",2016,11,Thursday
10001617,DJ718430,2020-07-02 07:22:00,21XX N MADISON ST,320,ROBBERY,STRONGARM - NO WEAPON,COMMERCIAL / BUSINESS OFFICE,True,True,312,14,35.0,42.0,17,1189809.0,1879534.0,2020,2020-07-04 07:22:00,41.84302797,-87.50037939,"(41.84302797, -87.50037939)",2020,7,Thursday
10001618,IO552769,2019-03-09 23:57:00,97XX N ASHLAND AVE,620,BURGLARY,UNLAWFUL ENTRY,CTA BUS,False,False,1611,8,26.0,38.0,01A,1183657.0,1903042.0,2019,2019-03-11 23:57:00,41.72774957,-87.69682565,"(41.72774957, -87.69682565)",2019,3,Saturday
10001619,BZ606703,2017-01-24 20:46:00,86XX W STATE ST,910,VANDALISM,CRIMINAL DAMAGE,"SCHOOL, PUBLIC, BUILDING",False,False,2511,20,45.0,44.0,13,1154086.0,1896522.0,2017,2017-02-20 20:46:00,41.95920925,-87.55904057,"(41.95920925, -87.55904057)",2017,1,Tuesday
10001620,BH891855,2023-06-13 18:23:00,8XX W WESTERN AVE,730,THEFT,SHOPLIFTING,OTHER,False,False,1121,19,47.0,70.0,13,1163604.0,1867699.0,2023,2023-06-24 18:23:00,41.72306625,-87.60242816,"(41.72306625, -87.60242816)",2023,6,Tuesday
10001621,OB118212,2016-04-26 15:14:00,98XX N HALSTED ST,486,BATTERY,DOMESTIC BATTERY AGGRAVATED,ALLEY,True,True,712,24,25.0,55.0,01A,1189450.0,1922101.0,2016,2016-05-09 15:14:00,41.77357911,-87.7735422,"(41.77357911, -87.7735422)",2016,4,Tuesday
10001622,HP292922,2022-01-05 18:07:00,72XX N PULASKI RD,620,BURGLARY,UNLAWFUL ENTRY,OTHER,False,True,812,20,32.0,65.0,17,1174984.0,1869075.0,2022,2022-01-26 18:07:00,41.82503985,-87.76616313,"(41.82503985, -87.76616313)",2022,1,Wednesday
10001623,JI856401,2022-11-13 10:59:00,31XX N GRAND AVE,5003,PUBLIC PEACE VIOLATION,DISORDERLY CONDUCT,SIDEWALK,False,False,1411,7,6.0,51.0,26,1150860.0,1923240.0,2022,2022-12-12 10:59:00,41.84061179,-87.68455988,"(41.80680709, -87.68455988)",2022,11,Sunday
10001624,TI892457,2016-10-26 20:01:00,47XX W NORTH AVE,560,ASSAULT,SIMPLE,CTA TRAIN,False,False,1511,14,22.0,28.0,15,1159784.0,1865056.0,2016,2016-11-13 20:01:00,41.8971735,-87.58616107,"(41.8971735, -87.58616107)",2016,10,Wednesday
10001625,GS395078,2019-03-20 23:45:00,60XX W ASHLAND AVE,320,ROBBERY,STRONGARM - NO WEAPON,ALLEY,True,False,121,25,16.0,23.0,04A,1174526.0,1912120.0,2019,2019-04-10 23:45:00,41.87845354,-87.651374465,"(41.87845354, -87.73461797)",2019,3,Wednesday
10001626,IH339593,2017-12-25 12:16:00,64XX N COTTAGE GROVE AVE,560,ASSAULT,SIMPLE,RESIDENCE,True,False,121,16,28.0,3.0,09,1180413.0,1920535.0,2017,2018-01-07 12:16:00,41.73168245,-87.50634598,"(41.73168245, -87.50634598)",2017,12,Monday
10001627,UZ764474,2015-04-25 18:37:00,32XX W PULASKI RD,620,BURGLARY,UNLAWFUL ENTRY,RESTAURANT,False,False,712,11,20.0,39.0,10,1157233.0,1858762.0,2015,2015-04-26 18:37:00,41.88474967,-87.52291359,"(41.88474967, -87.52291359)",2015,4,Saturday
10001628,TB111174,2021-08-28 15:25:00,42XX N DIVISION ST,460,BATTERY,SIMPLE,OTHER,False,False,212,12,36.0,9.0,07,1171883.0,1890235.0,2021,2021-09-27 15:25:00,41.91713148,-87.56128911,"(41.91713148, -87.56128911)",2021,8,Saturday
10001629,FU160186,2019-09-03 13:32:00,11XX S PULASKI RD,730,THEFT,SHOPLIFTING,UNKNOWN,False,False,212,7,9.0,56.0,01A,1172619.0,1917620.0,2019,2019-09-06 13:32:00,41.84061179,-87.7590359,"(41.76798752, -87.7590359)",2019,9,Tuesday
10001630,RU298221,2023-08-25 23:50:00,59XX E PULASKI RD,910,VANDALISM,CRIMINAL DAMAGE,COMMERCIAL / BUSINESS OFFICE,False,False,122,8,15.0,15.0,16,1170735.0,1926073.0,2023,2023-09-06 23:50:00,41.84212632,-87.70287613,"(41.84212632, -87.70287613)",2023,8,Friday
10001631,ZV018315,2023-01-22 04:08:00,44XX W CLARK ST,750,THEFT,THEFT $500 AND UNDER,VEHICLE NON-COMMERCIAL,True,True,1611,4,28.0,71.0,09,1154184.0,1906062.0,2023,2023-01-28 04:08:00,41.84356896,-87.53919735,"(41.84356896, -87.53919735)",2023,1,Sunday
10001632,FZ642693,2022-10-27 19:40:00,96XX S STATE ST,320,ROBBERY,STRONGARM - NO WEAPON,OTHER,False,False,2211,17,28.0,50.0,04A,1191664.0,1858193.0,2022,2022-11-08 19:40:00,41.79314685,-87.67670714,"(41.79314685, -87.67670714)",2022,10,Thursday
10001633,XB396488,2017-08-04 22:28:00,77XX W COTTAGE GROVE AVE,1310,NARCOTICS,POSS: COCAINE,COMMERCIAL / BUSINESS OFFICE,False,False,521,14,25.0,40.0,03,1197806.0,1878447.0,2017,2017-08-07 22:28:00,41.74778438,-87.56017155,"(41.74778438, -87.56017155)",2017,8,Friday
10001634,QB588543,2022-10-31 20:46:00,7XX E COTTAGE GROVE AVE,2830,CRIMINAL TRESPASS,TO RESIDENCE,UNKNOWN,True,True,122,3,32.0,32.0,02,1184051.0,1870992.0,2022,2022-11-25 20:46:00,41.95052065,-87.79073511,"(41.95052065, -87.79073511)",2022,10,Monday
10001635,JM335995,2020-12-08 10:36:00,63XX W DIVISION ST,510,ASSAULT,AGGRAVATED: HANDGUN,CTA TRAIN,True,False,111,6,48.0,77.0,01A,1177189.0,1919349.0,2020,2021-01-06 10:36:00,41.74441526,-87.71964241,"(41.74441526, -87.71964241)",2020,12,Tuesday
10001636,RQ727633,2021-07-11 19:55:00,21XX S CLARK ST,740,THEFT,THEFT OVER $500,PARK PROPERTY,False,False,113,3,5.0,52.0,04B,1197426.0,1894641.0,2021,2021-08-08 19:55:00,41.93191824,-87.63676053,"(41.93191824, -87.63676053)",2021,7,Sunday
10001637,UR172633,2022-01-21 13:08:00,17XX W NORTH AVE,560,ASSAULT,SIMPLE,PARKING LOT / GARAGE(NON.RESID.),False,True,311,20,6.0,33.0,16,1178966.0,1871585.0,2022,2022-02-10 13:08:00,41.7092647,-87.73910564,UNKNOWN,2022,1,Friday
10001638,BM995806,2019-08-20 20:28:00,72XX W COTTAGE GROVE AVE,800,ARSON,AGGRAVATED,VEHICLE NON-COMMERCIAL,False,False,2511,25,14.0,8.0,11,1180593.0,1867108.0,2019,2019-09-10 20:28:00,41.69791708,-87.54411901,"(41.69791708, -87.54411901)",2019,8,Tuesday
10001639,DZ376149,2023-02-10 12:28:00,12XX E DIVISION ST,2830,CRIMINAL TRESPASS,TO RESIDENCE,ALLEY,False,False,1811,22,33.0,39.0,20,1175471.0,1877657.0,2023,2023-02-18 12:28:00,41.6932701,-87.788958,"(41.6932701, -87.788958)",2023,2,Friday
10001640,II011066,2018-01-07 21:26:00,70XX E MADISON ST,620,BURGLARY,UNLAWFUL ENTRY,BAR OR TAVERN,False,False,2211,12,6.0,35.0,07,1162979.0,1909967.0,2018,2018-02-04 21:26:00,41.88505841,-87.77909311,"(41.88505841, -87.77909311)",2018,1,Sunday
10001641,XP078456,2021-03-17 17:39:00,64XX W DIVISION ST,1200,NARCOTICS,POSS: CANNABIS 30GMS OR LESS,ALLEY,False,False,312,8,2.0,73.0,03,1197725.0,1874700.0,2021,2021-04-09 17:39:00,41.84061179,-87.651374465,"(41.90367548, -87.75052374)",2021,3,Wednesday
10001642,DI294242,2022-06-09 15:14:00,43XX S STATE ST,610,BURGLARY,FORCIBLE ENTRY,CONVENIENCE STORE,False,False,411,10,38.0,53.0,10,1155762.0,1890235.0,2022,2022-06-20 15:14:00,41.79501145,-87.79453338,"(41.79501145, -87.79453338)",2022,6,Thursday
10001643,IE857098,2016-05-04 06:46:00,71XX E CHICAGO AVE,312,ROBBERY,ARMED: HANDGUN,STREET,True,False,411,11,49.0,64.0,19,1158136.0,1881731.0,2016,2016-05-13 06:46:00,41.80249366,-87.50579358,"(41.80249366, -87.50579358)",2016,5,Wednesday
10001644,YT012912,2016-09-05 20:52:00,68XX E BROADWAY,460,BATTERY,SIMPLE,SIDEWALK,False,False,1011,24,36.0,53.0,05,1183920.0,1925247.0,2016,2016-09-23 20:52:00,41.84061179,-87.68002507,"(41.71938714, -87.68002507)",2016,9,Monday
10001645,TN095597,2017-12-03 19:57:00,78XX W FULLERTON AVE,910,VANDALISM,CRIMINAL DAMAGE,UNKNOWN,True,False,121,2,43.0,45.0,07,1197225.0,1895609.0,2017,2017-12-04 19:57:00,41.93117007,-87.79860221,"(41.93117007, -87.79860221)",2017,12,Sunday
10001646,DC647005,2018-06-16 07:19:00,42XX W COTTAGE GROVE AVE,460,BATTERY,SIMPLE,APARTMENT,False,False,1611,4,17.0,1.0,03,1178819.0,1877941.0,2018,2018-07-02 07:19:00,41.84061179,-87.65361158,"(41.84545712, -87.65361158)",2018,6,Saturday
10001647,VL137243,2021-07-11 12:49:00,60XX W FULLERTON AVE,1200,NARCOTICS,POSS: CANNABIS 30GMS OR LESS,HOSPITAL BUILDING/GROUNDS,False,False,212,22,7.0,40.0,04B,1197727.0,1890102.0,2021,2021-08-01 12:49:00,41.93311478,-87.74420831,"(41.93311478, -87.74420831)",2021,7,Sunday
10001648,KG723080,2022-12-01 07:25:00,71XX S MADISON ST,1240,NARCOTICS,POSS: HEROIN(WHITE),HOSPITAL BUILDING/GROUNDS,False,False,912,18,24.0,76.0,14,1171513.0,1889514.0,2022,2022-12-27 07:25:00,41.71126009,-87.65173546,"(41.71126009, -87.65173546)",2022,12,Thursday
10001649,UB713618,2016-01-03 19:02:00,36XX S PULASKI RD,910,VANDALISM,CRIMINAL DAMAGE,APARTMENT,False,False,712,3,42.0,59.0,17,1173753.0,1884895.0,2016,2016-01-29 19:02:00,41.71797316,-87.70600545,"(41.71797316, -87.70600545)",2016,1,Sunday
10001650,KL690714,2018-01-07 19:26:00,81XX E BROADWAY,486,BATTERY,DOMESTIC BATTERY AGGRAVATED,"SCHOOL, PUBLIC, BUILDING",True,True,621,10,11.0,43.0,04A,1197366.0,1880893.0,2018,2018-01-30 19:26:00,41.84061179,-87.66145653,"(41.782877, -87.66145653)",2018,1,Sunday
10001651,SP013094,2017-09-13 10:19:00,26XX E NORTH AVE,750,THEFT,THEFT $500 AND UNDER,PARKING LOT / GARAGE(NON.RESID.),False,False,2211,9,23.0,30.0,26,1178478.0,1902332.0,2017,2017-10-08 10:19:00,41.95681713,-87.63531864,"(41.95681713, -87.63531864)",2017,9,Wednesday
10001652,XU825060,2022-08-11 21:51:00,3XX W MICHIGAN AVE,750,THEFT,THEFT $500 AND UNDER,OTHER,False,True,711,22,4.0,40.0,19,1180279.0,1882063.0,2022,2022-08-26 21:51:00,41.76033105,-87.65283443,"(41.76033105, -87.65283443)",2022,8,Thursday
10001653,FM222888,2022-01-30 12:00:00,28XX S ASHLAND AVE,740,THEFT,THEFT OVER $500,HOSPITAL BUILDING/GROUNDS,True,False,321,5,10.0,24.0,16,1160239.0,1926107.0,2022,2022-02-19 12:00:00,41.72104827,-87.61297093,"(41.72104827, -87.61297093)",2022,1,Sunday
10001654,BS741916,2022-07-04 09:42:00,73XX W HALSTED ST,460,BATTERY,SIMPLE,GAS STATION,True,False,311,7,44.0,25.0,17,1199324.0,1859556.0,2022,2022-07-10 09:42:00,41.78032888,-87.57370431,"(41.78032888, -87.57370431)",2022,7,Monday
10001655,FF283029,2020-01-04 08:30:00,85XX E GRAND AVE,2830,CRIMINAL TRESPASS,TO RESIDENCE,"SCHOOL, PUBLIC, BUILDING",False,False,2511,2,17.0,67.0,05,1188613.0,1863223.0,2020,2020-01-05 08:30:00,41.98727773,-87.55935821,"(41.98727773, -87.55935821)",2020,1,Saturday
10001656,VF322750,2023-10-08 16:00:00,12XX E GRAND AVE,620,BURGLARY,UNLAWFUL ENTRY,COMMERCIAL / BUSINESS OFFICE,False,False,1121,16,32.0,32.0,14,1167786.0,1891504.0,2023,2023-10-29 16:00:00,41.91813613,-87.51371025,"(41.91813613, -87.51371025)",2023,10,Sunday
10001657,ER731429,2019-04-05 19:39:00,74XX E COTTAGE GROVE AVE,750,THEFT,THEFT $500 AND UNDER,RESIDENCE,False,False,221,16,48.0,68.0,02,1170040.0,1890235.0,2019,2019-04-11 19:39:00,41.70317492,-87.61831971,"(41.70317492, -87.61831971)",2019,4,Friday
10001658,YS448752,2022-10-11 13:29:00,66XX N FULLERTON AVE,740,THEFT,THEFT OVER $500,RETAIL STORE,True,False,912,10,31.0,32.0,18,1164854.0,1905332.0,2022,2022-11-08 13:29:00,41.82598911,-87.70890045,UNKNOWN,2022,10,Tuesday
10001659,TH194217,2017-05-28 10:07:00,66XX N PULASKI RD,730,THEFT,SHOPLIFTING,APARTMENT,False,False,811,19,31.0,16.0,07,1180851.0,1865529.0,2017,2017-06-26 10:07:00,41.69547566,-87.55731626,"(41.69547566, -87.55731626)",2017,5,Sunday
10001660,FP640985,2021-11-29 16:44:00,19XX S NORTH AVE,650,MOTOR VEHICLE THEFT,AUTOMOBILE,STREET,True,False,521,20,37.0,60.0,17,1174048.0,1853119.0,2021,2021-12-11 16:44:00,41.864992,-87.53757253,"(41.864992, -87.53757253)",2021,11,Monday
10001661,UE340150,2020-05-18 03:41:00,86XX S GRAND AVE,610,BURGLARY,FORCIBLE ENTRY,GAS STATION,False,False,612,22,35.0,53.0,08A,1154092.0,1858463.0,2020,2020-05-31 03:41:00,41.70927744,-87.63628756,"(41.70927744, -87.63628756)",2020,5,Monday
10001662,FB392147,2023-12-31 09:44:00,9XX N CLARK ST,2830,CRIMINAL TRESPASS,TO RESIDENCE,CTA BUS,False,False,911,12,11.0,15.0,07,1196653.0,1903342.0,2023,2024-01-30 09:44:00,41.92357341,-87.58109218,"(41.92357341, -87.58109218)",2023,12,Sunday
10001663,LH976574,2022-11-17 22:25:00,56XX W WESTERN AVE,610,BURGLARY,FORCIBLE ENTRY,APARTMENT,False,False,711,11,41.0,57.0,16,1161613.0,1905253.0,2022,2022-12-17 22:25:00,41.87412644,-87.56228195,"(41.87412644, -87.56228195)",2022,11,Thursday
10001664,FE370161,2015-02-22 02:30:00,76XX W STATE ST,800,ARSON,AGGRAVATED,RESTAURANT,False,False,221,17,35.0,31.0,03,1160168.0,1901149.0,2015,2015-03-22 02:30:00,41.98412307,-87.5802656,"(41.98412307, -87.5802656)",2015,2,Sunday
10001665,YO477107,2020-05-29 22:28:00,40XX N DIVISION ST,110,HOMICIDE,FIRST DEGREE MURDER,CONVENIENCE STORE,True,False,411,17,46.0,77.0,13,1172985.0,1915248.0,2020,2020-06-15 22:28:00,41.93493416,-87.58133024,"(41.93493416, -87.58133024)",2020,5,Friday
10001666,FU971401,2023-01-30 17:57:00,11XX S NORTH AVE,510,ASSAULT,AGGRAVATED: HANDGUN,ALLEY,False,False,1511,7,2.0,70.0,05,1158839.0,1928621.0,2023,2023-02-26 17:57:00,41.8591168,-87.61996756,"(41.8591168, -87.61996756)",2023,1,Monday
10001667,GE501712,2023-09-01 16:18:00,17XX N STATE ST,2830,CRIMINAL TRESPASS,TO RESIDENCE,PARK PROPERTY,True,False,1811,8,32.0,24.0,26,1154965.0,1863422.0,2023,2023-09-11 16:18:00,41.7662424,-87.58282167,"(41.7662424, -87.58282167)",2023,9,Friday
10001668,ST469023,2016-11-25 17:17:00,15XX E WESTERN AVE,460,BATTERY,SIMPLE,APARTMENT,False,False,1411,22,40.0,28.0,15,1176751.0,1914194.0,2016,2016-11-27 17:17:00,41.8147611,-87.53284205,"(41.8147611, -87.53284205)",2016,11,Friday
10001669,OS961884,2021-05-23 11:23:00,60XX E COTTAGE GROVE AVE,1200,NARCOTICS,POSS: CANNABIS 30GMS OR LESS,GAS STATION,False,False,911,14,35.0,38.0,02,1152725.0,1920325.0,2021,2021-06-22 11:23:00,41.94424308,-87.59179707,"(41.94424308, -87.59179707)",2021,5,Sunday
10001670,UM423655,2023-08-01 09:30:00,17XX E CLARK ST,740,THEFT,THEFT OVER $500,GAS STATION,False,False,2011,12,18.0,37.0,16,1150667.0,1896125.0,2023,2023-08-07 09:30:00,41.87755893,-87.72581803,"(41.87755893, -87.72581803)",2023,8,Tuesday
10001671,QU307596,2018-05-09 01:44:00,52XX N BROADWAY,850,DECEPTIVE PRACTICE,FRAUD,APARTMENT,False,False,1221,2,30.0,27.0,06,1169508.0,1892624.0,2018,2018-05-28 01:44:00,41.97885362,-87.76659099,"(41.97885362, -87.76659099)",2018,5,Wednesday
10001672,KG505300,2016-06-03 16:53:00,82XX W PULASKI RD,1020,WEAPONS VIOLATION,UNLAWFUL POSS OF HANDGUN,RESTAURANT,False,False,311,14,3.0,18.0,15,1183158.0,1911861.0,2016,2016-06-14 16:53:00,41.79695333,-87.78078779,"(41.79695333, -87.78078779)",2016,6,Friday
10001673,IN763381,2015-09-26 21:02:00,99XX S DIVISION ST,1310,NARCOTICS,POSS: COCAINE,OTHER,True,False,1022,25,17.0,42.0,04A,1184108.0,1927877.0,2015,2015-10-14 21:02:00,41.91665003,-87.72471547,"(41.91665003, -87.72471547)",2015,9,Saturday
10001674,IH460077,2021-12-30 14:04:00,66XX E BROADWAY,1310,NARCOTICS,POSS: COCAINE,HOSPITAL BUILDING/GROUNDS,True,False,1911,20,36.0,65.0,13,1159034.0,1887977.0,2021,2022-01-03 14:04:00,41.90155921,-87.74175773,"(41.90155921, -87.74175773)",2021,12,Thursday
10001675,KX655819,2017-08-06 22:54:00,45XX W COTTAGE GROVE AVE,750,THEFT,THEFT $500 AND UNDER,APARTMENT,False,False,122,12,20.0,11.0,19,1152563.0,1856755.0,2017,2017-08-21 22:54:00,41.79916327,-87.65816503,"(41.79916327, -87.65816503)",2017,8,Sunday
10001676,FC563235,2022-12-31 22:02:00,67XX S CICERO AVE,460,BATTERY,SIMPLE,ALLEY,False,False,2011,25,26.0,40.0,15,1184726.0,1893098.0,2022,2023-01-13 22:02:00,41.7616262,-87.69958068,"(41.7616262, -87.69958068)",2022,12,Saturday
10001677,UI678399,2022-10-29 19:02:00,60XX N NORTH AVE,740,THEFT,THEFT OVER $500,CTA TRAIN,False,True,1811,1,2.0,20.0,03,1187375.0,1881934.0,2022,2022-11-17 19:02:00,41.69587542,-87.53123521,"(41.69587542, -87.53123521)",2022,10,Saturday
10001678,XJ267208,2015-12-15 08:52:00,60XX W NORTH AVE,560,ASSAULT,SIMPLE,UNKNOWN,False,False,412,20,8.0,47.0,17,1157813.0,1888491.0,2015,2016-01-13 08:52:00,41.98602312,-87.50594176,"(41.98602312, -87.50594176)",2015,12,Tuesday
10001679,WW253140,2015-03-22 16:18:00,27XX S WESTERN AVE,320,ROBBERY,STRONGARM - NO WEAPON,UNKNOWN,False,False,221,14,17.0,74.0,04B,1195944.0,1857613.0,2015,2015-04-09 16:18:00,41.82673047,-87.57228615,"(41.82673047, -87.57228615)",2015,3,Sunday
10001680,SY748336,2019-07-31 18:33:00,5XX S BROADWAY,750,THEFT,THEFT $500 AND UNDER,UNKNOWN,False,False,412,20,36.0,24.0,11,1182388.0,1885620.0,2019,2019-08-22 18:33:00,41.95172059,-87.74219777,"(41.95172059, -87.74219777)",2019,7,Wednesday
10001681,JR521900,2021-08-12 13:20:00,80XX E CLARK ST,1110,SEX OFFENSE,CRIMINAL SEXUAL ABUSE,BAR OR TAVERN,False,True,611,11,37.0,47.0,09,1178463.0,1889040.0,2021,2021-08-19 13:20:00,41.861708,-87.69056087,UNKNOWN,2021,8,Thursday
10001682,HJ979581,2018-03-25 22:04:00,71XX W MADISON ST,312,ROBBERY,ARMED: HANDGUN,GAS STATION,False,False,711,4,1.0,5.0,08B,1152022.0,1854837.0,2018,2018-03-30 22:04:00,41.83145826,-87.75671931,"(41.83145826, -87.75671931)",2018,3,Sunday
10001683,CW604031,2021-09-25 19:39:00,43XX S MADISON ST,1200,NARCOTICS,POSS: CANNABIS 30GMS OR LESS,UNKNOWN,True,True,113,24,27.0,74.0,07,1182306.0,1861337.0,2021,2021-10-02 19:39:00,41.80396704,-87.59613954,"(41.80396704, -87.59613954)",2021,9,Saturday
10001684,XR198084,2020-02-28 20:19:00,27XX W CICERO AVE,460,BATTERY,SIMPLE,GROCERY FOOD STORE,False,False,1022,19,15.0,20.0,15,1193601.0,1866659.0,2020,2020-03-06 20:19:00,41.72824914,-87.78248553,"(41.72824914, -87.78248553)",2020,2,Friday
10001685,TP058226,2015-12-15 16:44:00,28XX N CHICAGO AVE,1020,WEAPONS VIOLATION,UNLAWFUL POSS OF HANDGUN,APARTMENT,True,True,1511,2,14.0,75.0,06,1150980.0,1910449.0,2015,2015-12-21 16:44:00,41.96054471,-87.59235751,"(41.96054471, -87.59235751)",2015,12,Tuesday
10001686,MI028144,2018-09-02 16:19:00,40XX S COTTAGE GROVE AVE,2830,CRIMINAL TRESPASS,TO RESIDENCE,PARKING LOT / GARAGE(NON.RESID.),False,False,1221,6,23.0,24.0,08B,1171736.0,1911453.0,2018,2018-09-07 16:19:00,41.83026825,-87.6901361,"(41.83026825, -87.6901361)",2018,9,Sunday
10001687,EB557212,2017-02-20 16:06:00,58XX S WESTERN AVE,610,BURGLARY,FORCIBLE ENTRY,CONVENIENCE STORE,False,False,122,22,36.0,58.0,14,1161120.0,1875449.0,2017,2017-03-01 16:06:00,41.69652708,-87.52532777,"(41.69652708, -87.52532777)",2017,2,Monday
10001688,RW520245,2022-04-17 14:03:00,80XX N CHICAGO AVE,650,MOTOR VEHICLE THEFT,AUTOMOBILE,BAR OR TAVERN,False,False,911,15,21.0,69.0,11,1165001.0,1914849.0,2022,2022-05-15 14:03:00,41.93115744,-87.50261811,"(41.93115744, -87.50261811)",2022,4,Sunday
10001689,UB986157,2021-05-10 16:45:00,99XX E CHICAGO AVE,1240,NARCOTICS,POSS: HEROIN(WHITE),PARK PROPERTY,True,True,1111,15,35.0,60.0,10,1153928.0,1924375.0,2021,2021-05-17 16:45:00,41.78397303,-87.70494678,"(41.78397303, -87.70494678)",2021,5,Monday
10001690,QZ747463,2016-05-31 17:57:00,50XX N CHICAGO AVE,560,ASSAULT,SIMPLE,PARKING LOT / GARAGE(NON.RESID.),False,False,1111,3,47.0,24.0,02,1182407.0,1870865.0,2016,2016-06-01 17:57:00,41.79683696,-87.67821256,"(41.79683696, -87.67821256)",2016,5,Tuesday
10001691,DE882267,2022-12-19 15:37:00,58XX E ASHLAND AVE,610,BURGLARY,FORCIBLE ENTRY,GAS STATION,False,False,611,1,45.0,17.0,09,1173692.0,1869713.0,2022,2023-01-12 15:37:00,41.69965006,-87.5552758,"(41.69965006, -87.5552758)",2022,12,Monday
10001692,JR326119,2015-11-19 19:41:00,73XX W PULASKI RD,740,THEFT,THEFT OVER $500,RETAIL STORE,False,False,122,9,26.0,40.0,03,1172744.0,1851292.0,2015,2015-12-10 19:41:00,41.80588433,-87.53351649,"(41.80588433, -87.53351649)",2015,11,Thursday
10001693,EO108997,2022-04-21 20:01:00,89XX S CLARK ST,460,BATTERY,SIMPLE,APARTMENT,False,False,1211,11,18.0,1.0,11,1182488.0,1916889.0,2022,2022-05-21 20:01:00,41.9153636,-87.65516185,"(41.9153636, -87.65516185)",2022,4,Thursday
10001694,WD157729,2018-11-21 18:33:00,7XX W DIVISION ST,740,THEFT,THEFT OVER $500,SIDEWALK,False,False,121,11,35.0,39.0,16,1184296.0,1860370.0,2018,2018-11-30 18:33:00,41.90593198,-87.5061694,"(41.90593198, -87.5061694)",2018,11,Wednesday
10001695,ZE293654,2023-07-03 22:12:00,43XX W CHICAGO AVE,486,BATTERY,DOMESTIC BATTERY AGGRAVATED,BAR OR TAVERN,True,True,711,15,14.0,36.0,05,1184144.0,1891506.0,2023,2023-07-04 22:12:00,41.90786906,-87.76914895,"(41.90786906, -87.76914895)",2023,7,Monday
10001696,NM198388,2016-10-22 21:54:00,1XX S CICERO AVE,486,BATTERY,DOMESTIC BATTERY AGGRAVATED,GAS STATION,False,True,411,8,22.0,4.0,17,1163077.0,1881643.0,2016,2016-11-19 21:54:00,41.74458437,-87.51976726,"(41.74458437, -87.51976726)",2016,10,Saturday
10001697,XV300064,2015-07-04 03:19:00,71XX E CHICAGO AVE,460,BATTERY,SIMPLE,PARK PROPERTY,True,False,621,24,10.0,28.0,06,1191376.0,1888286.0,2015,2015-07-05 03:19:00,41.70417047,-87.73217198,"(41.70417047, -87.73217198)",2015,7,Saturday
10001698,MM338506,2018-05-30 17:38:00,21XX W FULLERTON AVE,5003,PUBLIC PEACE VIOLATION,DISORDERLY CONDUCT,PARK PROPERTY,False,False,221,17,35.0,42.0,26,1165759.0,1875659.0,2018,2018-06-18 17:38:00,41.95884968,-87.7118729,"(41.95884968, -87.7118729)",2018,5,Wednesday
10001699,WY469301,2021-10-06 06:21:00,15XX N CLARK ST,620,BURGLARY,UNLAWFUL ENTRY,CONVENIENCE STORE,False,False,411,4,25.0,66.0,17,1183868.0,1870732.0,2021,2021-10-15 06:21:00,41.82689166,-87.57314769,"(41.82689166, -87.57314769)",2021,10,Wednesday
10001700,SX859405,2018-11-28 07:32:00,89XX S ASHLAND AVE,5003,PUBLIC PEACE VIOLATION,DISORDERLY CONDUCT,GROCERY FOOD STORE,False,False,321,9,24.0,53.0,09,1171097.0,1876457.0,2018,2018-12-06 07:32:00,41.78059346,-87.61982089,"(41.78059346, -87.61982089)",2018,11,Wednesday
10001701,YT666527,2018-05-07 11:19:00,37XX S FULLERTON AVE,730,THEFT,SHOPLIFTING,PARK PROPERTY,False,False,2211,17,38.0,50.0,04A,1183612.0,1917816.0,2018,2018-05-20 11:19:00,41.84277492,-87.75508116,"(41.84277492, -87.75508116)",2018,5,Monday
10001702,YR576737,2019-11-25 20:58:00,19XX W FULLERTON AVE,750,THEFT,THEFT $500 AND UNDER,CTA BUS,True,True,1221,7,9.0,1.0,16,1162550.0,1859171.0,2019,2019-12-10 20:58:00,41.71913887,-87.61485797,"(41.71913887, -87.61485797)",2019,11,Monday
10001703,JZ853885,2021-07-27 17:45:00,40XX N BROADWAY,610,BURGLARY,FORCIBLE ENTRY,VEHICLE NON-COMMERCIAL,False,False,221,22,35.0,41.0,13,1165575.0,1861348.0,2021,2021-08-25 17:45:00,41.7765973,-87.68285713,"(41.7765973, -87.68285713)",2021,7,Tuesday
10001704,KW135044,2015-12-24 16:07:00,34XX W COTTAGE GROVE AVE,730,THEFT,SHOPLIFTING,PARKING LOT / GARAGE(NON.RESID.),False,True,411,1,20.0,75.0,10,1198167.0,1893365.0,2015,2015-12-26 16:07:00,41.9173471,-87.53331482,"(41.9173471, -87.53331482)",2015,12,Thursday
10001705,ZY629025,2019-05-06 11:47:00,11XX W BROADWAY,460,BATTERY,SIMPLE,UNKNOWN,False,False,912,18,11.0,29.0,20,1174261.0,1925839.0,2019,2019-05-27 11:47:00,41.93250445,-87.64918164,"(41.93250445, -87.64918164)",2019,5,Monday
10001706,VN433408,2016-07-24 13:45:00,14XX W COTTAGE GROVE AVE,312,ROBBERY,ARMED: HANDGUN,RESTAURANT,True,False,221,7,25.0,12.0,14,1173711.0,1906593.0,2016,2016-08-19 13:45:00,41.84548137,-87.53469935,"(41.84548137, -87.53469935)",2016,7,Sunday
10001707,QT760698,2022-01-25 13:46:00,94XX S BROADWAY,510,ASSAULT,AGGRAVATED: HANDGUN,VEHICLE NON-COMMERCIAL,False,False,1611,4,28.0,55.0,07,1171973.0,1898267.0,2022,2022-01-27 13:46:00,41.81409776,-87.50612501,"(41.81409776, -87.50612501)",2022,1,Tuesday
10001708,NO497608,2022-02-03 13:28:00,10XX W MADISON ST,650,MOTOR VEHICLE THEFT,AUTOMOBILE,GAS STATION,False,False,412,24,19.0,17.0,13,1183726.0,1886169.0,2022,2022-03-04 13:28:00,41.82482593,-87.64265513,"(41.82482593, -87.64265513)",2022,2,Thursday
10001709,HN572790,2021-03-10 18:07:00,96XX S MICHIGAN AVE,312,ROBBERY,ARMED: HANDGUN,GAS STATION,True,True,411,22,10.0,18.0,18,1154841.0,1868472.0,2021,2021-03-17 18:07:00,41.77524934,-87.57337525,"(41.77524934, -87.57337525)",2021,3,Wednesday
10001710,WW768074,2023-04-06 13:00:00,96XX E MADISON ST,560,ASSAULT,SIMPLE,RESIDENCE,False,False,2211,6,39.0,17.0,01A,1153396.0,1866730.0,2023,2023-04-09 13:00:00,41.87572644,-87.53360156,"(41.87572644, -87.53360156)",2023,4,Thursday
10001711,XT781707,2019-09-27 19:39:00,72XX S CICERO AVE,486,BATTERY,DOMESTIC BATTERY AGGRAVATED,CONVENIENCE STORE,True,True,1911,19,10.0,56.0,07,1150963.0,1904815.0,2019,2019-10-05 19:39:00,41.76157575,-87.79583399,"(41.76157575, -87.79583399)",2019,9,Friday
10001712,BQ759369,2018-08-01 16:32:00,24XX S CICERO AVE,1240,NARCOTICS,POSS: HEROIN(WHITE),PARKING LOT / GARAGE(NON.RESID.),False,False,1022,24,5.0,2.0,17,1189937.0,1921501.0,2018,2018-08-05 16:32:00,41.77653715,-87.53056549,"(41.77653715, -87.53056549)",2018,8,Wednesday
10001713,HY234153,2015-01-30 15:14:00,16XX N PULASKI RD,730,THEFT,SHOPLIFTING,BAR OR TAVERN,False,False,712,5,42.0,64.0,08A,1181244.0,1910890.0,2015,2015-02-04 15:14:00,41.76110249,-87.78961468,"(41.76110249, -87.78961468)",2015,1,Friday
10001714,ZX071810,2017-02-16 06:38:00,91XX S CICERO AVE,486,BATTERY,DOMESTIC BATTERY AGGRAVATED,PARK PROPERTY,False,True,2411,12,29.0,9.0,17,1186947.0,1885570.0,2017,2017-02-19 06:38:00,41.69318033,-87.60762947,"(41.69318033, -87.60762947)",2017,2,Thursday
10001715,EP376009,2021-02-23 15:50:00,17XX N BROADWAY,265,CRIM SEXUAL ASSAULT,AGGRAVATED: OTHER,STREET,False,False,2511,15,44.0,70.0,12,1171896.0,1864957.0,2021,2021-03-10 15:50:00,41.96788122,-87.609877,"(41.96788122, -87.609877)",2021,2,Tuesday
10001716,VH530367,2018-11-12 07:30:00,40XX W MICHIGAN AVE,486,BATTERY,DOMESTIC BATTERY AGGRAVATED,RESIDENCE,True,True,221,19,11.0,42.0,02,1175250.0,1852091.0,2018,2018-11-26 07:30:00,41.73559643,-87.56176212,"(41.73559643, -87.56176212)",2018,11,Monday
10001717,IQ860270,2015-03-31 21:53:00,30XX S PULASKI RD,320,ROBBERY,STRONGARM - NO WEAPON,VEHICLE NON-COMMERCIAL,False,False,812,19,35.0,57.0,04A,1176110.0,1870345.0,2015,2015-04-15 21:53:00,41.84061179,-87.53846941,"(41.73831916, -87.53846941)",2015,3,Tuesday
10001718,II283976,2015-12-05 19:53:00,13XX W WESTERN AVE,1110,SEX OFFENSE,CRIMINAL SEXUAL ABUSE,PARKING LOT / GARAGE(NON.RESID.),False,False,1611,12,31.0,7.0,08A,1199763.0,1918231.0,2015,2015-12-31 19:53:00,41.84924157,-87.74979451,"(41.84924157, -87.74979451)",2015,12,Saturday
10001719,IW463867,2017-08-10 09:14:00,66XX E CICERO AVE,510,ASSAULT,AGGRAVATED: HANDGUN,OTHER,False,False,113,9,2.0,28.0,20,1154066.0,1859463.0,2017,2017-08-12 09:14:00,41.90058344,-87.63574288,"(41.90058344, -87.63574288)",2017,8,Thursday
10001720,JO248681,2017-09-02 10:11:00,18XX N MICHIGAN AVE,460,BATTERY,SIMPLE,RESIDENCE,False,False,1011,22,14.0,68.0,05,1167050.0,1902614.0,2017,2017-09-29 10:11:00,41.79087885,-87.56727897,"(41.79087885, -87.56727897)",2017,9,Saturday
10001721,UQ600777,2021-08-30 07:27:00,58XX W HALSTED ST,460,BATTERY,SIMPLE,CTA BUS,False,True,221,24,11.0,6.0,01A,1196450.0,1871963.0,2021,2021-09-03 07:27:00,41.82602852,-87.52862521,"(41.82602852, -87.52862521)",2021,8,Monday
10001722,ZX601547,2022-04-18 19:54:00,85XX S CLARK ST,750,THEFT,THEFT $500 AND UNDER,RESIDENCE,False,False,212,16,21.0,26.0,05,1177315.0,1858003.0,2022,2022-05-08 19:54:00,41.93516395,-87.51934822,"(41.93516395, -87.51934822)",2022,4,Monday
10001723,CH155079,2022-07-11 16:31:00,56XX E COTTAGE GROVE AVE,460,BATTERY,SIMPLE,RETAIL STORE,False,False,612,24,32.0,67.0,05,1196857.0,1853043.0,2022,2022-07-23 16:31:00,41.79392347,-87.61151772,"(41.79392347, -87.61151772)",2022,7,Monday
10001724,AF653598,2023-05-05 21:39:00,92XX S CICERO AVE,320,ROBBERY,STRONGARM - NO WEAPON,BAR OR TAVERN,False,False,912,5,1.0,45.0,10,1173265.0,1913222.0,2023,2023-05-27 21:39:00,41.93023158,-87.57775912,"(41.93023158, -87.57775912)",2023,5,Friday
10001725,JO540425,2015-02-16 08:01:00,2XX W CHICAGO AVE,486,BATTERY,DOMESTIC BATTERY AGGRAVATED,RETAIL STORE,False,True,212,1,4.0,70.0,08B,1154540.0,1859293.0,2015,2015-02-24 08:01:00,41.92887076,-87.73337554,"(41.92887076, -87.73337554)",2015,2,Monday
10001726,MU891332,2018-10-10 21:01:00,11XX E MICHIGAN AVE,610,BURGLARY,FORCIBLE ENTRY,CTA TRAIN,True,False,1911,18,10.0,30.0,19,1154009.0,1925803.0,2018,2018-11-05 21:01:00,41.85749541,-87.52272997,"(41.85749541, -87.52272997)",2018,10,Wednesday
10001727,JI313917,2016-12-26 04:55:00,38XX N COTTAGE GROVE AVE,265,CRIM SEXUAL ASSAULT,AGGRAVATED: OTHER,APARTMENT,False,False,312,7,34.0,29.0,26,1193831.0,1861248.0,2016,2017-01-01 04:55:00,41.78365596,-87.72152424,"(41.78365596, -87.72152424)",2016,12,Monday
10001728,NY698781,2023-10-29 07:15:00,36XX W HALSTED ST,1200,NARCOTICS,POSS: CANNABIS 30GMS OR LESS,CTA TRAIN,True,False,1411,18,34.0,23.0,20,1152306.0,1895856.0,2023,2023-11-20 07:15:00,41.94097721,-87.5289402,"(41.94097721, -87.5289402)",2023,10,Sunday
10001729,ZR904217,2023-12-06 19:30:00,15XX E GRAND AVE,650,MOTOR VEHICLE THEFT,AUTOMOBILE,VEHICLE NON-COMMERCIAL,False,False,811,6,50.0,42.0,08A,1181518.0,1859573.0,2023,2023-12-08 19:30:00,41.89689827,-87.74270493,"(41.89689827, -87.74270493)",2023,12,Wednesday
10001730,MW946227,2021-08-27 00:48:00,20XX E MICHIGAN AVE,750,THEFT,THEFT $500 AND UNDER,"SCHOOL, PUBLIC, BUILDING",False,False,621,6,50.0,58.0,18,1194490.0,1902034.0,2021,2021-09-23 00:48:00,41.80194157,-87.69530783,"(41.80194157, -87.69530783)",2021,8,Friday
10001731,RP343145,2018-09-08 16:51:00,37XX W CLARK ST,312,ROBBERY,ARMED: HANDGUN,ALLEY,True,False,1022,9,11.0,70.0,14,1184399.0,1925403.0,2018,2018-09-09 16:51:00,41.84061179,-87.67892184,"(41.70490903, -87.67892184)",2018,9,Saturday
10001732,DU148958,2021-07-24 10:58:00,95XX E BROADWAY,620,BURGLARY,UNLAWFUL ENTRY,CTA TRAIN,False,False,2411,14,18.0,61.0,04A,1166798.0,1881165.0,2021,2021-08-13 10:58:00,41.87626836,-87.55740193,"(41.87626836, -87.55740193)",2021,7,Saturday
10001733,ZL759561,2023-11-19 08:44:00,44XX S CICERO AVE,730,THEFT,SHOPLIFTING,RESTAURANT,False,False,911,24,30.0,58.0,08A,1186852.0,1851929.0,2023,2023-12-13 08:44:00,41.77954233,-87.65403775,"(41.77954233, -87.65403775)",2023,11,Sunday
10001734,CY577168,2020-12-13 22:11:00,80XX S HALSTED ST,460,BATTERY,SIMPLE,CTA BUS,False,False,2211,7,41.0,72.0,07,1181364.0,1919100.0,2020,2020-12-20 22:11:00,41.83719284,-87.73863401,"(41.83719284, -87.73863401)",2020,12,Sunday
10001735,UY634179,2020-03-08 10:19:00,21XX S NORTH AVE,850,DECEPTIVE PRACTICE,FRAUD,HOSPITAL BUILDING/GROUNDS,True,False,111,15,34.0,44.0,17,1187881.0,1911040.0,2020,2020-04-02 10:19:00,41.87498963,-87.72168719,"(41.87498963, -87.72168719)",2020,3,Sunday
10001736,AO115750,2019-10-15 19:31:00,48XX N CLARK ST,730,THEFT,SHOPLIFTING,PARKING LOT / GARAGE(NON.RESID.),False,False,1011,15,15.0,49.0,10,1174984.0,1914162.0,2019,2019-10-30 19:31:00,41.83253349,-87.67909188,"(41.83253349, -87.67909188)",2019,10,Tuesday
10001737,XO191384,2020-06-02 21:58:00,71XX N ASHLAND AVE,560,ASSAULT,SIMPLE,CTA TRAIN,True,False,1022,25,33.0,69.0,05,1170710.0,1870877.0,2020,2020-06-21 21:58:00,41.80210278,-87.58813588,"(41.80210278, -87.58813588)",2020,6,Tuesday
10001738,UX042549,2018-12-24 23:52:00,80XX N COTTAGE GROVE AVE,740,THEFT,THEFT OVER $500,CTA BUS,False,False,1711,10,14.0,70.0,01A,1183677.0,1891763.0,2018,2018-12-26 23:52:00,41.74266972,-87.50431866,"(41.74266972, -87.50431866)",2018,12,Monday
10001739,SV916974,2020-02-15 02:52:00,76XX W GRAND AVE,740,THEFT,THEFT OVER $500,UNKNOWN,True,False,312,11,20.0,60.0,04B,1169420.0,1876190.0,2020,2020-03-16 02:52:00,41.82000217,-87.54557242,"(41.82000217, -87.54557242)",2020,2,Saturday
10001740,ID619964,2020-04-08 14:42:00,18XX S MADISON ST,1200,NARCOTICS,POSS: CANNABIS 30GMS OR LESS,SIDEWALK,True,False,111,2,12.0,21.0,05,1174984.0,1867374.0,2020,2020-04-10 14:42:00,41.89667949,-87.67097266,UNKNOWN,2020,4,Wednesday
10001741,HP386119,2017-10-31 07:56:00,72XX S DIVISION ST,910,VANDALISM,CRIMINAL DAMAGE,GROCERY FOOD STORE,False,False,612,20,26.0,43.0,18,1169474.0,1883257.0,2017,2017-11-07 07:56:00,41.78394377,-87.66660647,"(41.78394377, -87.66660647)",2017,10,Tuesday
10001742,PS551740,2022-10-07 09:00:00,75XX N DIVISION ST,1240,NARCOTICS,POSS: HEROIN(WHITE),STREET,True,False,411,4,20.0,31.0,20,1164501.0,1853127.0,2022,2022-10-20 09:00:00,41.97234644,-87.62674874,"(41.97234644, -87.62674874)",2022,10,Friday
10001743,ER737583,2019-04-26 19:57:00,80XX N MADISON ST,486,BATTERY,DOMESTIC BATTERY AGGRAVATED,RESTAURANT,False,True,1811,16,33.0,41.0,14,1182222.0,1886848.0,2019,2019-05-13 19:57:00,41.746815,-87.7698501,"(41.746815, -87.7698501)",2019,4,Friday
10001744,DA212108,2023-03-18 19:31:00,54XX E BROADWAY,740,THEFT,THEFT OVER $500,HOSPITAL BUILDING/GROUNDS,False,True,112,8,33.0,1.0,26,1158249.0,1922616.0,2023,2023-03-25 19:31:00,41.89030922,-87.55615775,"(41.89030922, -87.55615775)",2023,3,Saturday
10001745,SG344102,2020-06-13 16:39:00,90XX E HALSTED ST,610,BURGLARY,FORCIBLE ENTRY,COMMERCIAL / BUSINESS OFFICE,False,False,122,10,11.0,12.0,05,1192907.0,1888907.0,2020,2020-06-21 16:39:00,41.77479861,-87.65938654,"(41.77479861, -87.65938654)",2020,6,Saturday
10001746,BO982273,2018-01-26 04:20:00,63XX S CLARK ST,486,BATTERY,DOMESTIC BATTERY AGGRAVATED,APARTMENT,False,True,113,7,46.0,5.0,04B,1163544.0,1918467.0,2018,2018-02-16 04:20:00,41.96296135,-87.64378624,"(41.96296135, -87.64378624)",2018,1,Friday
10001747,QN946145,2021-03-08 22:48:00,42XX N PULASKI RD,750,THEFT,THEFT $500 AND UNDER,RESTAURANT,True,False,412,5,9.0,65.0,20,1193922.0,1852442.0,2021,2021-03-27 22:48:00,41.71265956,-87.73265023,"(41.71265956, -87.73265023)",2021,3,Monday
10001748,UJ390509,2023-03-16 12:34:00,38XX W DIVISION ST,1240,NARCOTICS,POSS: HEROIN(WHITE),GROCERY FOOD STORE,True,False,221,17,40.0,31.0,26,1175655.0,1865696.0,2023,2023-03-29 12:34:00,41.88361055,-87.75367285,"(41.88361055, -87.75367285)",2023,3,Thursday
10001749,AE263144,2017-05-18 06:54:00,78XX S HALSTED ST,460,BATTERY,SIMPLE,GROCERY FOOD STORE,False,False,1411,11,25.0,51.0,04B,1160547.0,1855812.0,2017,2017-05-22 06:54:00,41.87401244,-87.57368097,"(41.87401244, -87.57368097)",2017,5,Thursday
10001750,VK137065,2020-10-07 21:40:00,37XX E CLARK ST,620,BURGLARY,UNLAWFUL ENTRY,UNKNOWN,False,False,121,2,25.0,74.0,17,1176994.0,1898485.0,2020,2020-11-01 21:40:00,41.85459658,-87.64548718,UNKNOWN,2020,10,Wednesday
10001751,DM123718,2023-08-26 15:31:00,58XX N CHICAGO AVE,510,ASSAULT,AGGRAVATED: HANDGUN,SIDEWALK,False,True,211,2,35.0,65.0,13,1160141.0,1880990.0,2023,2023-09-02 15:31:00,41.98091697,-87.73387699,"(41.98091697, -87.73387699)",2023,8,Saturday
10001752,QI970676,2023-10-07 11:41:00,96XX E BROADWAY,486,BATTERY,DOMESTIC BATTERY AGGRAVATED,UNKNOWN,True,True,1121,1,20.0,11.0,03,1156434.0,1916144.0,2023,2023-11-01 11:41:00,41.77258025,-87.75886017,"(41.77258025, -87.75886017)",2023,10,Saturday
10001753,QY703014,2022-08-10 17:47:00,40XX N CICERO AVE,510,ASSAULT,AGGRAVATED: HANDGUN,CTA TRAIN,False,False,212,8,1.0,43.0,02,1159514.0,1889473.0,2022,2022-08-26 17:47:00,41.92658777,-87.79687738,"(41.92658777, -87.79687738)",2022,8,Wednesday
10001754,HX987227,2018-01-26 12:52:00,57XX E NORTH AVE,1110,SEX OFFENSE,CRIMINAL SEXUAL ABUSE,COMMERCIAL / BUSINESS OFFICE,True,True,112,3,11.0,77.0,13,1176807.0,1883987.0,2018,2018-01-28 12:52:00,41.73783909,-87.50698005,"(41.73783909, -87.50698005)",2018,1,Friday
10001755,GK523631,2022-05-26 17:44:00,90XX S ASHLAND AVE,1310,NARCOTICS,POSS: COCAINE,BAR OR TAVERN,True,False,712,17,3.0,9.0,14,1189201.0,1906437.0,2022,2022-06-12 17:44:00,41.83088504,-87.51103362,"(41.83088504, -87.51103362)",2022,5,Thursday
10001756,FH035664,2019-11-04 21:46:00,22XX N CICERO AVE,5003,PUBLIC PEACE VIOLATION,DISORDERLY CONDUCT,COMMERCIAL / BUSINESS OFFICE,False,False,511,25,29.0,63.0,18,1179569.0,1907226.0,2019,2019-11-14 21:46:00,41.84061179,-87.54051927,"(41.73709453, -87.54051927)",2019,11,Monday
10001757,IK044070,2021-12-04 13:33:00,72XX N COTTAGE GROVE AVE,610,BURGLARY,FORCIBLE ENTRY,SIDEWALK,True,False,2211,14,6.0,55.0,09,1183760.0,1855649.0,2021,2021-12-10 13:33:00,41.75673506,-87.57211634,"(41.75673506, -87.57211634)",2021,12,Saturday
10001758,QM544377,2019-07-13 12:01:00,28XX N PULASKI RD,460,BATTERY,SIMPLE,CONVENIENCE STORE,False,False,712,1,29.0,21.0,26,1198086.0,1878554.0,2019,2019-08-11 12:01:00,41.80608922,-87.59314455,"(41.80608922, -87.59314455)",2019,7,Saturday
10001759,PP298038,2022-10-04 06:54:00,79XX W GRAND AVE,620,BURGLARY,UNLAWFUL ENTRY,HOSPITAL BUILDING/GROUNDS,True,False,212,25,32.0,53.0,17,1157973.0,1916762.0,2022,2022-10-22 06:54:00,41.73338629,-87.50744232,"(41.73338629, -87.50744232)",2022,10,Tuesday
10001760,QT754390,2019-10-09 15:12:00,45XX W PULASKI RD,730,THEFT,SHOPLIFTING,GROCERY FOOD STORE,False,False,1611,11,34.0,51.0,11,1163795.0,1855938.0,2019,2019-10-14 15:12:00,41.69905998,-87.54476056,"(41.69905998, -87.54476056)",2019,10,Wednesday
10001761,YR938391,2015-02-01 07:37:00,27XX W MADISON ST,1200,NARCOTICS,POSS: CANNABIS 30GMS OR LESS,RETAIL STORE,True,False,611,5,2.0,20.0,03,1188413.0,1903888.0,2015,2015-02-14 07:37:00,41.98768844,-87.6799923,"(41.98768844, -87.6799923)",2015,2,Sunday
10001762,PO626609,2016-07-19 12:54:00,2XX E STATE ST,460,BATTERY,SIMPLE,"SCHOOL, PUBLIC, BUILDING",False,False,621,11,3.0,8.0,12,1186633.0,1901410.0,2016,2016-07-21 12:54:00,41.91398643,-87.51542005,"(41.91398643, -87.51542005)",2016,7,Tuesday
10001763,OY999651,2019-07-07 23:52:00,76XX N FULLERTON AVE,610,BURGLARY,FORCIBLE ENTRY,RESIDENCE,False,True,1711,6,35.0,24.0,20,1195598.0,1921087.0,2019,2019-07-09 23:52:00,41.87436678,-87.61821025,"(41.87436678, -87.61821025)",2019,7,Sunday
10001764,TW133504,2023-09-03 12:37:00,44XX W DIVISION ST,460,BATTERY,SIMPLE,UNKNOWN,True,False,521,10,30.0,37.0,08A,1173283.0,1909773.0,2023,2023-09-10 12:37:00,41.73251182,-87.51721375,UNKNOWN,2023,9,Sunday
10001765,SS992156,2023-09-02 19:04:00,20XX W FULLERTON AVE,750,THEFT,THEFT $500 AND UNDER,COMMERCIAL / BUSINESS OFFICE,False,False,212,19,11.0,49.0,01A,1172623.0,1923675.0,2023,2023-09-18 19:04:00,41.87850564,-87.7317437,"(41.87850564, -87.7317437)",2023,9,Saturday
10001766,VJ833787,2019-05-23 12:37:00,51XX E WESTERN AVE,910,VANDALISM,CRIMINAL DAMAGE,HOSPITAL BUILDING/GROUNDS,False,False,412,19,35.0,35.0,20,1161316.0,1894595.0,2019,2019-06-22 12:37:00,41.77875135,-87.70900235,"(41.77875135, -87.70900235)",2019,5,Thursday
10001767,UM984563,2020-12-08 06:59:00,12XX W BROADWAY,610,BURGLARY,FORCIBLE ENTRY,CTA TRAIN,False,False,311,3,13.0,3.0,18,1193634.0,1882216.0,2020,2020-12-22 06:59:00,41.9470037,-87.5650405,"(41.9470037, -87.5650405)",2020,12,Tuesday
10001768,KD013716,2017-07-18 11:37:00,37XX E STATE ST,740,THEFT,THEFT OVER $500,CTA TRAIN,False,False,2511,4,41.0,74.0,06,1174272.0,1883533.0,2017,2017-08-01 11:37:00,41.79326381,-87.77388795,"(41.79326381, -87.77388795)",2017,7,Tuesday
10001769,BM644134,2017-05-29 09:51:00,97XX S STATE ST,740,THEFT,THEFT OVER $500,RETAIL STORE,True,False,412,14,14.0,63.0,03,1171020.0,1890009.0,2017,2017-06-04 09:51:00,41.84498208,-87.70862548,"(41.84498208, -87.70862548)",2017,5,Monday
10001770,XO902365,2022-07-29 19:47:00,56XX W CHICAGO AVE,730,THEFT,SHOPLIFTING,GAS STATION,True,False,711,9,44.0,46.0,01A,1184291.0,1878095.0,2022,2022-08-23 19:47:00,41.77270461,-87.651374465,"(41.77270461, -87.79182333)",2022,7,Friday
10001771,SZ949042,2023-11-28 13:43:00,37XX S MICHIGAN AVE,1240,NARCOTICS,POSS: HEROIN(WHITE),CTA TRAIN,False,False,712,17,42.0,58.0,06,1175379.0,1925238.0,2023,2023-12-18 13:43:00,41.73065841,-87.78313751,"(41.73065841, -87.78313751)",2023,11,Tuesday
10001772,KK568441,2023-12-19 15:24:00,47XX N WESTERN AVE,850,DECEPTIVE PRACTICE,FRAUD,PARKING LOT / GARAGE(NON.RESID.),True,False,1411,4,6.0,56.0,11,1175372.0,1928385.0,2023,2023-12-24 15:24:00,41.76956846,-87.651374465,"(41.76956846, -87.59105946)",2023,12,Tuesday
10001773,SH946323,2015-03-27 19:23:00,1XX S CLARK ST,5003,PUBLIC PEACE VIOLATION,DISORDERLY CONDUCT,CTA BUS,False,False,2411,20,25.0,31.0,11,1177353.0,1905604.0,2015,2015-03-28 19:23:00,41.74825345,-87.71160281,"(41.74825345, -87.71160281)",2015,3,Friday
10001774,IU794340,2016-11-28 23:15:00,18XX N NORTH AVE,1310,NARCOTICS,POSS: COCAINE,RESIDENCE,True,False,111,6,40.0,48.0,06,1169228.0,1853188.0,2016,2016-12-17 23:15:00,41.94512501,-87.65501523,UNKNOWN,2016,11,Monday
10001775,EF058349,2018-10-31 17:05:00,47XX N CHICAGO AVE,750,THEFT,THEFT $500 AND UNDER,SIDEWALK,False,False,2411,25,31.0,24.0,16,1188979.0,1890235.0,2018,2018-11-13 17:05:00,41.76292242,-87.71867915,"(41.76292242, -87.71867915)",2018,10,Wednesday
10001776,YX851105,2015-08-12 07:43:00,96XX W DIVISION ST,320,ROBBERY,STRONGARM - NO WEAPON,RESTAURANT,True,False,321,12,38.0,24.0,26,1189577.0,1871092.0,2015,2015-08-31 07:43:00,41.89717323,-87.71859579,"(41.89717323, -87.71859579)",2015,8,Wednesday
10001777,CY904139,2022-09-21 17:18:00,82XX N DIVISION ST,730,THEFT,SHOPLIFTING,CTA BUS,False,False,1411,6,5.0,15.0,15,1153853.0,1863990.0,2022,2022-09-29 17:18:00,41.91079405,-87.56602924,"(41.91079405, -87.56602924)",2022,9,Wednesday
10001778,ST967808,2015-08-31 19:27:00,21XX N CLARK ST,750,THEFT,THEFT $500 AND UNDER,CTA BUS,False,False,2211,20,50.0,48.0,17,1194243.0,1917365.0,2015,2015-09-12 19:27:00,41.83774873,-87.74394195,"(41.83774873, -87.74394195)",2015,8,Monday
10001779,VA790768,2020-06-26 07:58:00,27XX N PULASKI RD,1200,NARCOTICS,POSS: CANNABIS 30GMS OR LESS,RESTAURANT,True,False,121,17,12.0,64.0,16,1170891.0,1857802.0,2020,2020-07-19 07:58:00,41.71377829,-87.56427018,"(41.71377829, -87.56427018)",2020,6,Friday
10001780,HW565050,2021-08-30 09:03:00,10XX S STATE ST,486,BATTERY,DOMESTIC BATTERY AGGRAVATED,CTA BUS,True,True,2211,8,6.0,30.0,13,1190821.0,1892330.0,2021,2021-09-15 09:03:00,41.86035193,-87.64415544,"(41.86035193, -87.64415544)",2021,8,Monday
10001781,NQ815296,2023-10-12 13:23:00,84XX E CLARK ST,850,DECEPTIVE PRACTICE,FRAUD,RESTAURANT,False,False,412,20,40.0,9.0,19,1156126.0,1907203.0,2023,2023-10-20 13:23:00,41.78250523,-87.77956922,"(41.78250523, -87.77956922)",2023,10,Thursday
10001782,RK076834,2020-11-22 16:09:00,96XX W BROADWAY,730,THEFT,SHOPLIFTING,CONVENIENCE STORE,False,False,111,4,29.0,13.0,19,1154009.0,1898145.0,2020,2020-12-13 16:09:00,41.77203331,-87.70246903,"(41.77203331, -87.70246903)",2020,11,Sunday
10001783,KT246888,2019-02-18 09:17:00,62XX E BROADWAY,312,ROBBERY,ARMED: HANDGUN,RESIDENCE,False,False,111,18,6.0,15.0,17,1155709.0,1890235.0,2019,2019-03-06 09:17:00,41.7255133,-87.67186345,"(41.7255133, -87.67186345)",2019,2,Monday
10001784,ZE889123,2016-04-20 17:24:00,35XX E COTTAGE GROVE AVE,320,ROBBERY,STRONGARM - NO WEAPON,RETAIL STORE,False,False,112,20,12.0,31.0,19,1180838.0,1859167.0,2016,2016-04-30 17:24:00,41.70956025,-87.55916727,"(41.70956025, -87.55916727)",2016,4,Wednesday
10001785,BS459122,2020-12-25 18:35:00,31XX S CICERO AVE,850,DECEPTIVE PRACTICE,FRAUD,GROCERY FOOD STORE,False,False,511,6,47.0,35.0,04A,1168065.0,1924921.0,2020,2021-01-01 18:35:00,41.959479,-87.55240724,"(41.959479, -87.55240724)",2020,12,Friday
10001786,IH377812,2020-04-23 15:10:00,95XX W DIVISION ST,312,ROBBERY,ARMED: HANDGUN,RESTAURANT,False,False,2011,2,20.0,30.0,04A,1163649.0,1887230.0,2020,2020-05-18 15:10:00,41.84061179,-87.63536977,"(41.84061179, -87.63536977)",2020,4,Thursday
10001787,CE510168,2019-09-08 13:38:00,13XX W COTTAGE GROVE AVE,650,MOTOR VEHICLE THEFT,AUTOMOBILE,GAS STATION,False,False,511,10,10.0,44.0,03,1181291.0,1894265.0,2019,2019-09-27 13:38:00,41.86456153,-87.79836658,"(41.86456153, -87.79836658)",2019,9,Sunday
10001788,BQ920855,2021-02-10 20:04:00,96XX N BROADWAY,486,BATTERY,DOMESTIC BATTERY AGGRAVATED,RETAIL STORE,False,True,621,4,16.0,56.0,10,1197287.0,1852565.0,2021,2021-03-01 20:04:00,41.89707613,-87.62221145,"(41.89707613, -87.62221145)",2021,2,Wednesday
10001789,GV304636,2017-07-31 14:52:00,16XX S HALSTED ST,610,BURGLARY,FORCIBLE ENTRY,CTA BUS,False,False,521,25,1.0,24.0,04A,1181531.0,1902609.0,2017,2017-08-28 14:52:00,41.9082831,-87.77217558,"(41.9082831, -87.77217558)",2017,7,Monday
10001790,GV982202,2017-06-07 03:16:00,42XX S MADISON ST,460,BATTERY,SIMPLE,UNKNOWN,False,False,1022,20,48.0,58.0,08A,1189555.0,1880839.0,2017,2017-06-22 03:16:00,41.90783648,-87.74075685,"(41.90783648, -87.74075685)",2017,6,Wednesday
10001791,TH338644,2017-10-10 19:53:00,85XX N FULLERTON AVE,910,VANDALISM,CRIMINAL DAMAGE,"SCHOOL, PUBLIC, BUILDING",False,True,211,4,9.0,68.0,14,1179383.0,1860736.0,2017,2017-10-12 19:53:00,41.69116891,-87.77306877,"(41.69116891, -87.77306877)",2017,10,Tuesday
10001792,UX559011,2017-09-07 21:22:00,79XX W BROADWAY,610,BURGLARY,FORCIBLE ENTRY,HOSPITAL BUILDING/GROUNDS,False,False,311,9,28.0,22.0,02,1196207.0,1880960.0,2017,2017-10-01 21:22:00,41.9027,-87.66254049,"(41.9027, -87.66254049)",2017,9,Thursday
10001793,JL802097,2015-08-25 12:32:00,96XX W GRAND AVE,320,ROBBERY,STRONGARM - NO WEAPON,ALLEY,False,False,111,14,22.0,56.0,11,1174984.0,1875111.0,2015,2015-09-14 12:32:00,41.84061179,-87.59890185,"(41.8006846, -87.59890185)",2015,8,Tuesday
10001794,MS426242,2018-01-12 09:06:00,39XX N CHICAGO AVE,486,BATTERY,DOMESTIC BATTERY AGGRAVATED,CTA BUS,True,True,411,4,30.0,18.0,04B,1159371.0,1891424.0,2018,2018-01-17 09:06:00,41.78016785,-87.72327166,"(41.78016785, -87.72327166)",2018,1,Friday
10001795,CH402482,2020-07-30 16:54:00,16XX E CLARK ST,460,BATTERY,SIMPLE,BAR OR TAVERN,False,False,321,12,14.0,47.0,09,1181770.0,1899469.0,2020,2020-08-18 16:54:00,41.7640552,-87.70448552,"(41.7640552, -87.70448552)",2020,7,Thursday
10001796,FI220376,2018-05-14 19:23:00,3XX N DIVISION ST,910,VANDALISM,CRIMINAL DAMAGE,OTHER,True,False,2211,2,37.0,49.0,10,1184145.0,1858073.0,2018,2018-06-07 19:23:00,41.78958742,-87.654266,"(41.78958742, -87.654266)",2018,5,Monday
10001797,RD285064,2015-09-10 17:22:00,47XX E FULLERTON AVE,460,BATTERY,SIMPLE,HOSPITAL BUILDING/GROUNDS,True,True,811,14,36.0,31.0,10,1199951.0,1864580.0,2015,2015-10-08 17:22:00,41.84775382,-87.71706501,"(41.84775382, -87.71706501)",2015,9,Thursday
10001798,KW334170,2015-06-18 18:53:00,26XX E WESTERN AVE,460,BATTERY,SIMPLE,RETAIL STORE,False,False,112,24,19.0,50.0,12,1151029.0,1883838.0,2015,2015-07-13 18:53:00,41.78191181,-87.6261167,"(41.78191181, -87.6261167)",2015,6,Thursday
10001799,TU575865,2015-10-30 18:43:00,4XX N GRAND AVE,486,BATTERY,DOMESTIC BATTERY AGGRAVATED,APARTMENT,False,True,221,2,36.0,16.0,16,1174454.0,1865293.0,2015,2015-11-02 18:43:00,41.98955324,-87.7349305,"(41.98955324, -87.7349305)",2015,10,Friday
10001800,JF529554,2017-03-14 22:27:00,14XX E STATE ST,5003,PUBLIC PEACE VIOLATION,DISORDERLY CONDUCT,RETAIL STORE,True,False,511,2,39.0,70.0,02,1189424.0,1898509.0,2017,2017-03-25 22:27:00,41.88914992,-87.65288594,UNKNOWN,2017,3,Tuesday
10001801,RY801236,2018-10-09 19:42:00,93XX S NORTH AVE,910,VANDALISM,CRIMINAL DAMAGE,STREET,False,False,2011,12,34.0,37.0,04A,1161231.0,1862991.0,2018,2018-11-08 19:42:00,41.70058223,-87.74525272,"(41.70058223, -87.74525272)",2018,10,Tuesday
10001802,BX632196,2016-01-11 12:24:00,12XX N STATE ST,740,THEFT,THEFT OVER $500,BAR OR TAVERN,False,False,712,15,9.0,38.0,03,1162859.0,1911387.0,2016,2016-02-06 12:24:00,41.91865451,-87.79906988,"(41.91865451, -87.79906988)",2016,1,Monday
10001803,QA879119,2020-06-23 19:59:00,25XX E HALSTED ST,750,THEFT,THEFT $500 AND UNDER,PARKING LOT / GARAGE(NON.RESID.),False,False,1211,1,24.0,30.0,08A,1174984.0,1865832.0,2020,2020-06-26 19:59:00,41.79321927,-87.73280227,"(41.79321927, -87.73280227)",2020,6,Tuesday
10001804,CS268947,2019-02-26 23:30:00,63XX E ASHLAND AVE,750,THEFT,THEFT $500 AND UNDER,RESIDENCE,True,False,221,17,19.0,39.0,05,1154673.0,1927825.0,2019,2019-03-16 23:30:00,41.78319235,-87.7138885,"(41.78319235, -87.7138885)",2019,2,Tuesday
10001805,AM828650,2020-08-25 18:57:00,40XX E CHICAGO AVE,1240,NARCOTICS,POSS: HEROIN(WHITE),BAR OR TAVERN,True,False,312,22,42.0,10.0,03,1172571.0,1897555.0,2020,2020-09-13 18:57:00,41.84933288,-87.5564771,"(41.84933288, -87.5564771)",2020,8,Tuesday
10001806,CA938796,2021-11-24 14:42:00,73XX N CICERO AVE,320,ROBBERY,STRONGARM - NO WEAPON,COMMERCIAL / BUSINESS OFFICE,False,False,1011,9,20.0,40.0,09,1162874.0,1884682.0,2021,2021-12-02 14:42:00,41.77836415,-87.72173333,"(41.77836415, -87.72173333)",2021,11,Wednesday
10001807,LF451889,2019-04-23 03:42:00,74XX E CHICAGO AVE,560,ASSAULT,SIMPLE,ALLEY,False,True,611,6,15.0,19.0,08A,1185515.0,1863812.0,2019,2019-05-11 03:42:00,41.76391978,-87.62430109,"(41.76391978, -87.62430109)",2019,4,Tuesday
10001808,SG534087,2017-07-01 14:28:00,9XX W MADISON ST,560,ASSAULT,SIMPLE,PARK PROPERTY,False,False,912,11,44.0,36.0,01A,1161590.0,1901306.0,2017,2017-07-10 14:28:00,41.97157479,-87.57209582,"(41.97157479, -87.57209582)",2017,7,Saturday
10001809,IY573378,2023-10-13 16:16:00,87XX S BROADWAY,460,BATTERY,SIMPLE,APARTMENT,True,True,1121,3,50.0,28.0,05,1174984.0,1917266.0,2023,2023-10-18 16:16:00,41.95047618,-87.70879725,"(41.95047618, -87.70879725)",2023,10,Friday
10001810,TS218089,2015-02-25 18:38:00,76XX W MADISON ST,320,ROBBERY,STRONGARM - NO WEAPON,RESIDENCE,False,True,2511,6,2.0,60.0,16,1181472.0,1887043.0,2015,2015-03-06 18:38:00,41.87399275,-87.78881113,"(41.87399275, -87.78881113)",2015,2,Wednesday
10001811,RJ680892,2018-08-05 14:03:00,72XX E ASHLAND AVE,1240,NARCOTICS,POSS: HEROIN(WHITE),GROCERY FOOD STORE,True,False,1121,20,34.0,56.0,06,1171273.0,1864231.0,2018,2018-08-27 14:03:00,41.85048862,-87.76452575,"(41.85048862, -87.76452575)",2018,8,Sunday
10001812,LC952107,2015-11-26 13:50:00,53XX W CHICAGO AVE,750,THEFT,THEFT $500 AND UNDER,RETAIL STORE,False,False,412,17,35.0,63.0,11,1184884.0,1899184.0,2015,2015-12-21 13:50:00,41.8578488,-87.70388526,"(41.8578488, -87.70388526)",2015,11,Thursday
10001813,EN496905,2020-03-06 07:14:00,22XX E STATE ST,486,BATTERY,DOMESTIC BATTERY AGGRAVATED,CTA BUS,True,True,1221,24,41.0,46.0,04B,1164613.0,1855257.0,2020,2020-04-02 07:14:00,41.72189734,-87.63589605,"(41.72189734, -87.63589605)",2020,3,Friday
10001814,LD944986,2019-09-27 08:36:00,24XX W ASHLAND AVE,460,BATTERY,SIMPLE,COMMERCIAL / BUSINESS OFFICE,True,False,911,5,23.0,73.0,06,1178270.0,1918516.0,2019,2019-10-03 08:36:00,41.72563345,-87.79833698,"(41.72563345, -87.79833698)",2019,9,Friday
10001815,DH460509,2023-11-04 20:57:00,36XX W FULLERTON AVE,5003,PUBLIC PEACE VIOLATION,DISORDERLY CONDUCT,VEHICLE NON-COMMERCIAL,True,False,511,18,50.0,67.0,02,1175815.0,1890235.0,2023,2023-11-06 20:57:00,41.93614331,-87.63089949,"(41.93614331, -87.63089949)",2023,11,Saturday
10001816,IE769209,2016-11-13 18:33:00,61XX N HALSTED ST,750,THEFT,THEFT $500 AND UNDER,COMMERCIAL / BUSINESS OFFICE,False,False,511,19,36.0,22.0,13,1174984.0,1925311.0,2016,2016-12-13 18:33:00,41.94953749,-87.65353723,"(41.94953749, -87.65353723)",2016,11,Sunday
10001817,EX187689,2015-05-25 03:11:00,8XX S CLARK ST,1240,NARCOTICS,POSS: HEROIN(WHITE),RETAIL STORE,True,False,312,11,50.0,34.0,16,1193131.0,1918320.0,2015,2015-06-18 03:11:00,41.84447751,-87.76764178,"(41.84447751, -87.76764178)",2015,5,Monday
10001818,EU391332,2021-02-08 20:25:00,70XX S COTTAGE GROVE AVE,312,ROBBERY,ARMED: HANDGUN,CONVENIENCE STORE,False,False,2411,12,36.0,13.0,08A,1164943.0,1902438.0,2021,2021-02-25 20:25:00,41.85548984,-87.58964271,"(41.85548984, -87.58964271)",2021,2,Monday
10001819,RB370936,2019-07-27 14:05:00,71XX N WESTERN AVE,740,THEFT,THEFT OVER $500,CTA TRAIN,True,False,112,5,18.0,45.0,04A,1190023.0,1871638.0,2019,2019-08-26 14:05:00,41.70133902,-87.76984373,"(41.70133902, -87.76984373)",2019,7,Saturday
10001820,DO319129,2015-10-12 20:04:00,68XX W BROADWAY,560,ASSAULT,SIMPLE,PARKING LOT / GARAGE(NON.RESID.),True,False,621,2,38.0,17.0,12,1164854.0,1903152.0,2015,2015-11-07 20:04:00,41.79718931,-87.52905722,"(41.79718931, -87.52905722)",2015,10,Monday
10001821,GY006789,2018-06-18 11:09:00,90XX S HALSTED ST,460,BATTERY,SIMPLE,RETAIL STORE,False,False,711,7,29.0,37.0,08B,1174984.0,1888150.0,2018,2018-06-19 11:09:00,41.86302949,-87.77714824,"(41.86302949, -87.77714824)",2018,6,Monday
10001822,KW008973,2016-12-09 15:54:00,41XX W WESTERN AVE,650,MOTOR VEHICLE THEFT,AUTOMOBILE,SIDEWALK,False,True,312,8,47.0,34.0,04B,1183398.0,1860696.0,2016,2017-01-02 15:54:00,41.89023235,-87.7108045,"(41.89023235, -87.7108045)",2016,12,Friday
10001823,PI432643,2019-06-05 10:30:00,79XX W CLARK ST,1240,NARCOTICS,POSS: HEROIN(WHITE),RESTAURANT,False,True,311,18,3.0,12.0,17,1197434.0,1878535.0,2019,2019-06-08 10:30:00,41.7522046,-87.69383966,"(41.7522046, -87.69383966)",2019,6,Wednesday
10001824,RD300519,2023-10-19 19:17:00,87XX E BROADWAY,312,ROBBERY,ARMED: HANDGUN,UNKNOWN,False,False,712,1,14.0,22.0,04B,1187145.0,1865968.0,2023,2023-11-18 19:17:00,41.81696796,-87.58950515,"(41.81696796, -87.58950515)",2023,10,Thursday
10001825,CO409369,2018-04-14 14:03:00,59XX S CLARK ST,620,BURGLARY,UNLAWFUL ENTRY,RESTAURANT,False,False,1811,22,43.0,11.0,09,1178832.0,1852653.0,2018,2018-04-25 14:03:00,41.7960276,-87.61416667,"(41.7960276, -87.61416667)",2018,4,Saturday
10001826,XJ693790,2018-05-06 09:46:00,13XX E MADISON ST,486,BATTERY,DOMESTIC BATTERY AGGRAVATED,SIDEWALK,False,True,812,2,43.0,72.0,26,1189553.0,1861592.0,2018,2018-05-11 09:46:00,41.6907739,-87.74263897,"(41.6907739, -87.74263897)",2018,5,Sunday
10001827,PV633858,2022-03-30 15:00:00,91XX N FULLERTON AVE,5003,PUBLIC PEACE VIOLATION,DISORDERLY CONDUCT,RETAIL STORE,True,False,611,5,36.0,6.0,26,1193820.0,1871401.0,2022,2022-04-06 15:00:00,41.85118852,-87.68092644,"(41.85118852, -87.68092644)",2022,3,Wednesday
10001828,UV078326,2016-12-09 08:13:00,20XX N PULASKI RD,1310,NARCOTICS,POSS: COCAINE,PARK PROPERTY,True,False,511,9,23.0,6.0,04A,1161182.0,1865906.0,2016,2016-12-27 08:13:00,41.86965355,-87.52191857,"(41.86965355, -87.52191857)",2016,12,Friday
10001829,YJ640459,2017-07-18 17:55:00,36XX E CLARK ST,750,THEFT,THEFT $500 AND UNDER,VEHICLE NON-COMMERCIAL,True,False,111,1,49.0,50.0,16,1156556.0,1877456.0,2017,2017-07-27 17:55:00,41.81572719,-87.76614474,"(41.81572719, -87.76614474)",2017,7,Tuesday
10001830,DX674034,2018-12-05 07:01:00,96XX W HALSTED ST,1110,SEX OFFENSE,CRIMINAL SEXUAL ABUSE,OTHER,False,False,1011,1,29.0,45.0,16,1186897.0,1890501.0,2018,2018-12-27 07:01:00,41.97758048,-87.72172698,"(41.97758048, -87.72172698)",2018,12,Wednesday
10001831,DC017671,2017-10-14 13:25:00,40XX W MICHIGAN AVE,650,MOTOR VEHICLE THEFT,AUTOMOBILE,COMMERCIAL / BUSINESS OFFICE,False,False,2411,7,7.0,28.0,09,1160212.0,1896188.0,2017,2017-10-29 13:25:00,41.89695475,-87.681042,"(41.89695475, -87.681042)",2017,10,Saturday
10001832,GM918727,2020-09-24 08:22:00,36XX N PULASKI RD,650,MOTOR VEHICLE THEFT,AUTOMOBILE,"SCHOOL, PUBLIC, BUILDING",False,False,111,15,24.0,49.0,11,1173015.0,1923149.0,2020,2020-10-23 08:22:00,41.88731662,-87.71552123,"(41.88731662, -87.71552123)",2020,9,Thursday
10001833,XT643237,2017-07-02 18:52:00,75XX E FULLERTON AVE,910,VANDALISM,CRIMINAL DAMAGE,APARTMENT,False,False,1022,22,25.0,4.0,04B,1161505.0,1858771.0,2017,2017-08-01 18:52:00,41.74890022,-87.58896006,"(41.74890022, -87.58896006)",2017,7,Sunday
10001834,OS691728,2019-01-16 17:30:00,59XX W WESTERN AVE,1310,NARCOTICS,POSS: COCAINE,RETAIL STORE,False,False,221,22,20.0,67.0,04B,1198552.0,1872769.0,2019,2019-02-05 17:30:00,41.8822229,-87.71154821,"(41.8822229, -87.71154821)",2019,1,Wednesday
10001835,RX141882,2015-06-27 19:07:00,66XX S CLARK ST,320,ROBBERY,STRONGARM - NO WEAPON,RESIDENCE,True,False,1911,9,29.0,1.0,10,1155513.0,1901936.0,2015,2015-07-23 19:07:00,41.89515328,-87.56425034,"(41.89515328, -87.56425034)",2015,6,Saturday
10001836,BE876107,2022-07-24 23:57:00,4XX E GRAND AVE,460,BATTERY,SIMPLE,PARKING LOT / GARAGE(NON.RESID.),False,False,912,24,26.0,57.0,14,1156206.0,1890296.0,2022,2022-08-03 23:57:00,41.91310325,-87.68253909,"(41.91310325, -87.68253909)",2022,7,Sunday
10001837,JO183099,2021-12-02 18:28:00,34XX N CHICAGO AVE,750,THEFT,THEFT $500 AND UNDER,BAR OR TAVERN,False,False,2511,25,22.0,11.0,04B,1159101.0,1871116.0,2021,2021-12-22 18:28:00,41.89463218,-87.67023487,"(41.89463218, -87.67023487)",2021,12,Thursday
10001838,VW515664,2015-05-17 09:40:00,93XX W COTTAGE GROVE AVE,2830,CRIMINAL TRESPASS,TO RESIDENCE,GROCERY FOOD STORE,False,False,1911,19,19.0,46.0,15,1192075.0,1875712.0,2015,2015-06-05 09:40:00,41.94261562,-87.75918421,"(41.94261562, -87.75918421)",2015,5,Sunday
10001839,BJ484772,2015-01-15 17:28:00,51XX W ASHLAND AVE,510,ASSAULT,AGGRAVATED: HANDGUN,CONVENIENCE STORE,False,False,911,22,48.0,46.0,04A,1194193.0,1901930.0,2015,2015-01-18 17:28:00,41.81905138,-87.76022909,"(41.81905138, -87.76022909)",2015,1,Thursday
10001840,OE563112,2015-08-09 08:40:00,71XX W MADISON ST,740,THEFT,THEFT OVER $500,APARTMENT,False,False,812,16,8.0,59.0,19,1174984.0,1855339.0,2015,2015-08-26 08:40:00,41.97888298,-87.69989689,"(41.97888298, -87.69989689)",2015,8,Sunday
10001841,LY909496,2020-12-03 15:53:00,78XX W STATE ST,730,THEFT,SHOPLIFTING,"SCHOOL, PUBLIC, BUILDING",False,False,211,12,6.0,62.0,01A,1162900.0,1851207.0,2020,2020-12-11 15:53:00,41.91477625,-87.63027352,"(41.91477625, -87.63027352)",2020,12,Thursday
10001842,CT636831,2017-12-01 18:50:00,77XX E PULASKI RD,730,THEFT,SHOPLIFTING,VEHICLE NON-COMMERCIAL,True,False,121,16,36.0,24.0,07,1194689.0,1927949.0,2017,2017-12-06 18:50:00,41.72435646,-87.651374465,"(41.72435646, -87.52261635)",2017,12,Friday
10001843,HJ025287,2020-05-21 20:57:00,44XX N DIVISION ST,650,MOTOR VEHICLE THEFT,AUTOMOBILE,RESTAURANT,False,True,1011,7,32.0,50.0,02,1169202.0,1850797.0,2020,2020-06-14 20:57:00,41.95228179,-87.53747138,"(41.95228179, -87.53747138)",2020,5,Thursday
10001844,DT583529,2018-08-08 10:29:00,11XX E WESTERN AVE,5003,PUBLIC PEACE VIOLATION,DISORDERLY CONDUCT,"SCHOOL, PUBLIC, BUILDING",False,False,212,5,19.0,56.0,08A,1185468.0,1855337.0,2018,2018-08-15 10:29:00,41.73689107,-87.7129083,"(41.73689107, -87.7129083)",2018,8,Wednesday
10001845,IC927889,2015-04-21 19:26:00,48XX W DIVISION ST,510,ASSAULT,AGGRAVATED: HANDGUN,OTHER,False,False,1022,22,18.0,42.0,18,1192603.0,1920252.0,2015,2015-05-21 19:26:00,41.8217229,-87.51175505,"(41.8217229, -87.51175505)",2015,4,Tuesday
10001846,OA002460,2017-12-10 11:41:00,88XX N ASHLAND AVE,460,BATTERY,SIMPLE,HOSPITAL BUILDING/GROUNDS,True,False,521,2,48.0,22.0,09,1189216.0,1902449.0,2017,2018-01-03 11:41:00,41.83228826,-87.53646461,"(41.83228826, -87.53646461)",2017,12,Sunday
10001847,OU080276,2018-03-12 15:32:00,18XX N HALSTED ST,560,ASSAULT,SIMPLE,GROCERY FOOD STORE,True,False,612,24,18.0,36.0,14,1183687.0,1877929.0,2018,2018-04-02 15:32:00,41.75909056,-87.50261181,"(41.75909056, -87.50261181)",2018,3,Monday
10001848,XE139457,2016-12-08 18:55:00,40XX S GRAND AVE,850,DECEPTIVE PRACTICE,FRAUD,RESTAURANT,False,False,1611,1,1.0,69.0,04A,1171067.0,1909579.0,2016,2016-12-09 18:55:00,41.98216128,-87.65855666,"(41.98216128, -87.65855666)",2016,12,Thursday
10001849,ZI923519,2020-03-13 14:59:00,89XX S GRAND AVE,312,ROBBERY,ARMED: HANDGUN,RETAIL STORE,False,False,611,3,38.0,6.0,09,1174984.0,1915448.0,2020,2020-04-05 14:59:00,41.76412098,-87.77077727,"(41.76412098, -87.77077727)",2020,3,Friday
10001850,XN669012,2017-07-20 17:49:00,5XX E CHICAGO AVE,750,THEFT,THEFT $500 AND UNDER,CTA BUS,False,False,212,18,35.0,11.0,20,1187535.0,1885138.0,2017,2017-08-09 17:49:00,41.71887718,-87.52043818,"(41.71887718, -87.52043818)",2017,7,Thursday
10001851,DW788138,2019-05-27 13:57:00,59XX N ASHLAND AVE,1200,NARCOTICS,POSS: CANNABIS 30GMS OR LESS,ALLEY,False,False,1911,17,1.0,23.0,10,1156353.0,1893986.0,2019,2019-06-23 13:57:00,41.91576418,-87.65135657,"(41.91576418, -87.65135657)",2019,5,Monday
10001852,EA214329,2018-08-22 19:18:00,10XX N CICERO AVE,1020,WEAPONS VIOLATION,UNLAWFUL POSS OF HANDGUN,GROCERY FOOD STORE,False,False,1611,14,1.0,52.0,04B,1189167.0,1869137.0,2018,2018-09-01 19:18:00,41.84190923,-87.61838513,"(41.84190923, -87.61838513)",2018,8,Wednesday
10001853,BF528471,2018-06-20 18:48:00,63XX N STATE ST,1200,NARCOTICS,POSS: CANNABIS 30GMS OR LESS,STREET,True,False,511,10,7.0,52.0,04A,1188399.0,1873027.0,2018,2018-07-11 18:48:00,41.90485966,-87.57459303,"(41.90485966, -87.57459303)",2018,6,Wednesday
10001854,MG956813,2021-01-01 19:26:00,36XX S STATE ST,2830,CRIMINAL TRESPASS,TO RESIDENCE,PARK PROPERTY,False,True,1911,1,49.0,17.0,04B,1175345.0,1850933.0,2021,2021-01-20 19:26:00,41.83936909,-87.64975968,"(41.83936909, -87.64975968)",2021,1,Friday
10001855,YD068101,2015-09-12 07:20:00,56XX W COTTAGE GROVE AVE,750,THEFT,THEFT $500 AND UNDER,STREET,False,False,912,2,3.0,68.0,03,1164560.0,1881110.0,2015,2015-10-05 07:20:00,41.77131001,-87.77977779,"(41.77131001, -87.77977779)",2015,9,Saturday
10001856,AA698896,2015-10-05 19:16:00,33XX N CICERO AVE,910,VANDALISM,CRIMINAL DAMAGE,SIDEWALK,True,False,1221,24,21.0,34.0,06,1185048.0,1906370.0,2015,2015-10-23 19:16:00,41.88977207,-87.63381897,"(41.88977207, -87.63381897)",2015,10,Monday
10001857,TW706755,2023-11-02 22:59:00,88XX N CHICAGO AVE,730,THEFT,SHOPLIFTING,CTA TRAIN,False,True,321,17,45.0,49.0,12,1151385.0,1890235.0,2023,2023-11-20 22:59:00,41.9667479,-87.68661202,"(41.9667479, -87.68661202)",2023,11,Thursday
10001858,II700662,2019-01-27 21:14:00,13XX N ASHLAND AVE,1200,NARCOTICS,POSS: CANNABIS 30GMS OR LESS,HOSPITAL BUILDING/GROUNDS,False,False,1011,16,20.0,40.0,11,1183031.0,1916170.0,2019,2019-02-23 21:14:00,41.70968072,-87.75018212,"(41.70968072, -87.75018212)",2019,1,Sunday
10001859,OW301762,2020-09-02 17:38:00,83XX N MICHIGAN AVE,910,VANDALISM,CRIMINAL DAMAGE,UNKNOWN,False,False,1221,12,30.0,30.0,08B,1184520.0,1900429.0,2020,2020-09-28 17:38:00,41.82069944,-87.57740407,"(41.82069944, -87.57740407)",2020,9,Wednesday
10001860,CG323378,2020-09-30 21:16:00,44XX N CLARK ST,1240,NARCOTICS,POSS: HEROIN(WHITE),VEHICLE NON-COMMERCIAL,False,False,311,11,24.0,20.0,15,1162781.0,1860021.0,2020,2020-10-24 21:16:00,41.97755491,-87.61350349,"(41.97755491, -87.61350349)",2020,9,Wednesday
10001861,BD159560,2016-05-22 18:44:00,93XX S ASHLAND AVE,320,ROBBERY,STRONGARM - NO WEAPON,COMMERCIAL / BUSINESS OFFICE,False,False,1111,17,9.0,27.0,10,1197566.0,1925620.0,2016,2016-05-30 18:44:00,41.70623575,-87.74587712,"(41.70623575, -87.74587712)",2016,5,Sunday
10001862,GF398949,2015-12-04 18:38:00,82XX N WESTERN AVE,560,ASSAULT,SIMPLE,GROCERY FOOD STORE,False,False,112,15,2.0,21.0,15,1170350.0,1923591.0,2015,2015-12-22 18:38:00,41.84304818,-87.63143315,"(41.84304818, -87.63143315)",2015,12,Friday
10001863,NA771701,2021-08-25 14:02:00,68XX W CLARK ST,620,BURGLARY,UNLAWFUL ENTRY,UNKNOWN,True,False,2011,15,36.0,64.0,17,1196403.0,1902486.0,2021,2021-09-09 14:02:00,41.81561788,-87.71798686,"(41.81561788, -87.71798686)",2021,8,Wednesday
10001864,TJ671022,2021-03-20 17:02:00,43XX W CHICAGO AVE,1110,SEX OFFENSE,CRIMINAL SEXUAL ABUSE,GAS STATION,False,False,1811,10,30.0,50.0,04A,1159511.0,1903850.0,2021,2021-03-23 17:02:00,41.93447016,-87.55254828,"(41.93447016, -87.55254828)",2021,3,Saturday
10001865,RK525569,2019-09-03 09:16:00,91XX E BROADWAY,2830,CRIMINAL TRESPASS,TO RESIDENCE,SIDEWALK,False,True,1611,25,29.0,8.0,03,1194153.0,1880224.0,2019,2019-09-15 09:16:00,41.84061179,-87.50586264,"(41.83218487, -87.50586264)",2019,9,Tuesday
10001866,HL825957,2022-03-08 12:53:00,47XX N BROADWAY,486,BATTERY,DOMESTIC BATTERY AGGRAVATED,RESIDENCE,False,True,1011,20,27.0,2.0,17,1158681.0,1921061.0,2022,2022-04-07 12:53:00,41.84630621,-87.54379142,"(41.84630621, -87.54379142)",2022,3,Tuesday
10001867,ML821956,2022-04-22 10:27:00,79XX N GRAND AVE,560,ASSAULT,SIMPLE,GAS STATION,False,False,1611,25,1.0,5.0,10,1189317.0,1867660.0,2022,2022-05-12 10:27:00,41.97226222,-87.7297895,"(41.97226222, -87.7297895)",2022,4,Friday
10001868,AD880353,2023-09-10 12:56:00,46XX S CLARK ST,460,BATTERY,SIMPLE,PARK PROPERTY,False,False,311,3,50.0,61.0,15,1184774.0,1857727.0,2023,2023-09-18 12:56:00,41.77661749,-87.51751324,"(41.77661749, -87.51751324)",2023,9,Sunday
10001869,WE123050,2022-01-12 22:30:00,67XX W NORTH AVE,910,VANDALISM,CRIMINAL DAMAGE,CTA BUS,False,False,711,18,45.0,71.0,03,1150925.0,1905759.0,2022,2022-01-28 22:30:00,41.80153394,-87.71288594,"(41.80153394, -87.71288594)",2022,1,Wednesday
10001870,LJ756567,2018-12-28 22:50:00,35XX S CLARK ST,1200,NARCOTICS,POSS: CANNABIS 30GMS OR LESS,RESTAURANT,False,False,221,4,50.0,25.0,07,1157010.0,1883196.0,2018,2019-01-21 22:50:00,41.91202457,-87.63189344,"(41.91202457, -87.63189344)",2018,12,Friday
10001871,SI271226,2020-01-06 09:16:00,57XX N ASHLAND AVE,510,ASSAULT,AGGRAVATED: HANDGUN,APARTMENT,False,False,221,16,39.0,26.0,12,1153705.0,1869821.0,2020,2020-01-28 09:16:00,41.87002257,-87.79224228,"(41.87002257, -87.79224228)",2020,1,Monday
10001872,HB096555,2017-06-06 14:12:00,37XX N MICHIGAN AVE,610,BURGLARY,FORCIBLE ENTRY,CTA TRAIN,False,False,113,8,24.0,73.0,15,1187875.0,1925398.0,2017,2017-06-11 14:12:00,41.84172218,-87.66447256,"(41.84172218, -87.66447256)",2017,6,Tuesday
10001873,VM959965,2021-06-02 10:37:00,6XX W COTTAGE GROVE AVE,1200,NARCOTICS,POSS: CANNABIS 30GMS OR LESS,SIDEWALK,True,False,412,6,32.0,69.0,18,1194980.0,1896525.0,2021,2021-06-21 10:37:00,41.95039689,-87.58877284,"(41.95039689, -87.58877284)",2021,6,Wednesday
10001874,JQ455655,2023-11-11 18:45:00,19XX E MICHIGAN AVE,910,VANDALISM,CRIMINAL DAMAGE,APARTMENT,False,False,1411,14,17.0,51.0,05,1159663.0,1907891.0,2023,2023-12-04 18:45:00,41.78642623,-87.651374465,"(41.78642623, -87.59267102)",2023,11,Saturday
10001875,WE215207,2021-05-24 19:14:00,16XX S GRAND AVE,620,BURGLARY,UNLAWFUL ENTRY,OTHER,False,False,212,8,43.0,58.0,02,1183809.0,1902754.0,2021,2021-06-03 19:14:00,41.94523772,-87.71471669,"(41.94523772, -87.71471669)",2021,5,Monday
10001876,QG690771,2016-03-22 09:09:00,20XX E FULLERTON AVE,650,MOTOR VEHICLE THEFT,AUTOMOBILE,APARTMENT,False,False,811,17,9.0,11.0,05,1174984.0,1864185.0,2016,2016-03-23 09:09:00,41.88002887,-87.7856936,"(41.88002887, -87.7856936)",2016,3,Tuesday
10001877,GU526803,2017-08-03 16:54:00,18XX S BROADWAY,610,BURGLARY,FORCIBLE ENTRY,CONVENIENCE STORE,False,False,1211,11,24.0,6.0,15,1150368.0,1905105.0,2017,2017-08-15 16:54:00,41.92398891,-87.54011361,"(41.92398891, -87.54011361)",2017,8,Thursday
10001878,GF777156,2016-02-08 13:06:00,10XX N ASHLAND AVE,750,THEFT,THEFT $500 AND UNDER,HOSPITAL BUILDING/GROUNDS,False,True,411,4,33.0,18.0,02,1187247.0,1896169.0,2016,2016-03-08 13:06:00,41.89120678,-87.53932084,"(41.89120678, -87.53932084)",2016,2,Monday
10001879,NH618957,2016-12-05 08:45:00,1XX E FULLERTON AVE,620,BURGLARY,UNLAWFUL ENTRY,"SCHOOL, PUBLIC, BUILDING",True,False,211,22,6.0,51.0,03,1166973.0,1904604.0,2016,2016-12-14 08:45:00,41.86991413,-87.54586157,"(41.86991413, -87.54586157)",2016,12,Monday
10001880,TV690290,2021-05-27 15:38:00,45XX E PULASKI RD,320,ROBBERY,STRONGARM - NO WEAPON,RETAIL STORE,True,False,1111,19,6.0,63.0,04A,1192579.0,1910102.0,2021,2021-06-22 15:38:00,41.84061179,-87.60336013,"(41.86837606, -87.60336013)",2021,5,Thursday
10001881,JQ709336,2016-08-19 18:01:00,27XX W ASHLAND AVE,1020,WEAPONS VIOLATION,UNLAWFUL POSS OF HANDGUN,SIDEWALK,False,False,412,1,40.0,71.0,17,1157254.0,1905167.0,2016,2016-09-09 18:01:00,41.74713985,-87.56999241,"(41.74713985, -87.56999241)",2016,8,Friday
10001882,LF345454,2021-11-29 12:17:00,99XX W STATE ST,312,ROBBERY,ARMED: HANDGUN,ALLEY,True,False,112,1,7.0,30.0,08B,1162403.0,1909776.0,2021,2021-12-22 12:17:00,41.72918013,-87.56065246,"(41.72918013, -87.56065246)",2021,11,Monday
10001883,IO560036,2018-11-12 12:17:00,96XX S COTTAGE GROVE AVE,1240,NARCOTICS,POSS: HEROIN(WHITE),ALLEY,False,False,1121,5,26.0,12.0,12,1184300.0,1858022.0,2018,2018-11-13 12:17:00,41.84596202,-87.72329704,"(41.84596202, -87.72329704)",2018,11,Monday
10001884,VA644511,2021-11-14 19:43:00,29XX S BROADWAY,560,ASSAULT,SIMPLE,ALLEY,True,False,221,17,10.0,75.0,10,1161140.0,1926356.0,2021,2021-11-18 19:43:00,41.71856759,-87.55292401,"(41.71856759, -87.55292401)",2021,11,Sunday
10001885,YG879638,2021-11-21 16:12:00,90XX S CHICAGO AVE,730,THEFT,SHOPLIFTING,COMMERCIAL / BUSINESS OFFICE,False,False,1811,9,4.0,44.0,08A,1153948.0,1890235.0,2021,2021-11-30 16:12:00,41.91026849,-87.5557179,"(41.91026849, -87.5557179)",2021,11,Sunday
10001886,DQ354819,2021-10-04 07:48:00,17XX S CICERO AVE,486,BATTERY,DOMESTIC BATTERY AGGRAVATED,OTHER,False,True,1211,7,5.0,13.0,08A,1194551.0,1873513.0,2021,2021-10-21 07:48:00,41.86109779,-87.71453199,"(41.86109779, -87.71453199)",2021,10,Monday
10001887,JE195832,2015-04-06 17:50:00,2XX E COTTAGE GROVE AVE,510,ASSAULT,AGGRAVATED: HANDGUN,RESIDENCE,False,True,1011,10,29.0,69.0,03,1191593.0,1890499.0,2015,2015-05-04 17:50:00,41.82028094,-87.63610054,"(41.82028094, -87.63610054)",2015,4,Monday
10001888,SO823742,2017-06-30 00:59:00,81XX E MADISON ST,910,VANDALISM,CRIMINAL DAMAGE,PARKING LOT / GARAGE(NON.RESID.),False,False,412,10,44.0,25.0,20,1191099.0,1851016.0,2017,2017-07-22 00:59:00,41.70216095,-87.69547772,"(41.70216095, -87.69547772)",2017,6,Friday
10001889,NC105455,2020-02-16 11:06:00,50XX E MADISON ST,800,ARSON,AGGRAVATED,ALLEY,False,False,912,14,8.0,55.0,07,1165496.0,1881796.0,2020,2020-03-09 11:06:00,41.7846343,-87.66108875,"(41.7846343, -87.66108875)",2020,2,Sunday
10001890,TB045436,2016-12-06 16:20:00,29XX S DIVISION ST,460,BATTERY,SIMPLE,RETAIL STORE,True,False,1711,12,27.0,24.0,06,1181542.0,1855536.0,2016,2016-12-09 16:20:00,41.92099696,-87.66680622,"(41.92099696, -87.66680622)",2016,12,Tuesday
10001891,WX370882,2022-07-17 19:42:00,49XX N CHICAGO AVE,740,THEFT,THEFT OVER $500,RETAIL STORE,False,False,121,12,20.0,70.0,14,1165075.0,1913074.0,2022,2022-08-08 19:42:00,41.84337535,-87.70647653,"(41.84337535, -87.70647653)",2022,7,Sunday
10001892,YR474944,2015-12-24 15:26:00,64XX W COTTAGE GROVE AVE,1310,NARCOTICS,POSS: COCAINE,CONVENIENCE STORE,True,False,1221,11,28.0,54.0,05,1174984.0,1924519.0,2015,2016-01-06 15:26:00,41.80335863,-87.59592218,"(41.80335863, -87.59592218)",2015,12,Thursday
10001893,CU605994,2016-06-04 20:16:00,92XX S DIVISION ST,560,ASSAULT,SIMPLE,HOSPITAL BUILDING/GROUNDS,False,False,812,20,46.0,33.0,16,1154367.0,1884438.0,2016,2016-07-02 20:16:00,41.84061179,-87.62160257,"(41.89673858, -87.62160257)",2016,6,Saturday
10001894,KK195645,2018-12-07 14:26:00,87XX W STATE ST,620,BURGLARY,UNLAWFUL ENTRY,VEHICLE NON-COMMERCIAL,False,False,611,1,26.0,25.0,16,1154332.0,1892844.0,2018,2018-12-23 14:26:00,41.7020836,-87.56567719,"(41.7020836, -87.56567719)",2018,12,Friday
10001895,HJ546780,2022-05-10 19:59:00,51XX S MADISON ST,910,VANDALISM,CRIMINAL DAMAGE,APARTMENT,False,True,212,2,19.0,35.0,01A,1183764.0,1866096.0,2022,2022-05-19 19:59:00,41.81173029,-87.60730575,"(41.81173029, -87.60730575)",2022,5,Tuesday
10001896,OF678639,2020-11-11 19:31:00,98XX S GRAND AVE,650,MOTOR VEHICLE THEFT,AUTOMOBILE,OTHER,False,False,121,18,46.0,33.0,18,1191340.0,1893077.0,2020,2020-11-23 19:31:00,41.76314788,-87.66205977,"(41.76314788, -87.66205977)",2020,11,Wednesday
10001897,DX486489,2021-09-25 12:25:00,7XX E WESTERN AVE,560,ASSAULT,SIMPLE,VEHICLE NON-COMMERCIAL,False,False,1211,9,45.0,46.0,06,1170092.0,1868265.0,2021,2021-09-28 12:25:00,41.77851822,-87.57998082,"(41.77851822, -87.57998082)",2021,9,Saturday
10001898,EW213471,2020-01-07 03:46:00,94XX E NORTH AVE,740,THEFT,THEFT OVER $500,GAS STATION,False,False,113,2,8.0,43.0,06,1171420.0,1898753.0,2020,2020-01-28 03:46:00,41.75127625,-87.651374465,"(41.75127625, -87.50145531)",2020,1,Tuesday
10001899,KP007635,2020-12-13 17:49:00,16XX N FULLERTON AVE,1240,NARCOTICS,POSS: HEROIN(WHITE),RETAIL STORE,True,False,1211,25,43.0,66.0,07,1184379.0,1920457.0,2020,2020-12-18 17:49:00,41.80101411,-87.70710236,"(41.80101411, -87.70710236)",2020,12,Sunday
10001900,BE231549,2020-07-11 22:26:00,32XX S PULASKI RD,620,BURGLARY,UNLAWFUL ENTRY,UNKNOWN,False,False,1121,25,8.0,47.0,03,1150864.0,1905708.0,2020,2020-08-03 22:26:00,41.81234007,-87.5126451,"(41.81234007, -87.5126451)",2020,7,Saturday
10001901,NO218876,2015-06-29 14:32:00,81XX N DIVISION ST,486,BATTERY,DOMESTIC BATTERY AGGRAVATED,GROCERY FOOD STORE,True,True,111,22,22.0,68.0,04A,1166504.0,1927817.0,2015,2015-07-23 14:32:00,41.77755612,-87.51676175,"(41.77755612, -87.51676175)",2015,6,Monday
10001902,GR051602,2020-05-30 14:47:00,38XX W CLARK ST,1240,NARCOTICS,POSS: HEROIN(WHITE),GAS STATION,False,False,121,18,9.0,27.0,14,1195030.0,1926587.0,2020,2020-06-12 14:47:00,41.75263052,-87.79561392,"(41.75263052, -87.79561392)",2020,5,Saturday
10001903,WN889073,2016-12-05 07:37:00,96XX S MICHIGAN AVE,486,BATTERY,DOMESTIC BATTERY AGGRAVATED,"SCHOOL, PUBLIC, BUILDING",False,True,911,8,35.0,6.0,08A,1190055.0,1901890.0,2016,2016-12-14 07:37:00,41.89581192,-87.66342679,"(41.89581192, -87.66342679)",2016,12,Monday
10001904,RF760728,2023-07-21 22:50:00,81XX E PULASKI RD,910,VANDALISM,CRIMINAL DAMAGE,CTA BUS,False,False,411,1,49.0,33.0,15,1187511.0,1876842.0,2023,2023-07-22 22:50:00,41.76190119,-87.50589624,"(41.76190119, -87.50589624)",2023,7,Friday
10001905,HA431650,2023-09-18 22:28:00,24XX E WESTERN AVE,560,ASSAULT,SIMPLE,GROCERY FOOD STORE,False,False,911,25,36.0,8.0,15,1156556.0,1863721.0,2023,2023-10-09 22:28:00,41.78300957,-87.69559208,"(41.78300957, -87.69559208)",2023,9,Monday
10001906,IK841229,2021-03-01 22:54:00,92XX N MICHIGAN AVE,5003,PUBLIC PEACE VIOLATION,DISORDERLY CONDUCT,GAS STATION,True,False,122,14,21.0,64.0,20,1188146.0,1927187.0,2021,2021-03-04 22:54:00,41.96010973,-87.59731012,"(41.96010973, -87.59731012)",2021,3,Monday
10001907,WM558861,2020-05-22 16:26:00,55XX N CHICAGO AVE,740,THEFT,THEFT OVER $500,RESIDENCE,False,False,112,16,14.0,55.0,16,1185846.0,1872182.0,2020,2020-06-04 16:26:00,41.71893728,-87.60848649,"(41.71893728, -87.60848649)",2020,5,Friday
10001908,DM911943,2020-12-23 17:03:00,36XX W CICERO AVE,750,THEFT,THEFT $500 AND UNDER,SIDEWALK,True,False,221,5,15.0,63.0,01A,1161293.0,1898568.0,2020,2021-01-09 17:03:00,41.69337815,-87.75067844,"(41.69337815, -87.75067844)",2020,12,Wednesday
10001909,QX537070,2015-09-22 16:04:00,77XX W ASHLAND AVE,460,BATTERY,SIMPLE,"SCHOOL, PUBLIC, BUILDING",False,True,1211,9,43.0,57.0,02,1180773.0,1865869.0,2015,2015-09-26 16:04:00,41.75076797,-87.59363515,"(41.75076797, -87.59363515)",2015,9,Tuesday
10001910,WH769149,2023-01-01 20:42:00,41XX E COTTAGE GROVE AVE,750,THEFT,THEFT $500 AND UNDER,CTA TRAIN,False,False,1811,8,22.0,72.0,15,1182278.0,1854861.0,2023,2023-01-18 20:42:00,41.88025052,-87.73630361,"(41.88025052, -87.73630361)",2023,1,Sunday
10001911,NP225090,2022-03-28 10:37:00,51XX E STATE ST,850,DECEPTIVE PRACTICE,FRAUD,CTA BUS,False,False,211,5,44.0,40.0,05,1174421.0,1865047.0,2022,2022-04-24 10:37:00,41.74997042,-87.53368912,"(41.74997042, -87.53368912)",2022,3,Monday
10001912,DB129390,2019-10-20 20:16:00,58XX N STATE ST,265,CRIM SEXUAL ASSAULT,AGGRAVATED: OTHER,PARKING LOT / GARAGE(NON.RESID.),False,False,321,9,46.0,68.0,15,1198081.0,1861855.0,2019,2019-11-12 20:16:00,41.93169927,-87.79621942,"(41.93169927, -87.79621942)",2019,10,Sunday
10001913,BV599373,2016-10-01 19:58:00,57XX N GRAND AVE,740,THEFT,THEFT OVER $500,GROCERY FOOD STORE,False,False,612,15,27.0,45.0,06,1189127.0,1854309.0,2016,2016-10-03 19:58:00,41.88282906,-87.6087937,"(41.88282906, -87.6087937)",2016,10,Saturday
10001914,UX505759,2017-11-10 18:29:00,70XX N FULLERTON AVE,730,THEFT,SHOPLIFTING,OTHER,False,False,1911,4,31.0,10.0,14,1184406.0,1907427.0,2017,2017-11-13 18:29:00,41.88274551,-87.61467324,"(41.88274551, -87.61467324)",2017,11,Friday
10001915,UA099899,2019-07-06 23:56:00,43XX W MADISON ST,910,VANDALISM,CRIMINAL DAMAGE,RETAIL STORE,True,False,112,4,1.0,7.0,19,1187749.0,1853564.0,2019,2019-07-12 23:56:00,41.92536124,-87.56334813,"(41.92536124, -87.56334813)",2019,7,Saturday
10001916,WX799131,2020-04-12 20:32:00,51XX N CHICAGO AVE,850,DECEPTIVE PRACTICE,FRAUD,PARKING LOT / GARAGE(NON.RESID.),False,True,311,16,42.0,55.0,04B,1150206.0,1857425.0,2020,2020-04-19 20:32:00,41.95026733,-87.71748172,"(41.95026733, -87.71748172)",2020,4,Sunday
10001917,PE356297,2020-08-07 14:01:00,43XX S CHICAGO AVE,650,MOTOR VEHICLE THEFT,AUTOMOBILE,BAR OR TAVERN,False,True,311,20,33.0,51.0,16,1179404.0,1905007.0,2020,2020-08-12 14:01:00,41.85529412,-87.73936032,"(41.85529412, -87.73936032)",2020,8,Friday
10001918,CF509227,2020-12-26 07:13:00,59XX E BROADWAY,740,THEFT,THEFT OVER $500,RETAIL STORE,False,False,312,20,8.0,63.0,26,1161252.0,1864647.0,2020,2021-01-02 07:13:00,41.8456387,-87.60707252,"(41.8456387, -87.60707252)",2020,12,Saturday
10001919,TT690897,2015-06-16 20:02:00,59XX W FULLERTON AVE,740,THEFT,THEFT OVER $500,CONVENIENCE STORE,False,True,2211,6,47.0,39.0,16,1173486.0,1857844.0,2015,2015-07-12 20:02:00,41.89234051,-87.79622048,"(41.89234051, -87.79622048)",2015,6,Tuesday
10001920,QQ259057,2022-09-19 17:22:00,41XX N BROADWAY,320,ROBBERY,STRONGARM - NO WEAPON,BAR OR TAVERN,True,False,712,16,10.0,33.0,17,1195871.0,1880213.0,2022,2022-09-26 17:22:00,41.90708814,-87.76387869,"(41.90708814, -87.76387869)",2022,9,Monday
10001921,LF462039,2021-06-16 13:32:00,51XX W ASHLAND AVE,486,BATTERY,DOMESTIC BATTERY AGGRAVATED,"SCHOOL, PUBLIC, BUILDING",False,True,1121,22,31.0,3.0,17,1193089.0,1871561.0,2021,2021-07-12 13:32:00,41.70053734,-87.73840349,UNKNOWN,2021,6,Wednesday
10001922,BR095419,2015-06-05 20:44:00,60XX N NORTH AVE,650,MOTOR VEHICLE THEFT,AUTOMOBILE,"SCHOOL, PUBLIC, BUILDING",False,False,621,4,22.0,75.0,05,1170991.0,1912692.0,2015,2015-06-16 20:44:00,41.70820931,-87.651374465,"(41.70820931, -87.51972558)",2015,6,Friday
10001923,TR515374,2020-11-18 12:36:00,54XX E PULASKI RD,740,THEFT,THEFT OVER $500,UNKNOWN,False,False,122,12,43.0,28.0,03,1166118.0,1928961.0,2020,2020-12-03 12:36:00,41.79876185,-87.54244702,"(41.79876185, -87.54244702)",2020,11,Wednesday
10001924,IY884638,2021-03-11 18:45:00,25XX N GRAND AVE,1310,NARCOTICS,POSS: COCAINE,VEHICLE NON-COMMERCIAL,False,False,1511,17,47.0,46.0,20,1191148.0,1900710.0,2021,2021-04-10 18:45:00,41.98960338,-87.651374465,"(41.98960338, -87.63594971)",2021,3,Thursday
10001925,FT613561,2016-12-29 02:41:00,90XX S NORTH AVE,460,BATTERY,SIMPLE,HOSPITAL BUILDING/GROUNDS,False,True,611,17,12.0,65.0,15,1186178.0,1852317.0,2016,2017-01-12 02:41:00,41.8780949,-87.58596298,"(41.8780949, -87.58596298)",2016,12,Thursday
10001926,VD000689,2020-11-25 07:50:00,42XX S ASHLAND AVE,650,MOTOR VEHICLE THEFT,AUTOMOBILE,APARTMENT,False,False,411,16,12.0,75.0,01A,1176560.0,1860195.0,2020,2020-12-10 07:50:00,41.81726621,-87.50627424,"(41.81726621, -87.50627424)",2020,11,Wednesday
10001927,SA906715,2016-08-03 09:08:00,23XX N CHICAGO AVE,610,BURGLARY,FORCIBLE ENTRY,GROCERY FOOD STORE,False,False,911,24,13.0,54.0,09,1172146.0,1901098.0,2016,2016-08-12 09:08:00,41.71854133,-87.77676999,UNKNOWN,2016,8,Wednesday
10001928,MB552060,2022-11-07 12:10:00,67XX S NORTH AVE,312,ROBBERY,ARMED: HANDGUN,"SCHOOL, PUBLIC, BUILDING",False,True,121,6,47.0,44.0,02,1188868.0,1924628.0,2022,2022-12-04 12:10:00,41.73996861,-87.64890131,"(41.73996861, -87.64890131)",2022,11,Monday
10001929,MW973866,2019-04-12 19:32:00,44XX N COTTAGE GROVE AVE,486,BATTERY,DOMESTIC BATTERY AGGRAVATED,ALLEY,True,True,1111,4,32.0,41.0,07,1189688.0,1873667.0,2019,2019-05-08 19:32:00,41.85980636,-87.63333755,"(41.85980636, -87.63333755)",2019,4,Friday
10001930,NB534408,2023-07-05 20:54:00,81XX E MADISON ST,650,MOTOR VEHICLE THEFT,AUTOMOBILE,CTA TRAIN,False,False,911,17,36.0,25.0,19,1163507.0,1852807.0,2023,2023-07-08 20:54:00,41.88400508,-87.52098458,"(41.88400508, -87.52098458)",2023,7,Wednesday
10001931,AM883186,2016-02-28 22:18:00,42XX W MICHIGAN AVE,620,BURGLARY,UNLAWFUL ENTRY,BAR OR TAVERN,False,False,1411,2,16.0,3.0,03,1176446.0,1918749.0,2016,2016-03-05 22:18:00,41.7946739,-87.63144792,"(41.7946739, -87.63144792)",2016,2,Sunday
10001932,NY198693,2017-11-24 12:19:00,75XX N CICERO AVE,620,BURGLARY,UNLAWFUL ENTRY,ALLEY,False,False,1111,20,17.0,36.0,04A,1160833.0,1921506.0,2017,2017-12-02 12:19:00,41.80965682,-87.67578117,"(41.80965682, -87.67578117)",2017,11,Friday
10001933,BY464765,2019-02-22 16:38:00,81XX W GRAND AVE,650,MOTOR VEHICLE THEFT,AUTOMOBILE,"SCHOOL, PUBLIC, BUILDING",True,True,1022,24,27.0,16.0,20,1198405.0,1922933.0,2019,2019-03-21 16:38:00,41.72132185,-87.72724966,"(41.72132185, -87.72724966)",2019,2,Friday
10001934,VT785744,2023-11-16 04:41:00,54XX N COTTAGE GROVE AVE,320,ROBBERY,STRONGARM - NO WEAPON,APARTMENT,False,False,112,15,12.0,40.0,01A,1169741.0,1876742.0,2023,2023-11-17 04:41:00,41.8124911,-87.68474521,"(41.8124911, -87.68474521)",2023,11,Thursday
10001935,RE189205,2022-08-13 19:06:00,98XX N WESTERN AVE,1310,NARCOTICS,POSS: COCAINE,GAS STATION,False,False,1511,16,9.0,25.0,06,1150744.0,1922050.0,2022,2022-08-29 19:06:00,41.75872536,-87.6295353,"(41.75872536, -87.6295353)",2022,8,Saturday
10001936,LD011989,2018-01-13 20:07:00,72XX S ASHLAND AVE,750,THEFT,THEFT $500 AND UNDER,PARK PROPERTY,False,False,121,12,25.0,46.0,08A,1195378.0,1850853.0,2018,2018-02-10 20:07:00,41.78704147,-87.57898172,"(41.78704147, -87.57898172)",2018,1,Saturday
10001937,IU477268,2022-12-27 20:20:00,60XX S DIVISION ST,1200,NARCOTICS,POSS: CANNABIS 30GMS OR LESS,SIDEWALK,False,False,1121,16,7.0,65.0,18,1174984.0,1884897.0,2022,2023-01-18 20:20:00,41.82455134,-87.68978518,"(41.82455134, -87.68978518)",2022,12,Tuesday
10001938,UV946413,2017-03-21 06:14:00,65XX N CICERO AVE,610,BURGLARY,FORCIBLE ENTRY,CTA BUS,False,False,2211,16,5.0,8.0,15,1174197.0,1882760.0,2017,2017-04-01 06:14:00,41.81295479,-87.5842414,"(41.81295479, -87.5842414)",2017,3,Tuesday
10001939,NL483635,2019-09-13 11:03:00,76XX N STATE ST,460,BATTERY,SIMPLE,BAR OR TAVERN,False,False,621,19,13.0,35.0,09,1166744.0,1928139.0,2019,2019-10-09 11:03:00,41.84061179,-87.64475899,"(41.74492659, -87.64475899)",2019,9,Friday
10001940,GX497284,2023-03-26 18:21:00,59XX S ASHLAND AVE,486,BATTERY,DOMESTIC BATTERY AGGRAVATED,PARK PROPERTY,True,True,111,10,15.0,57.0,18,1174984.0,1864297.0,2023,2023-04-24 18:21:00,41.72965715,-87.68190427,"(41.72965715, -87.68190427)",2023,3,Sunday
10001941,JK501790,2015-11-21 22:58:00,53XX W DIVISION ST,750,THEFT,THEFT $500 AND UNDER,CTA BUS,False,False,311,17,7.0,70.0,08A,1184592.0,1882196.0,2015,2015-12-02 22:58:00,41.74410494,-87.66320377,"(41.74410494, -87.66320377)",2015,11,Saturday
10001942,YZ662952,2015-11-19 19:19:00,18XX N CICERO AVE,1240,NARCOTICS,POSS: HEROIN(WHITE),STREET,False,False,1121,19,47.0,58.0,20,1193349.0,1909382.0,2015,2015-12-09 19:19:00,41.78645084,-87.65774108,"(41.78645084, -87.65774108)",2015,11,Thursday
10001943,MF424124,2020-07-21 20:05:00,78XX E ASHLAND AVE,910,VANDALISM,CRIMINAL DAMAGE,COMMERCIAL / BUSINESS OFFICE,True,False,912,24,5.0,28.0,08B,1175967.0,1918632.0,2020,2020-08-15 20:05:00,41.75825277,-87.67796056,"(41.75825277, -87.67796056)",2020,7,Tuesday
10001944,QO528200,2020-02-14 18:02:00,35XX E COTTAGE GROVE AVE,1310,NARCOTICS,POSS: COCAINE,GROCERY FOOD STORE,True,False,1811,3,47.0,23.0,08B,1179295.0,1927846.0,2020,2020-02-23 18:02:00,41.83581287,-87.68443536,"(41.83581287, -87.68443536)",2020,2,Friday
10001945,FY555573,2015-05-30 14:05:00,51XX W MADISON ST,610,BURGLARY,FORCIBLE ENTRY,GROCERY FOOD STORE,False,False,113,19,3.0,69.0,13,1181722.0,1887919.0,2015,2015-06-12 14:05:00,41.77098834,-87.72642822,"(41.77098834, -87.72642822)",2015,5,Saturday
10001946,MN062894,2019-09-06 20:43:00,78XX S CLARK ST,730,THEFT,SHOPLIFTING,GROCERY FOOD STORE,True,False,1711,4,5.0,68.0,12,1185108.0,1883812.0,2019,2019-10-06 20:43:00,41.77088224,-87.66445142,"(41.77088224, -87.66445142)",2019,9,Friday
10001947,IO214407,2021-11-10 16:20:00,4XX E CICERO AVE,460,BATTERY,SIMPLE,VEHICLE NON-COMMERCIAL,False,False,1411,1,49.0,15.0,10,1150393.0,1886343.0,2021,2021-11-30 16:20:00,41.78280773,-87.59049568,"(41.78280773, -87.59049568)",2021,11,Wednesday
10001948,EX629639,2016-05-24 21:52:00,29XX S NORTH AVE,750,THEFT,THEFT $500 AND UNDER,VEHICLE NON-COMMERCIAL,False,False,211,18,44.0,16.0,08A,1152263.0,1912620.0,2016,2016-06-01 21:52:00,41.77339213,-87.60418475,"(41.77339213, -87.60418475)",2016,5,Tuesday
10001949,DR316995,2016-07-20 08:27:00,87XX S COTTAGE GROVE AVE,730,THEFT,SHOPLIFTING,RESTAURANT,False,False,611,17,10.0,65.0,20,1168938.0,1890235.0,2016,2016-07-30 08:27:00,41.91398789,-87.75242144,"(41.91398789, -87.75242144)",2016,7,Wednesday
10001950,JD620657,2015-12-09 19:32:00,29XX E FULLERTON AVE,460,BATTERY,SIMPLE,STREET,False,False,312,3,46.0,74.0,12,1190624.0,1863644.0,2015,2016-01-03 19:32:00,41.88785843,-87.71600903,"(41.88785843, -87.71600903)",2015,12,Wednesday
10001951,OE292243,2015-12-06 11:22:00,63XX S DIVISION ST,510,ASSAULT,AGGRAVATED: HANDGUN,CTA BUS,False,False,712,9,50.0,77.0,07,1195190.0,1887061.0,2015,2015-12-17 11:22:00,41.73226731,-87.50126302,"(41.73226731, -87.50126302)",2015,12,Sunday
10001952,MV436622,2015-11-09 07:58:00,57XX N CHICAGO AVE,650,MOTOR VEHICLE THEFT,AUTOMOBILE,"SCHOOL, PUBLIC, BUILDING",False,False,312,11,14.0,15.0,10,1187121.0,1880255.0,2015,2015-11-22 07:58:00,41.79390384,-87.68563119,"(41.79390384, -87.68563119)",2015,11,Monday
10001953,AZ495114,2021-03-07 12:48:00,84XX S ASHLAND AVE,910,VANDALISM,CRIMINAL DAMAGE,PARK PROPERTY,True,False,612,2,46.0,32.0,19,1156943.0,1924784.0,2021,2021-04-01 12:48:00,41.82233415,-87.55346503,"(41.82233415, -87.55346503)",2021,3,Sunday
10001954,QT590065,2023-05-31 15:39:00,72XX N COTTAGE GROVE AVE,265,CRIM SEXUAL ASSAULT,AGGRAVATED: OTHER,VEHICLE NON-COMMERCIAL,False,False,1811,15,19.0,70.0,12,1174984.0,1875019.0,2023,2023-06-20 15:39:00,41.86848216,-87.61682733,"(41.86848216, -87.61682733)",2023,5,Wednesday
10001955,FG638686,2021-12-05 19:38:00,51XX E PULASKI RD,2830,CRIMINAL TRESPASS,TO RESIDENCE,RETAIL STORE,False,False,412,18,48.0,51.0,01A,1192188.0,1908058.0,2021,2021-12-15 19:38:00,41.7065545,-87.52222325,"(41.7065545, -87.52222325)",2021,12,Sunday
10001956,HA147858,2023-09-11 18:16:00,7XX N MICHIGAN AVE,312,ROBBERY,ARMED: HANDGUN,VEHICLE NON-COMMERCIAL,False,False,412,15,22.0,19.0,01A,1178072.0,1884602.0,2023,2023-10-11 18:16:00,41.96813461,-87.62152267,"(41.96813461, -87.62152267)",2023,9,Monday
10001957,DA066478,2015-03-29 22:13:00,19XX S DIVISION ST,730,THEFT,SHOPLIFTING,VEHICLE NON-COMMERCIAL,True,False,521,18,34.0,77.0,15,1193929.0,1871791.0,2015,2015-04-16 22:13:00,41.90102908,-87.70669121,"(41.90102908, -87.70669121)",2015,3,Sunday
10001958,VK962909,2023-06-28 07:58:00,5XX W GRAND AVE,312,ROBBERY,ARMED: HANDGUN,RESIDENCE,False,False,1511,2,48.0,77.0,26,1196911.0,1901206.0,2023,2023-07-12 07:58:00,41.83464584,-87.79215793,"(41.83464584, -87.79215793)",2023,6,Wednesday
10001959,PH382249,2023-05-04 20:10:00,59XX E STATE ST,1240,NARCOTICS,POSS: HEROIN(WHITE),RETAIL STORE,False,False,411,3,17.0,62.0,04B,1157623.0,1868254.0,2023,2023-05-20 20:10:00,41.83455528,-87.68659419,"(41.83455528, -87.68659419)",2023,5,Thursday
10001960,PL087650,2023-01-06 16:47:00,31XX W PULASKI RD,460,BATTERY,SIMPLE,CTA BUS,True,False,1511,14,15.0,4.0,15,1174052.0,1893619.0,2023,2023-02-01 16:47:00,41.94221758,-87.60272271,"(41.94221758, -87.60272271)",2023,1,Friday
10001961,XJ877407,2018-10-11 16:08:00,36XX S PULASKI RD,740,THEFT,THEFT OVER $500,PARKING LOT / GARAGE(NON.RESID.),False,False,521,9,10.0,17.0,19,1153806.0,1859728.0,2018,2018-10-18 16:08:00,41.72933813,-87.67466344,"(41.72933813, -87.67466344)",2018,10,Thursday
10001962,TI618497,2021-12-02 16:32:00,51XX W BROADWAY,1200,NARCOTICS,POSS: CANNABIS 30GMS OR LESS,PARKING LOT / GARAGE(NON.RESID.),True,True,112,20,13.0,73.0,04B,1171597.0,1891366.0,2021,2022-01-01 16:32:00,41.87140231,-87.72161433,"(41.87140231, -87.72161433)",2021,12,Thursday
10001963,PT953233,2021-07-27 15:27:00,90XX E DIVISION ST,740,THEFT,THEFT OVER $500,CTA BUS,False,False,1121,15,37.0,21.0,13,1177506.0,1862804.0,2021,2021-08-06 15:27:00,41.88158709,-87.78795805,"(41.88158709, -87.78795805)",2021,7,Tuesday
10001964,RQ988174,2016-10-14 23:47:00,41XX S HALSTED ST,650,MOTOR VEHICLE THEFT,AUTOMOBILE,STREET,True,False,1511,18,5.0,31.0,07,1164386.0,1909820.0,2016,2016-11-05 23:47:00,41.95315785,-87.78612859,"(41.95315785, -87.78612859)",2016,10,Friday
10001965,IY411130,2023-11-14 15:36:00,73XX E CHICAGO AVE,650,MOTOR VEHICLE THEFT,AUTOMOBILE,RETAIL STORE,True,True,211,1,47.0,4.0,02,1162306.0,1893461.0,2023,2023-12-11 15:36:00,41.79811405,-87.74147164,"(41.79811405, -87.74147164)",2023,11,Tuesday
10001966,HU033249,2016-07-28 18:50:00,26XX W STATE ST,560,ASSAULT,SIMPLE,CONVENIENCE STORE,True,False,811,2,43.0,54.0,14,1174984.0,1870005.0,2016,2016-08-19 18:50:00,41.72969993,-87.67962051,"(41.72969993, -87.67962051)",2016,7,Thursday
10001967,BK044186,2021-09-12 10:21:00,84XX S DIVISION ST,740,THEFT,THEFT OVER $500,UNKNOWN,False,False,511,17,26.0,31.0,06,1191567.0,1925669.0,2021,2021-10-03 10:21:00,41.74585644,-87.53376394,"(41.74585644, -87.53376394)",2021,9,Sunday
10001968,GS060615,2022-03-17 14:01:00,36XX S CLARK ST,750,THEFT,THEFT $500 AND UNDER,HOSPITAL BUILDING/GROUNDS,False,True,1011,22,1.0,35.0,17,1161823.0,1855185.0,2022,2022-04-01 14:01:00,41.79099318,-87.62248115,"(41.79099318, -87.62248115)",2022,3,Thursday
10001969,WC422813,2023-09-24 07:58:00,2XX N NORTH AVE,486,BATTERY,DOMESTIC BATTERY AGGRAVATED,ALLEY,False,True,1711,12,41.0,6.0,08A,1151251.0,1883246.0,2023,2023-10-03 07:58:00,41.87372586,-87.66984081,"(41.87372586, -87.66984081)",2023,9,Sunday
10001970,KH766554,2019-03-14 20:06:00,42XX N CHICAGO AVE,486,BATTERY,DOMESTIC BATTERY AGGRAVATED,OTHER,False,True,1111,10,38.0,35.0,04A,1174984.0,1882808.0,2019,2019-03-27 20:06:00,41.92719892,-87.53729228,"(41.92719892, -87.53729228)",2019,3,Thursday
10001971,PV070608,2019-12-06 21:25:00,53XX W CHICAGO AVE,1200,NARCOTICS,POSS: CANNABIS 30GMS OR LESS,CTA BUS,False,False,321,5,45.0,68.0,02,1171894.0,1874966.0,2019,2019-12-07 21:25:00,41.85499946,-87.53234159,"(41.85499946, -87.53234159)",2019,12,Friday
10001972,UW561978,2022-09-25 16:42:00,48XX N DIVISION ST,750,THEFT,THEFT $500 AND UNDER,PARKING LOT / GARAGE(NON.RESID.),True,False,1022,3,26.0,44.0,04B,1199879.0,1877745.0,2022,2022-09-26 16:42:00,41.81351806,-87.70032839,"(41.81351806, -87.70032839)",2022,9,Sunday
10001973,YD011196,2016-05-16 10:33:00,96XX S GRAND AVE,610,BURGLARY,FORCIBLE ENTRY,GROCERY FOOD STORE,False,False,112,22,18.0,70.0,02,1184288.0,1926893.0,2016,2016-05-19 10:33:00,41.80284934,-87.52754767,"(41.80284934, -87.52754767)",2016,5,Monday
10001974,EE610980,2023-02-02 22:24:00,14XX S MADISON ST,750,THEFT,THEFT $500 AND UNDER,RETAIL STORE,False,False,712,7,6.0,29.0,04B,1175542.0,1899910.0,2023,2023-02-23 22:24:00,41.82984266,-87.651374465,"(41.82984266, -87.77931297)",2023,2,Thursday
10001975,GS928015,2023-03-19 17:36:00,75XX E BROADWAY,5003,PUBLIC PEACE VIOLATION,DISORDERLY CONDUCT,VEHICLE NON-COMMERCIAL,True,False,521,19,43.0,66.0,07,1183052.0,1875131.0,2023,2023-04-13 17:36:00,41.96986314,-87.79480963,"(41.96986314, -87.79480963)",2023,3,Sunday
10001976,DO801150,2015-11-25 11:33:00,8XX W PULASKI RD,750,THEFT,THEFT $500 AND UNDER,HOSPITAL BUILDING/GROUNDS,False,False,1211,15,18.0,23.0,14,1187649.0,1892652.0,2015,2015-12-10 11:33:00,41.86548683,-87.784352,"(41.86548683, -87.784352)",2015,11,Wednesday
10001977,LW299016,2019-02-11 17:41:00,83XX N MADISON ST,730,THEFT,SHOPLIFTING,CTA TRAIN,True,False,312,2,30.0,63.0,10,1171542.0,1922523.0,2019,2019-03-07 17:41:00,41.85696632,-87.50359718,"(41.85696632, -87.50359718)",2019,2,Monday
10001978,OO298621,2017-11-27 21:43:00,84XX N CHICAGO AVE,1020,WEAPONS VIOLATION,UNLAWFUL POSS OF HANDGUN,RESTAURANT,False,False,212,24,41.0,55.0,05,1163950.0,1907162.0,2017,2017-11-30 21:43:00,41.86715186,-87.76671452,"(41.86715186, -87.76671452)",2017,11,Monday
10001979,XP931026,2016-04-22 16:29:00,42XX E FULLERTON AVE,1200,NARCOTICS,POSS: CANNABIS 30GMS OR LESS,GAS STATION,True,False,2011,2,6.0,3.0,11,1177578.0,1905868.0,2016,2016-04-24 16:29:00,41.92925264,-87.73072573,"(41.92925264, -87.73072573)",2016,4,Friday
10001980,BY056185,2022-05-01 18:41:00,21XX N CHICAGO AVE,560,ASSAULT,SIMPLE,RESTAURANT,False,False,911,5,32.0,22.0,04A,1167214.0,1905523.0,2022,2022-05-17 18:41:00,41.69852583,-87.51728388,"(41.69852583, -87.51728388)",2022,5,Sunday
10001981,FR332396,2020-10-30 02:29:00,78XX E NORTH AVE,1310,NARCOTICS,POSS: COCAINE,VEHICLE NON-COMMERCIAL,True,False,211,3,4.0,76.0,14,1183612.0,1868364.0,2020,2020-11-27 02:29:00,41.76612817,-87.69756718,"(41.76612817, -87.69756718)",2020,10,Friday
10001982,NK283273,2022-08-25 23:22:00,29XX S DIVISION ST,730,THEFT,SHOPLIFTING,GROCERY FOOD STORE,True,False,812,2,34.0,9.0,16,1186536.0,1886431.0,2022,2022-09-10 23:22:00,41.98269803,-87.79631422,"(41.98269803, -87.79631422)",2022,8,Thursday
10001983,FP424067,2021-10-30 19:19:00,13XX W CHICAGO AVE,610,BURGLARY,FORCIBLE ENTRY,CTA TRAIN,False,False,1211,6,31.0,41.0,18,1199963.0,1877975.0,2021,2021-11-27 19:19:00,41.86860686,-87.78116986,"(41.86860686, -87.78116986)",2021,10,Saturday
10001984,FL999118,2019-01-17 11:54:00,18XX S BROADWAY,460,BATTERY,SIMPLE,RETAIL STORE,True,False,312,6,34.0,25.0,03,1176072.0,1896699.0,2019,2019-02-11 11:54:00,41.73148056,-87.79029469,"(41.73148056, -87.79029469)",2019,1,Thursday
10001985,AU860482,2019-12-15 20:52:00,92XX W GRAND AVE,460,BATTERY,SIMPLE,CTA BUS,True,False,2011,9,40.0,13.0,17,1190909.0,1858945.0,2019,2020-01-08 20:52:00,41.73214615,-87.63012319,"(41.73214615, -87.63012319)",2019,12,Sunday
10001986,TQ931423,2019-12-12 17:58:00,92XX N NORTH AVE,910,VANDALISM,CRIMINAL DAMAGE,PARK PROPERTY,False,False,1511,16,10.0,16.0,01A,1197146.0,1888700.0,2019,2019-12-13 17:58:00,41.88438223,-87.58977756,"(41.88438223, -87.58977756)",2019,12,Thursday
10001987,YC418976,2019-02-07 12:39:00,69XX N CHICAGO AVE,610,BURGLARY,FORCIBLE ENTRY,UNKNOWN,False,False,1411,11,36.0,49.0,05,1199985.0,1859589.0,2019,2019-02-13 12:39:00,41.97592114,-87.7127551,"(41.97592114, -87.7127551)",2019,2,Thursday
10001988,IS141394,2018-05-03 03:08:00,70XX E HALSTED ST,730,THEFT,SHOPLIFTING,CTA BUS,False,False,1611,18,3.0,14.0,01A,1174406.0,1898395.0,2018,2018-05-13 03:08:00,41.83496938,-87.5656136,"(41.83496938, -87.5656136)",2018,5,Thursday
10001989,UF493777,2018-05-29 05:55:00,59XX N WESTERN AVE,910,VANDALISM,CRIMINAL DAMAGE,SIDEWALK,True,False,321,14,16.0,21.0,17,1192107.0,1908907.0,2018,2018-06-25 05:55:00,41.84192085,-87.77133714,"(41.84192085, -87.77133714)",2018,5,Tuesday
10001990,BS181646,2019-07-02 13:06:00,15XX S GRAND AVE,1240,NARCOTICS,POSS: HEROIN(WHITE),UNKNOWN,True,False,1811,9,5.0,56.0,05,1152716.0,1867216.0,2019,2019-07-27 13:06:00,41.79907466,-87.65210427,"(41.79907466, -87.65210427)",2019,7,Tuesday
10001991,AC754202,2021-05-13 17:35:00,45XX N ASHLAND AVE,560,ASSAULT,SIMPLE,BAR OR TAVERN,False,False,1511,9,10.0,56.0,16,1163987.0,1875923.0,2021,2021-06-09 17:35:00,41.93737207,-87.64993477,"(41.93737207, -87.64993477)",2021,5,Thursday
10001992,NX210918,2016-05-29 19:58:00,75XX S DIVISION ST,650,MOTOR VEHICLE THEFT,AUTOMOBILE,APARTMENT,False,False,911,19,7.0,19.0,20,1178138.0,1897267.0,2016,2016-06-14 19:58:00,41.90542447,-87.63098609,"(41.90542447, -87.63098609)",2016,5,Sunday
10001993,UL021264,2018-12-10 09:36:00,21XX W DIVISION ST,460,BATTERY,SIMPLE,RESTAURANT,False,False,1511,19,45.0,28.0,08B,1157840.0,1910346.0,2018,2019-01-05 09:36:00,41.83014396,-87.51865341,"(41.83014396, -87.51865341)",2018,12,Monday
10001994,XB174632,2023-02-21 15:27:00,52XX W NORTH AVE,910,VANDALISM,CRIMINAL DAMAGE,CTA TRAIN,False,False,1711,17,26.0,40.0,01A,1155885.0,1856369.0,2023,2023-03-02 15:27:00,41.80516856,-87.50310227,"(41.80516856, -87.50310227)",2023,2,Tuesday
10001995,FY701589,2019-10-24 17:55:00,3XX E BROADWAY,320,ROBBERY,STRONGARM - NO WEAPON,RETAIL STORE,False,False,511,12,44.0,1.0,09,1158581.0,1868140.0,2019,2019-11-12 17:55:00,41.89465272,-87.75585518,"(41.89465272, -87.75585518)",2019,10,Thursday
10001996,JK662057,2017-11-26 19:33:00,58XX E WESTERN AVE,5003,PUBLIC PEACE VIOLATION,DISORDERLY CONDUCT,GAS STATION,False,False,112,2,10.0,28.0,12,1165287.0,1909280.0,2017,2017-12-12 19:33:00,41.70292279,-87.70151304,"(41.70292279, -87.70151304)",2017,11,Sunday
10001997,TK235094,2019-08-26 11:36:00,92XX N BROADWAY,486,BATTERY,DOMESTIC BATTERY AGGRAVATED,ALLEY,True,True,411,24,16.0,74.0,08A,1169713.0,1863294.0,2019,2019-09-08 11:36:00,41.85647908,-87.76399418,"(41.85647908, -87.76399418)",2019,8,Monday
10001998,JS932669,2021-12-09 08:24:00,95XX N NORTH AVE,486,BATTERY,DOMESTIC BATTERY AGGRAVATED,RESIDENCE,False,True,212,10,15.0,36.0,20,1153252.0,1874161.0,2021,2021-12-14 08:24:00,41.92631191,-87.5028978,"(41.92631191, -87.5028978)",2021,12,Thursday
10001999,GO547582,2016-11-29 21:45:00,9XX S STATE ST,750,THEFT,THEFT $500 AND UNDER,GAS STATION,False,False,111,17,28.0,63.0,20,1176940.0,1895179.0,2016,2016-12-16 21:45:00,41.96806636,-87.55910035,"(41.96806636, -87.55910035)",2016,11,Tuesday
